{
    "dataset": "Report(Bertelegni2023)",
    "gap_parameters": {
        "gap_type": "overlap",
        "perc": "0.0 %",
        "length": 12,
        "seed": 2023
    },
    "algorithm": "Nonstationary_Transformer",
    "algorithm_parameters": {
        "n_layers": 1,
        "d_model": 128,
        "d_ffn": 256,
        "n_heads": 4,
        "n_projector_hidden_layers": 2,
        "d_projector_hidden": [
            128,
            128
        ],
        "dropout": 0.3,
        "epochs": 100,
        "batch_size": 32,
        "ORT_weight": 1,
        "MIT_weight": 1,
        "num_workers": 0,
        "patience": 10,
        "lr": 0.003947660496431522,
        "device": "cuda"
    },
    "metrics": {
        "Missing value percentage": 1.562714187799863,
        "Missing value percentage between 4 and 9": 0.273224043715847,
        "Mean absolute error": 0.12378890444680221,
        "Mean square error": 0.02553912093295,
        "Root mean square error": 0.1598096396746767,
        "Mean relative error": 0.29054763882511037,
        "Euclidean Distance": 1.107193661823272,
        "r2 score": 0.902921437654366,
        "Execution Time": 13.532768249511719
    },
    "vintage_score": {
        "original": {
            "Tmean_apr_sep": 20.354001429188713,
            "Tmin_aug_sep": 16.15245901639344,
            "prec_jun_sep": 125.0,
            "vintage_score": -4.14670757438347
        },
        "missing": {
            "Tmean_apr_sep": 20.354973976677655,
            "Tmin_aug_sep": 16.17868852459016,
            "prec_jun_sep": 125.0,
            "vintage_score": -4.162549776100519
        },
        "filled": {
            "Tmean_apr_sep": 20.300054511780303,
            "Tmin_aug_sep": 16.17868852459016,
            "prec_jun_sep": 124.98071773894216,
            "vintage_score": -3.875475119449817
        },
        "Deviation missing": 0.38204289627065946,
        "Deviation filled": 6.540911073865139,
        "Improvement": -6.15886817759448
    }
}