{
    "dataset": "Report(Bertelegni2023)",
    "gap_parameters": {
        "gap_type": "overlap",
        "perc": "100.0 %",
        "length": 6,
        "seed": 2023
    },
    "algorithm": "Nonstationary_Transformer",
    "algorithm_parameters": {
        "n_layers": 1,
        "d_model": 128,
        "d_ffn": 256,
        "n_heads": 4,
        "n_projector_hidden_layers": 2,
        "d_projector_hidden": [
            128,
            128
        ],
        "dropout": 0.3,
        "epochs": 100,
        "batch_size": 32,
        "ORT_weight": 1,
        "MIT_weight": 1,
        "num_workers": 0,
        "patience": 10,
        "lr": 0.003947660496431522,
        "device": "cuda"
    },
    "metrics": {
        "Missing value percentage": 1.4804660726525016,
        "Missing value percentage between 4 and 9": 0.1366120218579235,
        "Mean absolute error": 0.1706629343377647,
        "Mean square error": 0.04446528004322753,
        "Root mean square error": 0.2108679208491124,
        "Mean relative error": 0.22859399003221806,
        "Euclidean Distance": 1.0330376184038532,
        "r2 score": 0.8254434676060107,
        "Execution Time": 13.055377721786499
    },
    "vintage_score": {
        "original": {
            "Tmean_apr_sep": 20.354001429188713,
            "Tmin_aug_sep": 16.15245901639344,
            "prec_jun_sep": 125.0,
            "vintage_score": -4.14670757438347
        },
        "missing": {
            "Tmean_apr_sep": 20.347952552443118,
            "Tmin_aug_sep": 16.15245901639344,
            "prec_jun_sep": 125.0,
            "vintage_score": -4.1149108870538385
        },
        "filled": {
            "Tmean_apr_sep": 20.307405232616876,
            "Tmin_aug_sep": 16.15245901639344,
            "prec_jun_sep": 125.01210546627024,
            "vintage_score": -3.903135375738003
        },
        "Deviation missing": 0.7667935768139831,
        "Deviation filled": 5.873869673138956,
        "Improvement": -5.107076096324973
    }
}