{
    "dataset": "Report(Bertelegni2023)",
    "gap_parameters": {
        "gap_type": "overlap",
        "perc": "100.0 %",
        "length": 12,
        "seed": 2025
    },
    "algorithm": "Nonstationary_Transformer",
    "algorithm_parameters": {
        "n_layers": 1,
        "d_model": 128,
        "d_ffn": 256,
        "n_heads": 4,
        "n_projector_hidden_layers": 2,
        "d_projector_hidden": [
            128,
            128
        ],
        "dropout": 0.3,
        "epochs": 100,
        "batch_size": 32,
        "ORT_weight": 1,
        "MIT_weight": 1,
        "num_workers": 0,
        "patience": 10,
        "lr": 0.003947660496431522,
        "device": "cuda"
    },
    "metrics": {
        "Missing value percentage": 1.562714187799863,
        "Missing value percentage between 4 and 9": 0.273224043715847,
        "Mean absolute error": 0.34323181146158355,
        "Mean square error": 0.18107508646894158,
        "Root mean square error": 0.4255291840390522,
        "Mean relative error": 0.3986250097019414,
        "Euclidean Distance": 2.948152667435894,
        "r2 score": 0.46371344914698354,
        "Execution Time": 13.451093435287476
    },
    "vintage_score": {
        "original": {
            "Tmean_apr_sep": 20.354001429188713,
            "Tmin_aug_sep": 16.15245901639344,
            "prec_jun_sep": 125.0,
            "vintage_score": -4.14670757438347
        },
        "missing": {
            "Tmean_apr_sep": 20.37561865531414,
            "Tmin_aug_sep": 16.26229508196721,
            "prec_jun_sep": 125.0,
            "vintage_score": -4.305659316513385
        },
        "filled": {
            "Tmean_apr_sep": 20.323125895200935,
            "Tmin_aug_sep": 16.2198314345327,
            "prec_jun_sep": 124.91905665176401,
            "vintage_score": -4.011915510235269
        },
        "Deviation missing": 3.8332035543535468,
        "Deviation filled": 3.2505804118160264,
        "Improvement": 0.5826231425375203
    }
}