{
    "dataset": "Report(Bertelegni2023)",
    "gap_parameters": {
        "gap_type": "overlap",
        "perc": "0.0 %",
        "length": 48,
        "seed": 2023
    },
    "algorithm": "Nonstationary_Transformer",
    "algorithm_parameters": {
        "n_layers": 1,
        "d_model": 128,
        "d_ffn": 256,
        "n_heads": 4,
        "n_projector_hidden_layers": 2,
        "d_projector_hidden": [
            128,
            128
        ],
        "dropout": 0.3,
        "epochs": 100,
        "batch_size": 32,
        "ORT_weight": 1,
        "MIT_weight": 1,
        "num_workers": 0,
        "patience": 10,
        "lr": 0.003947660496431522,
        "device": "cuda"
    },
    "metrics": {
        "Missing value percentage": 2.0562028786840303,
        "Missing value percentage between 4 and 9": 1.092896174863388,
        "Mean absolute error": 0.1336095158945944,
        "Mean square error": 0.03212210640487039,
        "Root mean square error": 0.17922641101375208,
        "Mean relative error": 0.27804329312005593,
        "Euclidean Distance": 2.483433999472333,
        "r2 score": 0.9000274544903153,
        "Execution Time": 13.180463075637817
    },
    "vintage_score": {
        "original": {
            "Tmean_apr_sep": 20.354001429188713,
            "Tmin_aug_sep": 16.15245901639344,
            "prec_jun_sep": 125.0,
            "vintage_score": -4.14670757438347
        },
        "missing": {
            "Tmean_apr_sep": 20.365752658042624,
            "Tmin_aug_sep": 16.31,
            "prec_jun_sep": 125.0,
            "vintage_score": -4.273039935105288
        },
        "filled": {
            "Tmean_apr_sep": 20.306142501853806,
            "Tmin_aug_sep": 16.206773537651895,
            "prec_jun_sep": 126.05567399236614,
            "vintage_score": -3.926002085234927
        },
        "Deviation missing": 3.046570283910153,
        "Deviation filled": 5.3224271350110115,
        "Improvement": -2.2758568511008583
    }
}