{
    "dataset": "Report(Bertelegni2023)",
    "gap_parameters": {
        "gap_type": "overlap",
        "perc": "100.0 %",
        "length": 24,
        "seed": 2024
    },
    "algorithm": "Nonstationary_Transformer",
    "algorithm_parameters": {
        "n_layers": 1,
        "d_model": 128,
        "d_ffn": 256,
        "n_heads": 4,
        "n_projector_hidden_layers": 2,
        "d_projector_hidden": [
            128,
            128
        ],
        "dropout": 0.3,
        "epochs": 100,
        "batch_size": 32,
        "ORT_weight": 1,
        "MIT_weight": 1,
        "num_workers": 0,
        "patience": 10,
        "lr": 0.003947660496431522,
        "device": "cuda"
    },
    "metrics": {
        "Missing value percentage": 1.7272104180945853,
        "Missing value percentage between 4 and 9": 0.546448087431694,
        "Mean absolute error": 0.10216910677173953,
        "Mean square error": 0.021801659534460296,
        "Root mean square error": 0.14765385038819778,
        "Mean relative error": 0.09178842904231928,
        "Euclidean Distance": 1.4467063680333374,
        "r2 score": 0.9632824870448343,
        "Execution Time": 13.869103193283081
    },
    "vintage_score": {
        "original": {
            "Tmean_apr_sep": 20.354001429188713,
            "Tmin_aug_sep": 16.15245901639344,
            "prec_jun_sep": 125.0,
            "vintage_score": -4.14670757438347
        },
        "missing": {
            "Tmean_apr_sep": 20.337084307148643,
            "Tmin_aug_sep": 16.15245901639344,
            "prec_jun_sep": 125.0,
            "vintage_score": -4.057905418629332
        },
        "filled": {
            "Tmean_apr_sep": 20.32952921525865,
            "Tmin_aug_sep": 16.15245901639344,
            "prec_jun_sep": 125.24022474128262,
            "vintage_score": -4.020034288518275
        },
        "Deviation missing": 2.1415099608836274,
        "Deviation filled": 3.0547918702472914,
        "Improvement": -0.9132819093636639
    }
}