{
    "dataset": "Report(Bertelegni2023)",
    "gap_parameters": {
        "gap_type": "overlap",
        "perc": "100.0 %",
        "length": 48,
        "seed": 2023
    },
    "algorithm": "Nonstationary_Transformer",
    "algorithm_parameters": {
        "n_layers": 1,
        "d_model": 128,
        "d_ffn": 256,
        "n_heads": 4,
        "n_projector_hidden_layers": 2,
        "d_projector_hidden": [
            128,
            128
        ],
        "dropout": 0.3,
        "epochs": 100,
        "batch_size": 32,
        "ORT_weight": 1,
        "MIT_weight": 1,
        "num_workers": 0,
        "patience": 10,
        "lr": 0.003947660496431522,
        "device": "cuda"
    },
    "metrics": {
        "Missing value percentage": 2.0562028786840303,
        "Missing value percentage between 4 and 9": 1.092896174863388,
        "Mean absolute error": 0.23156220352777498,
        "Mean square error": 0.08239837822746206,
        "Root mean square error": 0.2870511770180747,
        "Mean relative error": 0.4818842220923283,
        "Euclidean Distance": 3.9774977837420344,
        "r2 score": 0.7435543138596861,
        "Execution Time": 13.9058837890625
    },
    "vintage_score": {
        "original": {
            "Tmean_apr_sep": 20.354001429188713,
            "Tmin_aug_sep": 16.15245901639344,
            "prec_jun_sep": 125.0,
            "vintage_score": -4.14670757438347
        },
        "missing": {
            "Tmean_apr_sep": 20.365752658042624,
            "Tmin_aug_sep": 16.31,
            "prec_jun_sep": 125.0,
            "vintage_score": -4.273039935105288
        },
        "filled": {
            "Tmean_apr_sep": 20.322672139099325,
            "Tmin_aug_sep": 16.236944752491407,
            "prec_jun_sep": 125.79311812981928,
            "vintage_score": -4.0225919784599
        },
        "Deviation missing": 3.046570283910153,
        "Deviation filled": 2.9931118531314147,
        "Improvement": 0.053458430778738464
    }
}