{
    "dataset": "UCB1_lai_field_timeseries",
    "gap_parameters": {
        "gap_type": "custom_single",
        "seed": 2024
    },
    "algorithm": "CDMissingValueRecovery",
    "algorithm_parameters": {
        "truncation": 2,
        "eps": 0.001456345164619781
    },
    "metrics": {
        "Missing value percentage": 14.015151515151516,
        "Mean absolute error": 0.10668556938435543,
        "Mean square error": 0.015315447424519424,
        "Root mean square error": 0.12375559552811916,
        "Mean relative error": 0.23023289472079714,
        "Euclidean Distance": 0.2767259241968711,
        "r2 score": 0.9503693386311937,
        "Execution Time": 0.14661550521850586
    }
}