{
    "dataset": "Report(Torrevilla2023)",
    "gap_parameters": {
        "gap_type": "overlap",
        "perc": "50.0 %",
        "length": 24,
        "seed": 2024
    },
    "algorithm": "Nonstationary_Transformer",
    "algorithm_parameters": {
        "n_layers": 2,
        "d_model": 32,
        "d_ffn": 64,
        "n_heads": 4,
        "n_projector_hidden_layers": 2,
        "d_projector_hidden": [
            64,
            64
        ],
        "dropout": 0.2,
        "epochs": 100,
        "batch_size": 32,
        "ORT_weight": 1,
        "MIT_weight": 1,
        "num_workers": 0,
        "patience": 10,
        "lr": 0.007037859132857435,
        "device": "cuda"
    },
    "metrics": {
        "Missing value percentage": 0.5860178204249485,
        "Missing value percentage between 4 and 9": 0.546448087431694,
        "Mean absolute error": 0.2823394726590012,
        "Mean square error": 0.2346330107928915,
        "Root mean square error": 0.4843893173810623,
        "Mean relative error": 0.27832475958092384,
        "Euclidean Distance": 4.746026657754654,
        "r2 score": 0.5069297534642055,
        "Execution Time": 17.50572657585144
    },
    "vintage_score": {
        "original": {
            "Tmean_apr_sep": 20.869581056466302,
            "Tmin_aug_sep": 17.044262295081968,
            "prec_jun_sep": 144.89999999999998,
            "vintage_score": -7.541854756514482
        },
        "missing": {
            "Tmean_apr_sep": 20.859688069216755,
            "Tmin_aug_sep": 17.044262295081968,
            "prec_jun_sep": 141.89999999999998,
            "vintage_score": -7.462196191659245
        },
        "filled": {
            "Tmean_apr_sep": 20.856603845374106,
            "Tmin_aug_sep": 17.02607254623811,
            "prec_jun_sep": 141.92391331872832,
            "vintage_score": -7.436587007814637
        },
        "Deviation missing": 1.056219821608595,
        "Deviation filled": 1.3957806414783698,
        "Improvement": -0.3395608198697748
    }
}