{
    "dataset": "Report(Torrevilla2023)",
    "gap_parameters": {
        "gap_type": "overlap",
        "perc": "0.0 %",
        "length": 48,
        "seed": 2024
    },
    "algorithm": "Nonstationary_Transformer",
    "algorithm_parameters": {
        "n_layers": 2,
        "d_model": 32,
        "d_ffn": 64,
        "n_heads": 4,
        "n_projector_hidden_layers": 2,
        "d_projector_hidden": [
            64,
            64
        ],
        "dropout": 0.2,
        "epochs": 100,
        "batch_size": 32,
        "ORT_weight": 1,
        "MIT_weight": 1,
        "num_workers": 0,
        "patience": 10,
        "lr": 0.007037859132857435,
        "device": "cuda"
    },
    "metrics": {
        "Missing value percentage": 0.9150102810143934,
        "Missing value percentage between 4 and 9": 1.092896174863388,
        "Mean absolute error": 0.10201033008399384,
        "Mean square error": 0.019111066816510713,
        "Root mean square error": 0.13824278214977703,
        "Mean relative error": 0.13715081032027054,
        "Euclidean Distance": 1.9155481797047225,
        "r2 score": 0.9486478410423769,
        "Execution Time": 17.308846473693848
    },
    "vintage_score": {
        "original": {
            "Tmean_apr_sep": 20.869581056466302,
            "Tmin_aug_sep": 17.044262295081968,
            "prec_jun_sep": 144.89999999999998,
            "vintage_score": -7.541854756514482
        },
        "missing": {
            "Tmean_apr_sep": 20.842032967032967,
            "Tmin_aug_sep": 17.008333333333336,
            "prec_jun_sep": 144.89999999999998,
            "vintage_score": -7.363467534847899
        },
        "filled": {
            "Tmean_apr_sep": 20.864588082043802,
            "Tmin_aug_sep": 17.018730423436654,
            "prec_jun_sep": 144.42675277029826,
            "vintage_score": -7.498395200522282
        },
        "Deviation missing": 2.365296434706541,
        "Deviation filled": 0.5762449343732167,
        "Improvement": 1.7890515003333243
    }
}