{
    "dataset": "Report(Torrevilla2023)",
    "gap_parameters": {
        "gap_type": "overlap",
        "perc": "100.0 %",
        "length": 24,
        "seed": 2023
    },
    "algorithm": "Nonstationary_Transformer",
    "algorithm_parameters": {
        "n_layers": 2,
        "d_model": 32,
        "d_ffn": 64,
        "n_heads": 4,
        "n_projector_hidden_layers": 2,
        "d_projector_hidden": [
            64,
            64
        ],
        "dropout": 0.2,
        "epochs": 100,
        "batch_size": 32,
        "ORT_weight": 1,
        "MIT_weight": 1,
        "num_workers": 0,
        "patience": 10,
        "lr": 0.007037859132857435,
        "device": "cuda"
    },
    "metrics": {
        "Missing value percentage": 0.5860178204249485,
        "Missing value percentage between 4 and 9": 0.546448087431694,
        "Mean absolute error": 0.2970588887167436,
        "Mean square error": 0.11606394300703791,
        "Root mean square error": 0.3406815859523933,
        "Mean relative error": 0.7168698448711991,
        "Euclidean Distance": 3.337984201381989,
        "r2 score": 0.5202688126361699,
        "Execution Time": 18.78854990005493
    },
    "vintage_score": {
        "original": {
            "Tmean_apr_sep": 20.869581056466302,
            "Tmin_aug_sep": 17.044262295081968,
            "prec_jun_sep": 144.89999999999998,
            "vintage_score": -7.541854756514482
        },
        "missing": {
            "Tmean_apr_sep": 20.8824043715847,
            "Tmin_aug_sep": 17.142622950819668,
            "prec_jun_sep": 144.89999999999998,
            "vintage_score": -7.658624466284493
        },
        "filled": {
            "Tmean_apr_sep": 20.887008038918914,
            "Tmin_aug_sep": 17.103831758094334,
            "prec_jun_sep": 144.24183641667645,
            "vintage_score": -7.665746090539301
        },
        "Deviation missing": 1.5482890288910474,
        "Deviation filled": 1.6427170507069815,
        "Improvement": -0.09442802181593413
    }
}