{
    "dataset": "Report(Barbieri2023)",
    "gap_parameters": {
        "gap_type": "overlap",
        "perc": "50.0 %",
        "length": 48,
        "seed": 2025
    },
    "algorithm": "Autoformer",
    "algorithm_parameters": {
        "n_layers": 2,
        "d_model": 64,
        "d_ffn": 64,
        "n_heads": 2,
        "factor": 3,
        "moving_avg_window_size": 25,
        "dropout": 0,
        "epochs": 100,
        "batch_size": 32,
        "ORT_weight": 1,
        "MIT_weight": 1,
        "num_workers": 0,
        "patience": 10,
        "lr": 0.0010085436428869498,
        "device": "cuda"
    },
    "metrics": {
        "Missing value percentage": 6.024674434544209,
        "Missing value percentage between 4 and 9": 1.092896174863388,
        "Mean absolute error": 1.1687236843928863,
        "Mean square error": 1.9678005742969875,
        "Root mean square error": 1.4027831529844474,
        "Mean relative error": 0.9455477140892935,
        "Euclidean Distance": 19.437533543765873,
        "r2 score": -1.711301121508551,
        "Execution Time": 8.990306377410889
    },
    "vintage_score": {
        "original": {
            "Tmean_apr_sep": 21.284699453551912,
            "Tmin_aug_sep": 18.38196721311475,
            "prec_jun_sep": 132.3,
            "vintage_score": -10.593158555185312
        },
        "missing": {
            "Tmean_apr_sep": 21.213792457542457,
            "Tmin_aug_sep": 18.274999999999995,
            "prec_jun_sep": 127.0,
            "vintage_score": -10.053526803314128
        },
        "filled": {
            "Tmean_apr_sep": 21.1556818357802,
            "Tmin_aug_sep": 17.78162944125441,
            "prec_jun_sep": 127.01989442157137,
            "vintage_score": -9.480663826436796
        },
        "Deviation missing": 5.09415344875619,
        "Deviation filled": 10.50201149121811,
        "Improvement": -5.407858042461919
    }
}