{
    "dataset": "Report(Barbieri2023)",
    "gap_parameters": {
        "gap_type": "overlap",
        "perc": "0.0 %",
        "length": 24,
        "seed": 2023
    },
    "algorithm": "Autoformer",
    "algorithm_parameters": {
        "n_layers": 2,
        "d_model": 64,
        "d_ffn": 64,
        "n_heads": 2,
        "factor": 3,
        "moving_avg_window_size": 25,
        "dropout": 0,
        "epochs": 100,
        "batch_size": 32,
        "ORT_weight": 1,
        "MIT_weight": 1,
        "num_workers": 0,
        "patience": 10,
        "lr": 0.0010085436428869498,
        "device": "cuda"
    },
    "metrics": {
        "Missing value percentage": 5.6956819739547635,
        "Missing value percentage between 4 and 9": 0.546448087431694,
        "Mean absolute error": 0.15375293111829305,
        "Mean square error": 0.04397434036361326,
        "Root mean square error": 0.2097005969557866,
        "Mean relative error": 0.38775662373623404,
        "Euclidean Distance": 2.0546378451948453,
        "r2 score": 0.782559665902322,
        "Execution Time": 8.53883171081543
    },
    "vintage_score": {
        "original": {
            "Tmean_apr_sep": 21.284699453551912,
            "Tmin_aug_sep": 18.38196721311475,
            "prec_jun_sep": 132.3,
            "vintage_score": -10.593158555185312
        },
        "missing": {
            "Tmean_apr_sep": 21.296205221615057,
            "Tmin_aug_sep": 18.5,
            "prec_jun_sep": 132.3,
            "vintage_score": -10.716582835392103
        },
        "filled": {
            "Tmean_apr_sep": 21.278056086875416,
            "Tmin_aug_sep": 18.345788544473287,
            "prec_jun_sep": 133.10761553710273,
            "vintage_score": -10.540636693639698
        },
        "Deviation missing": 1.1651320006569272,
        "Deviation filled": 0.4958092647438449,
        "Improvement": 0.6693227359130823
    }
}