{
    "dataset": "Report(Barbieri2023)",
    "gap_parameters": {
        "gap_type": "overlap",
        "perc": "100.0 %",
        "length": 48,
        "seed": 2023
    },
    "algorithm": "Autoformer",
    "algorithm_parameters": {
        "n_layers": 2,
        "d_model": 64,
        "d_ffn": 64,
        "n_heads": 2,
        "factor": 3,
        "moving_avg_window_size": 25,
        "dropout": 0,
        "epochs": 100,
        "batch_size": 32,
        "ORT_weight": 1,
        "MIT_weight": 1,
        "num_workers": 0,
        "patience": 10,
        "lr": 0.0010085436428869498,
        "device": "cuda"
    },
    "metrics": {
        "Missing value percentage": 6.024674434544209,
        "Missing value percentage between 4 and 9": 1.092896174863388,
        "Mean absolute error": 0.2845034668546647,
        "Mean square error": 0.1374868258445385,
        "Root mean square error": 0.3707921599016604,
        "Mean relative error": 0.6470109967835045,
        "Euclidean Distance": 5.137846879983046,
        "r2 score": 0.3765612261430169,
        "Execution Time": 8.437649250030518
    },
    "vintage_score": {
        "original": {
            "Tmean_apr_sep": 21.284699453551912,
            "Tmin_aug_sep": 18.38196721311475,
            "prec_jun_sep": 132.3,
            "vintage_score": -10.593158555185312
        },
        "missing": {
            "Tmean_apr_sep": 21.29297161172161,
            "Tmin_aug_sep": 18.52166666666666,
            "prec_jun_sep": 132.3,
            "vintage_score": -10.70430082876888
        },
        "filled": {
            "Tmean_apr_sep": 21.25584723819136,
            "Tmin_aug_sep": 18.249591095780197,
            "prec_jun_sep": 134.10443401556904,
            "vintage_score": -10.363828474110846
        },
        "Deviation missing": 1.0491891819099006,
        "Deviation filled": 2.1648885918186243,
        "Improvement": -1.1156994099087236
    }
}