{
    "dataset": "Report(Barbieri2023)",
    "gap_parameters": {
        "gap_type": "overlap",
        "perc": "50.0 %",
        "length": 6,
        "seed": 2025
    },
    "algorithm": "Autoformer",
    "algorithm_parameters": {
        "n_layers": 2,
        "d_model": 64,
        "d_ffn": 64,
        "n_heads": 2,
        "factor": 3,
        "moving_avg_window_size": 25,
        "dropout": 0,
        "epochs": 100,
        "batch_size": 32,
        "ORT_weight": 1,
        "MIT_weight": 1,
        "num_workers": 0,
        "patience": 10,
        "lr": 0.0010085436428869498,
        "device": "cuda"
    },
    "metrics": {
        "Missing value percentage": 5.44893762851268,
        "Missing value percentage between 4 and 9": 0.1366120218579235,
        "Mean absolute error": 0.9021830791261573,
        "Mean square error": 1.104146757845979,
        "Root mean square error": 1.0507838778007488,
        "Mean relative error": 0.7933672167475475,
        "Euclidean Distance": 5.147768661109841,
        "r2 score": -1.2420977889459448,
        "Execution Time": 8.512250185012817
    },
    "vintage_score": {
        "original": {
            "Tmean_apr_sep": 21.284699453551912,
            "Tmin_aug_sep": 18.38196721311475,
            "prec_jun_sep": 132.3,
            "vintage_score": -10.593158555185312
        },
        "missing": {
            "Tmean_apr_sep": 21.287715267428382,
            "Tmin_aug_sep": 18.38196721311475,
            "prec_jun_sep": 132.3,
            "vintage_score": -10.612841775918639
        },
        "filled": {
            "Tmean_apr_sep": 21.271471855280673,
            "Tmin_aug_sep": 18.19499207872691,
            "prec_jun_sep": 132.3319903013809,
            "vintage_score": -10.43073945902347
        },
        "Deviation missing": 0.18581068744309906,
        "Deviation filled": 1.5332452102525878,
        "Improvement": -1.3474345228094886
    }
}