{
    "dataset": "Report(Barbieri2023)",
    "gap_parameters": {
        "gap_type": "overlap",
        "perc": "50.0 %",
        "length": 48,
        "seed": 2023
    },
    "algorithm": "Autoformer",
    "algorithm_parameters": {
        "n_layers": 2,
        "d_model": 64,
        "d_ffn": 64,
        "n_heads": 2,
        "factor": 3,
        "moving_avg_window_size": 25,
        "dropout": 0,
        "epochs": 100,
        "batch_size": 32,
        "ORT_weight": 1,
        "MIT_weight": 1,
        "num_workers": 0,
        "patience": 10,
        "lr": 0.0010085436428869498,
        "device": "cuda"
    },
    "metrics": {
        "Missing value percentage": 6.024674434544209,
        "Missing value percentage between 4 and 9": 1.092896174863388,
        "Mean absolute error": 0.25101800844523653,
        "Mean square error": 0.12414085054428475,
        "Root mean square error": 0.35233627480616403,
        "Mean relative error": 0.570859166147626,
        "Euclidean Distance": 4.882114634510623,
        "r2 score": 0.43707901340013167,
        "Execution Time": 9.595732927322388
    },
    "vintage_score": {
        "original": {
            "Tmean_apr_sep": 21.284699453551912,
            "Tmin_aug_sep": 18.38196721311475,
            "prec_jun_sep": 132.3,
            "vintage_score": -10.593158555185312
        },
        "missing": {
            "Tmean_apr_sep": 21.29297161172161,
            "Tmin_aug_sep": 18.52166666666666,
            "prec_jun_sep": 132.3,
            "vintage_score": -10.70430082876888
        },
        "filled": {
            "Tmean_apr_sep": 21.25441510072933,
            "Tmin_aug_sep": 18.284159769963193,
            "prec_jun_sep": 132.80721395391447,
            "vintage_score": -10.359702786870116
        },
        "Deviation missing": 1.0491891819099006,
        "Deviation filled": 2.2038353065235667,
        "Improvement": -1.1546461246136661
    }
}