{
    "dataset": "Report(Barbieri2023)",
    "gap_parameters": {
        "gap_type": "overlap",
        "perc": "50.0 %",
        "length": 6,
        "seed": 2023
    },
    "algorithm": "Autoformer",
    "algorithm_parameters": {
        "n_layers": 2,
        "d_model": 64,
        "d_ffn": 64,
        "n_heads": 2,
        "factor": 3,
        "moving_avg_window_size": 25,
        "dropout": 0,
        "epochs": 100,
        "batch_size": 32,
        "ORT_weight": 1,
        "MIT_weight": 1,
        "num_workers": 0,
        "patience": 10,
        "lr": 0.0010085436428869498,
        "device": "cuda"
    },
    "metrics": {
        "Missing value percentage": 5.44893762851268,
        "Missing value percentage between 4 and 9": 0.1366120218579235,
        "Mean absolute error": 0.21809991144046081,
        "Mean square error": 0.06485032527280102,
        "Root mean square error": 0.25465727021391127,
        "Mean relative error": 0.31285764206132677,
        "Euclidean Distance": 1.2475607426283055,
        "r2 score": 0.6901723279964599,
        "Execution Time": 8.590903997421265
    },
    "vintage_score": {
        "original": {
            "Tmean_apr_sep": 21.284699453551912,
            "Tmin_aug_sep": 18.38196721311475,
            "prec_jun_sep": 132.3,
            "vintage_score": -10.593158555185312
        },
        "missing": {
            "Tmean_apr_sep": 21.27895415907711,
            "Tmin_aug_sep": 18.38196721311475,
            "prec_jun_sep": 132.3,
            "vintage_score": -10.55569509398424
        },
        "filled": {
            "Tmean_apr_sep": 21.282111499447357,
            "Tmin_aug_sep": 18.38196721311475,
            "prec_jun_sep": 132.4166740634473,
            "vintage_score": -10.577084832045216
        },
        "Deviation missing": 0.35365713640463436,
        "Deviation filled": 0.15173683143095956,
        "Improvement": 0.2019203049736748
    }
}