{
    "dataset": "Report(Barbieri2023)",
    "gap_parameters": {
        "gap_type": "overlap",
        "perc": "100.0 %",
        "length": 6,
        "seed": 2024
    },
    "algorithm": "Autoformer",
    "algorithm_parameters": {
        "n_layers": 2,
        "d_model": 64,
        "d_ffn": 64,
        "n_heads": 2,
        "factor": 3,
        "moving_avg_window_size": 25,
        "dropout": 0,
        "epochs": 100,
        "batch_size": 32,
        "ORT_weight": 1,
        "MIT_weight": 1,
        "num_workers": 0,
        "patience": 10,
        "lr": 0.0010085436428869498,
        "device": "cuda"
    },
    "metrics": {
        "Missing value percentage": 5.44893762851268,
        "Missing value percentage between 4 and 9": 0.1366120218579235,
        "Mean absolute error": 0.69686778288586,
        "Mean square error": 0.6516647365937397,
        "Root mean square error": 0.807257540437833,
        "Mean relative error": 0.5633452059360065,
        "Euclidean Distance": 3.9547381301737796,
        "r2 score": -0.12711942037161372,
        "Execution Time": 8.823917388916016
    },
    "vintage_score": {
        "original": {
            "Tmean_apr_sep": 21.284699453551912,
            "Tmin_aug_sep": 18.38196721311475,
            "prec_jun_sep": 132.3,
            "vintage_score": -10.593158555185312
        },
        "missing": {
            "Tmean_apr_sep": 21.280813600485732,
            "Tmin_aug_sep": 18.38196721311475,
            "prec_jun_sep": 132.3,
            "vintage_score": -10.567815086133919
        },
        "filled": {
            "Tmean_apr_sep": 21.2749345090357,
            "Tmin_aug_sep": 18.310260760532714,
            "prec_jun_sep": 132.3045041768117,
            "vintage_score": -10.500221121649815
        },
        "Deviation missing": 0.239243743208084,
        "Deviation filled": 0.8773344895324341,
        "Improvement": -0.6380907463243501
    }
}