{
    "dataset": "Report(Barbieri2023)",
    "gap_parameters": {
        "gap_type": "overlap",
        "perc": "50.0 %",
        "length": 24,
        "seed": 2023
    },
    "algorithm": "Autoformer",
    "algorithm_parameters": {
        "n_layers": 2,
        "d_model": 64,
        "d_ffn": 64,
        "n_heads": 2,
        "factor": 3,
        "moving_avg_window_size": 25,
        "dropout": 0,
        "epochs": 100,
        "batch_size": 32,
        "ORT_weight": 1,
        "MIT_weight": 1,
        "num_workers": 0,
        "patience": 10,
        "lr": 0.0010085436428869498,
        "device": "cuda"
    },
    "metrics": {
        "Missing value percentage": 5.6956819739547635,
        "Missing value percentage between 4 and 9": 0.546448087431694,
        "Mean absolute error": 0.14265524490499928,
        "Mean square error": 0.0455996926208749,
        "Root mean square error": 0.213540845322095,
        "Mean relative error": 0.3597688559190457,
        "Euclidean Distance": 2.0922644411268942,
        "r2 score": 0.7745227713196389,
        "Execution Time": 8.40536379814148
    },
    "vintage_score": {
        "original": {
            "Tmean_apr_sep": 21.284699453551912,
            "Tmin_aug_sep": 18.38196721311475,
            "prec_jun_sep": 132.3,
            "vintage_score": -10.593158555185312
        },
        "missing": {
            "Tmean_apr_sep": 21.296205221615057,
            "Tmin_aug_sep": 18.5,
            "prec_jun_sep": 132.3,
            "vintage_score": -10.716582835392103
        },
        "filled": {
            "Tmean_apr_sep": 21.277453422336436,
            "Tmin_aug_sep": 18.344104555477113,
            "prec_jun_sep": 132.27697359859988,
            "vintage_score": -10.530275255054221
        },
        "Deviation missing": 1.1651320006569272,
        "Deviation filled": 0.5936218154717391,
        "Improvement": 0.5715101851851881
    }
}