{
    "dataset": "Report(Barbieri2023)",
    "gap_parameters": {
        "gap_type": "overlap",
        "perc": "50.0 %",
        "length": 3,
        "seed": 2024
    },
    "algorithm": "Autoformer",
    "algorithm_parameters": {
        "n_layers": 2,
        "d_model": 64,
        "d_ffn": 64,
        "n_heads": 2,
        "factor": 3,
        "moving_avg_window_size": 25,
        "dropout": 0,
        "epochs": 100,
        "batch_size": 32,
        "ORT_weight": 1,
        "MIT_weight": 1,
        "num_workers": 0,
        "patience": 10,
        "lr": 0.0010085436428869498,
        "device": "cuda"
    },
    "metrics": {
        "Missing value percentage": 5.407813570938999,
        "Missing value percentage between 4 and 9": 0.06830601092896176,
        "Mean absolute error": 0.5786716052242965,
        "Mean square error": 0.45374141518597083,
        "Root mean square error": 0.6736033069885946,
        "Mean relative error": 0.5166118106200049,
        "Euclidean Distance": 2.3334303037014203,
        "r2 score": 0.02349510973759561,
        "Execution Time": 8.807240009307861
    },
    "vintage_score": {
        "original": {
            "Tmean_apr_sep": 21.284699453551912,
            "Tmin_aug_sep": 18.38196721311475,
            "prec_jun_sep": 132.3,
            "vintage_score": -10.593158555185312
        },
        "missing": {
            "Tmean_apr_sep": 21.283944834764508,
            "Tmin_aug_sep": 18.38196721311475,
            "prec_jun_sep": 132.3,
            "vintage_score": -10.588235339606854
        },
        "filled": {
            "Tmean_apr_sep": 21.2805020137032,
            "Tmin_aug_sep": 18.347573284821493,
            "prec_jun_sep": 132.32230646422025,
            "vintage_score": -10.551874449203865
        },
        "Deviation missing": 0.046475426123477485,
        "Deviation filled": 0.38972423348877766,
        "Improvement": -0.34324880736530017
    }
}