{
    "dataset": "Report(Barbieri2023)",
    "gap_parameters": {
        "gap_type": "overlap",
        "perc": "50.0 %",
        "length": 24,
        "seed": 2025
    },
    "algorithm": "Autoformer",
    "algorithm_parameters": {
        "n_layers": 2,
        "d_model": 64,
        "d_ffn": 64,
        "n_heads": 2,
        "factor": 3,
        "moving_avg_window_size": 25,
        "dropout": 0,
        "epochs": 100,
        "batch_size": 32,
        "ORT_weight": 1,
        "MIT_weight": 1,
        "num_workers": 0,
        "patience": 10,
        "lr": 0.0010085436428869498,
        "device": "cuda"
    },
    "metrics": {
        "Missing value percentage": 5.6956819739547635,
        "Missing value percentage between 4 and 9": 0.546448087431694,
        "Mean absolute error": 1.089040694212376,
        "Mean square error": 1.591374855598439,
        "Root mean square error": 1.2614970691993062,
        "Mean relative error": 0.8267331675652436,
        "Euclidean Distance": 12.36009652621903,
        "r2 score": -0.9825333611292615,
        "Execution Time": 8.649082660675049
    },
    "vintage_score": {
        "original": {
            "Tmean_apr_sep": 21.284699453551912,
            "Tmin_aug_sep": 18.38196721311475,
            "prec_jun_sep": 132.3,
            "vintage_score": -10.593158555185312
        },
        "missing": {
            "Tmean_apr_sep": 21.27610324557046,
            "Tmin_aug_sep": 18.447540983606554,
            "prec_jun_sep": 132.3,
            "vintage_score": -10.563934838011932
        },
        "filled": {
            "Tmean_apr_sep": 21.22465536465,
            "Tmin_aug_sep": 18.103636120851586,
            "prec_jun_sep": 132.91347235304067,
            "vintage_score": -10.09427599209232
        },
        "Deviation missing": 0.2758734991186867,
        "Deviation filled": 4.7094788631176465,
        "Improvement": -4.43360536399896
    }
}