{
    "dataset": "Report(Barbieri2023)",
    "gap_parameters": {
        "gap_type": "overlap",
        "perc": "100.0 %",
        "length": 6,
        "seed": 2023
    },
    "algorithm": "Autoformer",
    "algorithm_parameters": {
        "n_layers": 2,
        "d_model": 64,
        "d_ffn": 64,
        "n_heads": 2,
        "factor": 3,
        "moving_avg_window_size": 25,
        "dropout": 0,
        "epochs": 100,
        "batch_size": 32,
        "ORT_weight": 1,
        "MIT_weight": 1,
        "num_workers": 0,
        "patience": 10,
        "lr": 0.0010085436428869498,
        "device": "cuda"
    },
    "metrics": {
        "Missing value percentage": 5.44893762851268,
        "Missing value percentage between 4 and 9": 0.1366120218579235,
        "Mean absolute error": 0.17303544058610673,
        "Mean square error": 0.04551696227436216,
        "Root mean square error": 0.21334704655645495,
        "Mean relative error": 0.24821403904875322,
        "Euclidean Distance": 1.045182804386265,
        "r2 score": 0.7825390327833358,
        "Execution Time": 8.336811065673828
    },
    "vintage_score": {
        "original": {
            "Tmean_apr_sep": 21.284699453551912,
            "Tmin_aug_sep": 18.38196721311475,
            "prec_jun_sep": 132.3,
            "vintage_score": -10.593158555185312
        },
        "missing": {
            "Tmean_apr_sep": 21.27895415907711,
            "Tmin_aug_sep": 18.38196721311475,
            "prec_jun_sep": 132.3,
            "vintage_score": -10.55569509398424
        },
        "filled": {
            "Tmean_apr_sep": 21.28244997813036,
            "Tmin_aug_sep": 18.38196721311475,
            "prec_jun_sep": 132.32873643617498,
            "vintage_score": -10.5786838131813
        },
        "Deviation missing": 0.35365713640463436,
        "Deviation filled": 0.13664236146948405,
        "Improvement": 0.2170147749351503
    }
}