{
    "dataset": "Report(Barbieri2023)",
    "gap_parameters": {
        "gap_type": "overlap",
        "perc": "100.0 %",
        "length": 3,
        "seed": 2024
    },
    "algorithm": "Autoformer",
    "algorithm_parameters": {
        "n_layers": 2,
        "d_model": 64,
        "d_ffn": 64,
        "n_heads": 2,
        "factor": 3,
        "moving_avg_window_size": 25,
        "dropout": 0,
        "epochs": 100,
        "batch_size": 32,
        "ORT_weight": 1,
        "MIT_weight": 1,
        "num_workers": 0,
        "patience": 10,
        "lr": 0.0010085436428869498,
        "device": "cuda"
    },
    "metrics": {
        "Missing value percentage": 5.407813570938999,
        "Missing value percentage between 4 and 9": 0.06830601092896176,
        "Mean absolute error": 0.60128972245485,
        "Mean square error": 0.4935174751956293,
        "Root mean square error": 0.7025079894176501,
        "Mean relative error": 0.5368042416807318,
        "Euclidean Distance": 2.4335590607889594,
        "r2 score": -0.06210764948790426,
        "Execution Time": 8.242165088653564
    },
    "vintage_score": {
        "original": {
            "Tmean_apr_sep": 21.284699453551912,
            "Tmin_aug_sep": 18.38196721311475,
            "prec_jun_sep": 132.3,
            "vintage_score": -10.593158555185312
        },
        "missing": {
            "Tmean_apr_sep": 21.283944834764508,
            "Tmin_aug_sep": 18.38196721311475,
            "prec_jun_sep": 132.3,
            "vintage_score": -10.588235339606854
        },
        "filled": {
            "Tmean_apr_sep": 21.28022305395057,
            "Tmin_aug_sep": 18.34038247806012,
            "prec_jun_sep": 132.3127387810726,
            "vintage_score": -10.547049475131416
        },
        "Deviation missing": 0.046475426123477485,
        "Deviation filled": 0.43527225438653744,
        "Improvement": -0.38879682826305995
    }
}