{
    "dataset": "Report(Barbieri2023)",
    "gap_parameters": {
        "gap_type": "overlap",
        "perc": "100.0 %",
        "length": 3,
        "seed": 2023
    },
    "algorithm": "Autoformer",
    "algorithm_parameters": {
        "n_layers": 2,
        "d_model": 64,
        "d_ffn": 64,
        "n_heads": 2,
        "factor": 3,
        "moving_avg_window_size": 25,
        "dropout": 0,
        "epochs": 100,
        "batch_size": 32,
        "ORT_weight": 1,
        "MIT_weight": 1,
        "num_workers": 0,
        "patience": 10,
        "lr": 0.0010085436428869498,
        "device": "cuda"
    },
    "metrics": {
        "Missing value percentage": 5.407813570938999,
        "Missing value percentage between 4 and 9": 0.06830601092896176,
        "Mean absolute error": 0.21399540983935325,
        "Mean square error": 0.06195524282208862,
        "Root mean square error": 0.24890810115801498,
        "Mean relative error": 0.2672252755126713,
        "Euclidean Distance": 0.8622429552423871,
        "r2 score": 0.7423032774658681,
        "Execution Time": 9.22414255142212
    },
    "vintage_score": {
        "original": {
            "Tmean_apr_sep": 21.284699453551912,
            "Tmin_aug_sep": 18.38196721311475,
            "prec_jun_sep": 132.3,
            "vintage_score": -10.593158555185312
        },
        "missing": {
            "Tmean_apr_sep": 21.281430523028884,
            "Tmin_aug_sep": 18.38196721311475,
            "prec_jun_sep": 132.3,
            "vintage_score": -10.571837275373468
        },
        "filled": {
            "Tmean_apr_sep": 21.2829781982474,
            "Tmin_aug_sep": 18.38196721311475,
            "prec_jun_sep": 132.33968410021285,
            "vintage_score": -10.58220456149445
        },
        "Deviation missing": 0.2012740553326912,
        "Deviation filled": 0.1034063035476786,
        "Improvement": 0.09786775178501259
    }
}