{
    "dataset": "Report(Barbieri2023)",
    "gap_parameters": {
        "gap_type": "overlap",
        "perc": "100.0 %",
        "length": 12,
        "seed": 2025
    },
    "algorithm": "Autoformer",
    "algorithm_parameters": {
        "n_layers": 2,
        "d_model": 64,
        "d_ffn": 64,
        "n_heads": 2,
        "factor": 3,
        "moving_avg_window_size": 25,
        "dropout": 0,
        "epochs": 100,
        "batch_size": 32,
        "ORT_weight": 1,
        "MIT_weight": 1,
        "num_workers": 0,
        "patience": 10,
        "lr": 0.0010085436428869498,
        "device": "cuda"
    },
    "metrics": {
        "Missing value percentage": 5.531185743660041,
        "Missing value percentage between 4 and 9": 0.273224043715847,
        "Mean absolute error": 0.9782167167409455,
        "Mean square error": 1.2804810330442227,
        "Root mean square error": 1.131583418508871,
        "Mean relative error": 0.9667327545898308,
        "Euclidean Distance": 7.839839895439445,
        "r2 score": -2.070617325654999,
        "Execution Time": 8.439823627471924
    },
    "vintage_score": {
        "original": {
            "Tmean_apr_sep": 21.284699453551912,
            "Tmin_aug_sep": 18.38196721311475,
            "prec_jun_sep": 132.3,
            "vintage_score": -10.593158555185312
        },
        "missing": {
            "Tmean_apr_sep": 21.299132129255078,
            "Tmin_aug_sep": 18.447540983606554,
            "prec_jun_sep": 132.3,
            "vintage_score": -10.714280858445449
        },
        "filled": {
            "Tmean_apr_sep": 21.25671634160516,
            "Tmin_aug_sep": 18.133863973762963,
            "prec_jun_sep": 132.27260535005348,
            "vintage_score": -10.309472094607855
        },
        "Deviation missing": 1.1434012115380623,
        "Deviation filled": 2.678015807085159,
        "Improvement": -1.5346145955470967
    }
}