{
    "dataset": "Report(Torrevilla2023)",
    "gap_parameters": {
        "gap_type": "overlap",
        "perc": "50.0 %",
        "length": 48,
        "seed": 2023
    },
    "algorithm": "Autoformer",
    "algorithm_parameters": {
        "n_layers": 2,
        "d_model": 64,
        "d_ffn": 64,
        "n_heads": 2,
        "factor": 3,
        "moving_avg_window_size": 25,
        "dropout": 0.1,
        "epochs": 100,
        "batch_size": 32,
        "ORT_weight": 1,
        "MIT_weight": 1,
        "num_workers": 0,
        "patience": 10,
        "lr": 0.0009696220076141339,
        "device": "cuda"
    },
    "metrics": {
        "Missing value percentage": 0.9150102810143934,
        "Missing value percentage between 4 and 9": 1.092896174863388,
        "Mean absolute error": 0.2827382838346255,
        "Mean square error": 0.13901081362312936,
        "Root mean square error": 0.3728415395622239,
        "Mean relative error": 0.6342410144300509,
        "Euclidean Distance": 5.1662439175518005,
        "r2 score": 0.4643456835389037,
        "Execution Time": 8.645035028457642
    },
    "vintage_score": {
        "original": {
            "Tmean_apr_sep": 20.869581056466302,
            "Tmin_aug_sep": 17.044262295081968,
            "prec_jun_sep": 144.89999999999998,
            "vintage_score": -7.541854756514482
        },
        "missing": {
            "Tmean_apr_sep": 20.882315323565322,
            "Tmin_aug_sep": 17.175,
            "prec_jun_sep": 144.89999999999998,
            "vintage_score": -7.67133109084682
        },
        "filled": {
            "Tmean_apr_sep": 20.8412366705496,
            "Tmin_aug_sep": 16.79578857249312,
            "prec_jun_sep": 145.92723294682793,
            "vintage_score": -7.27894796330645
        },
        "Deviation missing": 1.7167704565047408,
        "Deviation filled": 3.4859699861090387,
        "Improvement": -1.769199529604298
    }
}