{
    "dataset": "Report(Torrevilla2023)",
    "gap_parameters": {
        "gap_type": "overlap",
        "perc": "50.0 %",
        "length": 24,
        "seed": 2023
    },
    "algorithm": "Autoformer",
    "algorithm_parameters": {
        "n_layers": 2,
        "d_model": 64,
        "d_ffn": 64,
        "n_heads": 2,
        "factor": 3,
        "moving_avg_window_size": 25,
        "dropout": 0.1,
        "epochs": 100,
        "batch_size": 32,
        "ORT_weight": 1,
        "MIT_weight": 1,
        "num_workers": 0,
        "patience": 10,
        "lr": 0.0009696220076141339,
        "device": "cuda"
    },
    "metrics": {
        "Missing value percentage": 0.5860178204249485,
        "Missing value percentage between 4 and 9": 0.546448087431694,
        "Mean absolute error": 0.2387179502905774,
        "Mean square error": 0.1293381038014491,
        "Root mean square error": 0.3596360713296834,
        "Mean relative error": 0.5760800517770577,
        "Euclidean Distance": 3.5236994714276135,
        "r2 score": 0.46540225585569617,
        "Execution Time": 8.82905125617981
    },
    "vintage_score": {
        "original": {
            "Tmean_apr_sep": 20.869581056466302,
            "Tmin_aug_sep": 17.044262295081968,
            "prec_jun_sep": 144.89999999999998,
            "vintage_score": -7.541854756514482
        },
        "missing": {
            "Tmean_apr_sep": 20.8824043715847,
            "Tmin_aug_sep": 17.142622950819668,
            "prec_jun_sep": 144.89999999999998,
            "vintage_score": -7.658624466284493
        },
        "filled": {
            "Tmean_apr_sep": 20.859130913948587,
            "Tmin_aug_sep": 16.862743311543145,
            "prec_jun_sep": 144.94846500801515,
            "vintage_score": -7.405748914327859
        },
        "Deviation missing": 1.5482890288910474,
        "Deviation filled": 1.8046733407197764,
        "Improvement": -0.256384311828729
    }
}