{
    "dataset": "Report(Torrevilla2023)",
    "gap_parameters": {
        "gap_type": "overlap",
        "perc": "0.0 %",
        "length": 24,
        "seed": 2024
    },
    "algorithm": "Autoformer",
    "algorithm_parameters": {
        "n_layers": 2,
        "d_model": 64,
        "d_ffn": 64,
        "n_heads": 2,
        "factor": 3,
        "moving_avg_window_size": 25,
        "dropout": 0.1,
        "epochs": 100,
        "batch_size": 32,
        "ORT_weight": 1,
        "MIT_weight": 1,
        "num_workers": 0,
        "patience": 10,
        "lr": 0.0009696220076141339,
        "device": "cuda"
    },
    "metrics": {
        "Missing value percentage": 0.5860178204249485,
        "Missing value percentage between 4 and 9": 0.546448087431694,
        "Mean absolute error": 0.845815338027976,
        "Mean square error": 1.0813719138999733,
        "Root mean square error": 1.0398903374394692,
        "Mean relative error": 0.870966460691576,
        "Euclidean Distance": 10.188802860709325,
        "r2 score": -1.4742732348811018,
        "Execution Time": 8.521070957183838
    },
    "vintage_score": {
        "original": {
            "Tmean_apr_sep": 20.869581056466302,
            "Tmin_aug_sep": 17.044262295081968,
            "prec_jun_sep": 144.89999999999998,
            "vintage_score": -7.541854756514482
        },
        "missing": {
            "Tmean_apr_sep": 20.859688069216755,
            "Tmin_aug_sep": 17.044262295081968,
            "prec_jun_sep": 144.89999999999998,
            "vintage_score": -7.482950191659228
        },
        "filled": {
            "Tmean_apr_sep": 20.816615174940836,
            "Tmin_aug_sep": 16.693626586821715,
            "prec_jun_sep": 144.95574159749341,
            "vintage_score": -7.0850464414778855
        },
        "Deviation missing": 0.7810355245090576,
        "Deviation filled": 6.0569757676918385,
        "Improvement": -5.275940243182781
    }
}