{
    "dataset": "Report(Torrevilla2023)",
    "gap_parameters": {
        "gap_type": "overlap",
        "perc": "50.0 %",
        "length": 12,
        "seed": 2025
    },
    "algorithm": "Autoformer",
    "algorithm_parameters": {
        "n_layers": 2,
        "d_model": 64,
        "d_ffn": 64,
        "n_heads": 2,
        "factor": 3,
        "moving_avg_window_size": 25,
        "dropout": 0.1,
        "epochs": 100,
        "batch_size": 32,
        "ORT_weight": 1,
        "MIT_weight": 1,
        "num_workers": 0,
        "patience": 10,
        "lr": 0.0009696220076141339,
        "device": "cuda"
    },
    "metrics": {
        "Missing value percentage": 0.42152159013022616,
        "Missing value percentage between 4 and 9": 0.273224043715847,
        "Mean absolute error": 0.8959942130624203,
        "Mean square error": 1.0716493651595294,
        "Root mean square error": 1.0352049870240818,
        "Mean relative error": 1.0288131391852795,
        "Euclidean Distance": 7.172110535097635,
        "r2 score": -2.219988800014318,
        "Execution Time": 9.600424528121948
    },
    "vintage_score": {
        "original": {
            "Tmean_apr_sep": 20.869581056466302,
            "Tmin_aug_sep": 17.044262295081968,
            "prec_jun_sep": 144.89999999999998,
            "vintage_score": -7.541854756514482
        },
        "missing": {
            "Tmean_apr_sep": 20.88937294490573,
            "Tmin_aug_sep": 17.114754098360656,
            "prec_jun_sep": 144.89999999999998,
            "vintage_score": -7.68892212312258
        },
        "filled": {
            "Tmean_apr_sep": 20.84107883280245,
            "Tmin_aug_sep": 16.821130631784502,
            "prec_jun_sep": 145.17321951054637,
            "vintage_score": -7.283159305135484
        },
        "Deviation missing": 1.9500158960375755,
        "Deviation filled": 3.430130382125728,
        "Improvement": -1.4801144860881525
    }
}