{
    "dataset": "Report(Torrevilla2023)",
    "gap_parameters": {
        "gap_type": "overlap",
        "perc": "100.0 %",
        "length": 6,
        "seed": 2023
    },
    "algorithm": "Autoformer",
    "algorithm_parameters": {
        "n_layers": 2,
        "d_model": 64,
        "d_ffn": 64,
        "n_heads": 2,
        "factor": 3,
        "moving_avg_window_size": 25,
        "dropout": 0.1,
        "epochs": 100,
        "batch_size": 32,
        "ORT_weight": 1,
        "MIT_weight": 1,
        "num_workers": 0,
        "patience": 10,
        "lr": 0.0009696220076141339,
        "device": "cuda"
    },
    "metrics": {
        "Missing value percentage": 0.339273474982865,
        "Missing value percentage between 4 and 9": 0.1366120218579235,
        "Mean absolute error": 0.1740669411058472,
        "Mean square error": 0.040722167686408496,
        "Root mean square error": 0.20179734311038017,
        "Mean relative error": 0.2308794484808544,
        "Euclidean Distance": 0.9886010441395683,
        "r2 score": 0.8338951127542016,
        "Execution Time": 8.436815023422241
    },
    "vintage_score": {
        "original": {
            "Tmean_apr_sep": 20.869581056466302,
            "Tmin_aug_sep": 17.044262295081968,
            "prec_jun_sep": 144.89999999999998,
            "vintage_score": -7.541854756514482
        },
        "missing": {
            "Tmean_apr_sep": 20.86311475409836,
            "Tmin_aug_sep": 17.044262295081968,
            "prec_jun_sep": 144.89999999999998,
            "vintage_score": -7.5033382235152715
        },
        "filled": {
            "Tmean_apr_sep": 20.867544897390047,
            "Tmin_aug_sep": 17.044262295081968,
            "prec_jun_sep": 144.9905840473354,
            "vintage_score": -7.530346909585461
        },
        "Deviation missing": 0.5107037226610713,
        "Deviation filled": 0.15258643000358574,
        "Improvement": 0.3581172926574856
    }
}