{
    "dataset": "Report(Torrevilla2023)",
    "gap_parameters": {
        "gap_type": "overlap",
        "perc": "100.0 %",
        "length": 12,
        "seed": 2023
    },
    "algorithm": "Autoformer",
    "algorithm_parameters": {
        "n_layers": 2,
        "d_model": 64,
        "d_ffn": 64,
        "n_heads": 2,
        "factor": 3,
        "moving_avg_window_size": 25,
        "dropout": 0.1,
        "epochs": 100,
        "batch_size": 32,
        "ORT_weight": 1,
        "MIT_weight": 1,
        "num_workers": 0,
        "patience": 10,
        "lr": 0.0009696220076141339,
        "device": "cuda"
    },
    "metrics": {
        "Missing value percentage": 0.42152159013022616,
        "Missing value percentage between 4 and 9": 0.273224043715847,
        "Mean absolute error": 0.23041646921050743,
        "Mean square error": 0.08386796532771226,
        "Root mean square error": 0.2895996638943358,
        "Mean relative error": 0.5053700074453916,
        "Euclidean Distance": 2.00640532687946,
        "r2 score": 0.635644941418712,
        "Execution Time": 8.669839859008789
    },
    "vintage_score": {
        "original": {
            "Tmean_apr_sep": 20.869581056466302,
            "Tmin_aug_sep": 17.044262295081968,
            "prec_jun_sep": 144.89999999999998,
            "vintage_score": -7.541854756514482
        },
        "missing": {
            "Tmean_apr_sep": 20.86752016653656,
            "Tmin_aug_sep": 17.049180327868854,
            "prec_jun_sep": 144.89999999999998,
            "vintage_score": -7.531583883627377
        },
        "filled": {
            "Tmean_apr_sep": 20.862748716228406,
            "Tmin_aug_sep": 16.995086735949666,
            "prec_jun_sep": 145.02934013436817,
            "vintage_score": -7.481946505804416
        },
        "Deviation missing": 0.13618497330823426,
        "Deviation filled": 0.7943437343223659,
        "Improvement": -0.6581587610141317
    }
}