{
    "dataset": "Report(Torrevilla2023)",
    "gap_parameters": {
        "gap_type": "overlap",
        "perc": "50.0 %",
        "length": 12,
        "seed": 2024
    },
    "algorithm": "Autoformer",
    "algorithm_parameters": {
        "n_layers": 2,
        "d_model": 64,
        "d_ffn": 64,
        "n_heads": 2,
        "factor": 3,
        "moving_avg_window_size": 25,
        "dropout": 0.1,
        "epochs": 100,
        "batch_size": 32,
        "ORT_weight": 1,
        "MIT_weight": 1,
        "num_workers": 0,
        "patience": 10,
        "lr": 0.0009696220076141339,
        "device": "cuda"
    },
    "metrics": {
        "Missing value percentage": 0.42152159013022616,
        "Missing value percentage between 4 and 9": 0.273224043715847,
        "Mean absolute error": 0.7196764888196544,
        "Mean square error": 0.7370423487467805,
        "Root mean square error": 0.8585117056550717,
        "Mean relative error": 0.6109624885433377,
        "Euclidean Distance": 5.947943572348867,
        "r2 score": -0.3242386888009394,
        "Execution Time": 8.83233904838562
    },
    "vintage_score": {
        "original": {
            "Tmean_apr_sep": 20.869581056466302,
            "Tmin_aug_sep": 17.044262295081968,
            "prec_jun_sep": 144.89999999999998,
            "vintage_score": -7.541854756514482
        },
        "missing": {
            "Tmean_apr_sep": 20.85922131147541,
            "Tmin_aug_sep": 17.044262295081968,
            "prec_jun_sep": 144.89999999999998,
            "vintage_score": -7.480174318273072
        },
        "filled": {
            "Tmean_apr_sep": 20.847392384150606,
            "Tmin_aug_sep": 16.924450768287603,
            "prec_jun_sep": 144.96366025173097,
            "vintage_score": -7.361374263008685
        },
        "Deviation missing": 0.8178417674794396,
        "Deviation filled": 2.3930518331701145,
        "Improvement": -1.575210065690675
    }
}