{
    "dataset": "Report(Torrevilla2023)",
    "gap_parameters": {
        "gap_type": "overlap",
        "perc": "100.0 %",
        "length": 24,
        "seed": 2023
    },
    "algorithm": "Autoformer",
    "algorithm_parameters": {
        "n_layers": 2,
        "d_model": 64,
        "d_ffn": 64,
        "n_heads": 2,
        "factor": 3,
        "moving_avg_window_size": 25,
        "dropout": 0.1,
        "epochs": 100,
        "batch_size": 32,
        "ORT_weight": 1,
        "MIT_weight": 1,
        "num_workers": 0,
        "patience": 10,
        "lr": 0.0009696220076141339,
        "device": "cuda"
    },
    "metrics": {
        "Missing value percentage": 0.5860178204249485,
        "Missing value percentage between 4 and 9": 0.546448087431694,
        "Mean absolute error": 0.26166369670009715,
        "Mean square error": 0.12174358461035911,
        "Root mean square error": 0.3489177332987808,
        "Mean relative error": 0.6314532935612183,
        "Euclidean Distance": 3.418681635162098,
        "r2 score": 0.4967929497663629,
        "Execution Time": 8.60243535041809
    },
    "vintage_score": {
        "original": {
            "Tmean_apr_sep": 20.869581056466302,
            "Tmin_aug_sep": 17.044262295081968,
            "prec_jun_sep": 144.89999999999998,
            "vintage_score": -7.541854756514482
        },
        "missing": {
            "Tmean_apr_sep": 20.8824043715847,
            "Tmin_aug_sep": 17.142622950819668,
            "prec_jun_sep": 144.89999999999998,
            "vintage_score": -7.658624466284493
        },
        "filled": {
            "Tmean_apr_sep": 20.860515269826823,
            "Tmin_aug_sep": 16.87463335674911,
            "prec_jun_sep": 145.00075486266184,
            "vintage_score": -7.419206145088708
        },
        "Deviation missing": 1.5482890288910474,
        "Deviation filled": 1.6262393719506836,
        "Improvement": -0.07795034305963622
    }
}