{
    "dataset": "Report(Torrevilla2023)",
    "gap_parameters": {
        "gap_type": "overlap",
        "perc": "50.0 %",
        "length": 24,
        "seed": 2024
    },
    "algorithm": "Autoformer",
    "algorithm_parameters": {
        "n_layers": 2,
        "d_model": 64,
        "d_ffn": 64,
        "n_heads": 2,
        "factor": 3,
        "moving_avg_window_size": 25,
        "dropout": 0.1,
        "epochs": 100,
        "batch_size": 32,
        "ORT_weight": 1,
        "MIT_weight": 1,
        "num_workers": 0,
        "patience": 10,
        "lr": 0.0009696220076141339,
        "device": "cuda"
    },
    "metrics": {
        "Missing value percentage": 0.5860178204249485,
        "Missing value percentage between 4 and 9": 0.546448087431694,
        "Mean absolute error": 0.8699247190613352,
        "Mean square error": 1.1995301915835819,
        "Root mean square error": 1.0952306567949885,
        "Mean relative error": 0.8575548647378612,
        "Euclidean Distance": 10.731025039204086,
        "r2 score": -1.5207563304607445,
        "Execution Time": 9.274113893508911
    },
    "vintage_score": {
        "original": {
            "Tmean_apr_sep": 20.869581056466302,
            "Tmin_aug_sep": 17.044262295081968,
            "prec_jun_sep": 144.89999999999998,
            "vintage_score": -7.541854756514482
        },
        "missing": {
            "Tmean_apr_sep": 20.859688069216755,
            "Tmin_aug_sep": 17.044262295081968,
            "prec_jun_sep": 141.89999999999998,
            "vintage_score": -7.462196191659245
        },
        "filled": {
            "Tmean_apr_sep": 20.821171440406907,
            "Tmin_aug_sep": 16.68800688840439,
            "prec_jun_sep": 142.37978793377664,
            "vintage_score": -7.091773875692098
        },
        "Deviation missing": 1.056219821608595,
        "Deviation filled": 5.967774444789117,
        "Improvement": -4.911554623180522
    }
}