{
    "dataset": "Report(Torrevilla2023)",
    "gap_parameters": {
        "gap_type": "overlap",
        "perc": "100.0 %",
        "length": 24,
        "seed": 2025
    },
    "algorithm": "Autoformer",
    "algorithm_parameters": {
        "n_layers": 2,
        "d_model": 64,
        "d_ffn": 64,
        "n_heads": 2,
        "factor": 3,
        "moving_avg_window_size": 25,
        "dropout": 0.1,
        "epochs": 100,
        "batch_size": 32,
        "ORT_weight": 1,
        "MIT_weight": 1,
        "num_workers": 0,
        "patience": 10,
        "lr": 0.0009696220076141339,
        "device": "cuda"
    },
    "metrics": {
        "Missing value percentage": 0.5860178204249485,
        "Missing value percentage between 4 and 9": 0.546448087431694,
        "Mean absolute error": 1.0567429410433984,
        "Mean square error": 1.5446391917107603,
        "Root mean square error": 1.2428351426117465,
        "Mean relative error": 0.8483172800667313,
        "Euclidean Distance": 12.177247735191827,
        "r2 score": -0.9433075460902405,
        "Execution Time": 9.149616718292236
    },
    "vintage_score": {
        "original": {
            "Tmean_apr_sep": 20.869581056466302,
            "Tmin_aug_sep": 17.044262295081968,
            "prec_jun_sep": 144.89999999999998,
            "vintage_score": -7.541854756514482
        },
        "missing": {
            "Tmean_apr_sep": 20.86091861235304,
            "Tmin_aug_sep": 17.114754098360656,
            "prec_jun_sep": 144.89999999999998,
            "vintage_score": -7.519093919835285
        },
        "filled": {
            "Tmean_apr_sep": 20.804203224527924,
            "Tmin_aug_sep": 16.720148316606632,
            "prec_jun_sep": 146.0484054143021,
            "vintage_score": -7.030461307645709
        },
        "Deviation missing": 0.3017936225772133,
        "Deviation filled": 6.7807384970791595,
        "Improvement": -6.478944874501947
    }
}