{
    "dataset": "Report(Barbieri2023)",
    "gap_parameters": {
        "gap_type": "overlap",
        "perc": "100.0 %",
        "length": 48,
        "seed": 2025
    },
    "algorithm": "Naive",
    "algorithm_parameters": {},
    "metrics": {
        "Missing value percentage": 6.024674434544209,
        "Missing value percentage between 4 and 9": 1.092896174863388,
        "Mean absolute error": 0.30278383254406205,
        "Mean square error": 0.19077722263365038,
        "Root mean square error": 0.4367805199796007,
        "Mean relative error": 0.25438502549321856,
        "Euclidean Distance": 6.052208418888188,
        "r2 score": 0.7089468142352908,
        "Execution Time": 0.24928855895996094
    },
    "vintage_score": {
        "original": {
            "Tmean_apr_sep": 21.284699453551912,
            "Tmin_aug_sep": 18.38196721311475,
            "prec_jun_sep": 132.3,
            "vintage_score": -10.593158555185312
        },
        "missing": {
            "Tmean_apr_sep": 21.213792457542457,
            "Tmin_aug_sep": 18.274999999999995,
            "prec_jun_sep": 132.3,
            "vintage_score": -10.090192203314103
        },
        "filled": {
            "Tmean_apr_sep": 21.26828324225865,
            "Tmin_aug_sep": 18.43255269320843,
            "prec_jun_sep": 132.3,
            "vintage_score": -10.506916372030702
        },
        "Deviation missing": 4.748030054029619,
        "Deviation filled": 0.8141309573091856,
        "Improvement": 3.9338990967204333
    }
}