{
    "dataset": "Report(Barbieri2023)",
    "gap_parameters": {
        "gap_type": "overlap",
        "perc": "50.0 %",
        "length": 12,
        "seed": 2024
    },
    "algorithm": "Naive",
    "algorithm_parameters": {},
    "metrics": {
        "Missing value percentage": 5.531185743660041,
        "Missing value percentage between 4 and 9": 0.273224043715847,
        "Mean absolute error": 0.37077776303480986,
        "Mean square error": 0.23715862866624737,
        "Root mean square error": 0.48698935169698254,
        "Mean relative error": 0.314084878099087,
        "Euclidean Distance": 3.3739611995368457,
        "r2 score": 0.5768444868392811,
        "Execution Time": 0.2522561550140381
    },
    "vintage_score": {
        "original": {
            "Tmean_apr_sep": 21.284699453551912,
            "Tmin_aug_sep": 18.38196721311475,
            "prec_jun_sep": 132.3,
            "vintage_score": -10.593158555185312
        },
        "missing": {
            "Tmean_apr_sep": 21.27645719489982,
            "Tmin_aug_sep": 18.38196721311475,
            "prec_jun_sep": 132.3,
            "vintage_score": -10.539427061973242
        },
        "filled": {
            "Tmean_apr_sep": 21.274658469945358,
            "Tmin_aug_sep": 18.38196721311475,
            "prec_jun_sep": 132.3,
            "vintage_score": -10.527713391768827
        },
        "Deviation missing": 0.5072282542751898,
        "Deviation filled": 0.617805945937146,
        "Improvement": -0.11057769166195619
    }
}