{
    "dataset": "Report(Barbieri2023)",
    "gap_parameters": {
        "gap_type": "overlap",
        "perc": "50.0 %",
        "length": 48,
        "seed": 2025
    },
    "algorithm": "Naive",
    "algorithm_parameters": {},
    "metrics": {
        "Missing value percentage": 6.024674434544209,
        "Missing value percentage between 4 and 9": 1.092896174863388,
        "Mean absolute error": 0.6392068692253328,
        "Mean square error": 0.8013443651994191,
        "Root mean square error": 0.895178398532616,
        "Mean relative error": 0.5171458421672644,
        "Euclidean Distance": 12.403955744773087,
        "r2 score": -0.10411893586114629,
        "Execution Time": 0.25850939750671387
    },
    "vintage_score": {
        "original": {
            "Tmean_apr_sep": 21.284699453551912,
            "Tmin_aug_sep": 18.38196721311475,
            "prec_jun_sep": 132.3,
            "vintage_score": -10.593158555185312
        },
        "missing": {
            "Tmean_apr_sep": 21.213792457542457,
            "Tmin_aug_sep": 18.274999999999995,
            "prec_jun_sep": 127.0,
            "vintage_score": -10.053526803314128
        },
        "filled": {
            "Tmean_apr_sep": 21.26828324225865,
            "Tmin_aug_sep": 18.43255269320843,
            "prec_jun_sep": 163.0,
            "vintage_score": -10.719298972030714
        },
        "Deviation missing": 5.09415344875619,
        "Deviation filled": 1.1907724800707042,
        "Improvement": 3.903380968685486
    }
}