{
    "dataset": "Report(Barbieri2023)",
    "gap_parameters": {
        "gap_type": "overlap",
        "perc": "0.0 %",
        "length": 48,
        "seed": 2024
    },
    "algorithm": "Naive",
    "algorithm_parameters": {},
    "metrics": {
        "Missing value percentage": 6.024674434544209,
        "Missing value percentage between 4 and 9": 1.092896174863388,
        "Mean absolute error": 0.2345069039946644,
        "Mean square error": 0.11777917368497677,
        "Root mean square error": 0.3431897050975987,
        "Mean relative error": 0.33613033367174205,
        "Euclidean Distance": 4.755376046908978,
        "r2 score": 0.7032348728093096,
        "Execution Time": 0.25651025772094727
    },
    "vintage_score": {
        "original": {
            "Tmean_apr_sep": 21.284699453551912,
            "Tmin_aug_sep": 18.38196721311475,
            "prec_jun_sep": 132.3,
            "vintage_score": -10.593158555185312
        },
        "missing": {
            "Tmean_apr_sep": 21.26070283882784,
            "Tmin_aug_sep": 18.386666666666663,
            "prec_jun_sep": 132.3,
            "vintage_score": -10.438902318472714
        },
        "filled": {
            "Tmean_apr_sep": 21.26450364298725,
            "Tmin_aug_sep": 18.3847775175644,
            "prec_jun_sep": 132.3,
            "vintage_score": -10.462814605875081
        },
        "Deviation missing": 1.4561873676203052,
        "Deviation filled": 1.2304540579771406,
        "Improvement": 0.22573330964316463
    }
}