{
    "dataset": "Report(Bertelegni2023)",
    "gap_parameters": {
        "gap_type": "overlap",
        "perc": "100.0 %",
        "length": 12,
        "seed": 2024
    },
    "algorithm": "TimesNet",
    "algorithm_parameters": {
        "n_layers": 3,
        "d_model": 128,
        "d_ffn": 16,
        "n_heads": 2,
        "top_k": 3,
        "n_kernels": 5,
        "dropout": 0.5,
        "epochs": 100,
        "batch_size": 32,
        "attn_dropout": 0.4,
        "apply_nonstationary_norm": false,
        "num_workers": 0,
        "patience": 10,
        "lr": 0.0026526059709556992,
        "device": "cuda"
    },
    "metrics": {
        "Missing value percentage": 1.562714187799863,
        "Missing value percentage between 4 and 9": 0.273224043715847,
        "Mean absolute error": 0.5307300218586171,
        "Mean square error": 0.3985494818894218,
        "Root mean square error": 0.6313077552900976,
        "Mean relative error": 0.3819805435245534,
        "Euclidean Distance": 4.373828429498881,
        "r2 score": 0.464403506146264,
        "Execution Time": 7.260535717010498
    },
    "vintage_score": {
        "original": {
            "Tmean_apr_sep": 20.354001429188713,
            "Tmin_aug_sep": 16.15245901639344,
            "prec_jun_sep": 125.0,
            "vintage_score": -4.14670757438347
        },
        "missing": {
            "Tmean_apr_sep": 20.33799505396103,
            "Tmin_aug_sep": 16.15245901639344,
            "prec_jun_sep": 125.0,
            "vintage_score": -4.0626762555019695
        },
        "filled": {
            "Tmean_apr_sep": 20.293688075901475,
            "Tmin_aug_sep": 16.15245901639344,
            "prec_jun_sep": 125.35397227264524,
            "vintage_score": -3.834333848538762
        },
        "Deviation missing": 2.0264587597304597,
        "Deviation filled": 7.5330541216461695,
        "Improvement": -5.50659536191571
    }
}