{
    "dataset": "Report(Bertelegni2023)",
    "gap_parameters": {
        "gap_type": "overlap",
        "perc": "50.0 %",
        "length": 12,
        "seed": 2025
    },
    "algorithm": "TimesNet",
    "algorithm_parameters": {
        "n_layers": 3,
        "d_model": 128,
        "d_ffn": 16,
        "n_heads": 2,
        "top_k": 3,
        "n_kernels": 5,
        "dropout": 0.5,
        "epochs": 100,
        "batch_size": 32,
        "attn_dropout": 0.4,
        "apply_nonstationary_norm": false,
        "num_workers": 0,
        "patience": 10,
        "lr": 0.0026526059709556992,
        "device": "cuda"
    },
    "metrics": {
        "Missing value percentage": 1.562714187799863,
        "Missing value percentage between 4 and 9": 0.273224043715847,
        "Mean absolute error": 0.25077074195669513,
        "Mean square error": 0.11181788824473923,
        "Root mean square error": 0.33439181844766963,
        "Mean relative error": 0.291241913212462,
        "Euclidean Distance": 2.3167344767468703,
        "r2 score": 0.6688311419322457,
        "Execution Time": 7.017294645309448
    },
    "vintage_score": {
        "original": {
            "Tmean_apr_sep": 20.354001429188713,
            "Tmin_aug_sep": 16.15245901639344,
            "prec_jun_sep": 125.0,
            "vintage_score": -4.14670757438347
        },
        "missing": {
            "Tmean_apr_sep": 20.37561865531414,
            "Tmin_aug_sep": 16.26229508196721,
            "prec_jun_sep": 125.0,
            "vintage_score": -4.305659316513385
        },
        "filled": {
            "Tmean_apr_sep": 20.329643129939914,
            "Tmin_aug_sep": 16.23459089665767,
            "prec_jun_sep": 124.9134644625597,
            "vintage_score": -4.051952984634312
        },
        "Deviation missing": 3.8332035543535468,
        "Deviation filled": 2.285055988382446,
        "Improvement": 1.5481475659711008
    }
}