{
    "dataset": "Report(Bertelegni2023)",
    "gap_parameters": {
        "gap_type": "overlap",
        "perc": "100.0 %",
        "length": 6,
        "seed": 2024
    },
    "algorithm": "TimesNet",
    "algorithm_parameters": {
        "n_layers": 3,
        "d_model": 128,
        "d_ffn": 16,
        "n_heads": 2,
        "top_k": 3,
        "n_kernels": 5,
        "dropout": 0.5,
        "epochs": 100,
        "batch_size": 32,
        "attn_dropout": 0.4,
        "apply_nonstationary_norm": false,
        "num_workers": 0,
        "patience": 10,
        "lr": 0.0026526059709556992,
        "device": "cuda"
    },
    "metrics": {
        "Missing value percentage": 1.4804660726525016,
        "Missing value percentage between 4 and 9": 0.1366120218579235,
        "Mean absolute error": 0.13079119584765259,
        "Mean square error": 0.021820375317188008,
        "Root mean square error": 0.1477172140178253,
        "Mean relative error": 0.09048420947372214,
        "Euclidean Distance": 0.7236636011383563,
        "r2 score": 0.9726517108415135,
        "Execution Time": 8.410503387451172
    },
    "vintage_score": {
        "original": {
            "Tmean_apr_sep": 20.354001429188713,
            "Tmin_aug_sep": 16.15245901639344,
            "prec_jun_sep": 125.0,
            "vintage_score": -4.14670757438347
        },
        "missing": {
            "Tmean_apr_sep": 20.347588253718165,
            "Tmin_aug_sep": 16.15245901639344,
            "prec_jun_sep": 125.0,
            "vintage_score": -4.112997490985549
        },
        "filled": {
            "Tmean_apr_sep": 20.3129076027448,
            "Tmin_aug_sep": 16.15245901639344,
            "prec_jun_sep": 125.25026136896604,
            "vintage_score": -3.9334018240478485
        },
        "Deviation missing": 0.8129361136089441,
        "Deviation filled": 5.143978602526257,
        "Improvement": -4.331042488917313
    }
}