{
    "dataset": "Report(Bertelegni2023)",
    "gap_parameters": {
        "gap_type": "overlap",
        "perc": "50.0 %",
        "length": 24,
        "seed": 2023
    },
    "algorithm": "TimesNet",
    "algorithm_parameters": {
        "n_layers": 3,
        "d_model": 128,
        "d_ffn": 16,
        "n_heads": 2,
        "top_k": 3,
        "n_kernels": 5,
        "dropout": 0.5,
        "epochs": 100,
        "batch_size": 32,
        "attn_dropout": 0.4,
        "apply_nonstationary_norm": false,
        "num_workers": 0,
        "patience": 10,
        "lr": 0.0026526059709556992,
        "device": "cuda"
    },
    "metrics": {
        "Missing value percentage": 1.7272104180945853,
        "Missing value percentage between 4 and 9": 0.546448087431694,
        "Mean absolute error": 0.13205122501653485,
        "Mean square error": 0.03001713850027693,
        "Root mean square error": 0.17325454828164522,
        "Mean relative error": 0.2814238594883949,
        "Euclidean Distance": 1.6975409556257002,
        "r2 score": 0.9052684163298176,
        "Execution Time": 7.5114758014678955
    },
    "vintage_score": {
        "original": {
            "Tmean_apr_sep": 20.354001429188713,
            "Tmin_aug_sep": 16.15245901639344,
            "prec_jun_sep": 125.0,
            "vintage_score": -4.14670757438347
        },
        "missing": {
            "Tmean_apr_sep": 20.36559068237633,
            "Tmin_aug_sep": 16.270491803278688,
            "prec_jun_sep": 125.0,
            "vintage_score": -4.256030355559972
        },
        "filled": {
            "Tmean_apr_sep": 20.308185190335053,
            "Tmin_aug_sep": 16.18723374113534,
            "prec_jun_sep": 124.1773848759608,
            "vintage_score": -3.9156343728606657
        },
        "Deviation missing": 2.636375466933086,
        "Deviation filled": 5.57244988651412,
        "Improvement": -2.9360744195810335
    }
}