{
    "dataset": "Report(Bertelegni2023)",
    "gap_parameters": {
        "gap_type": "overlap",
        "perc": "0.0 %",
        "length": 6,
        "seed": 2023
    },
    "algorithm": "TimesNet",
    "algorithm_parameters": {
        "n_layers": 3,
        "d_model": 128,
        "d_ffn": 16,
        "n_heads": 2,
        "top_k": 3,
        "n_kernels": 5,
        "dropout": 0.5,
        "epochs": 100,
        "batch_size": 32,
        "attn_dropout": 0.4,
        "apply_nonstationary_norm": false,
        "num_workers": 0,
        "patience": 10,
        "lr": 0.0026526059709556992,
        "device": "cuda"
    },
    "metrics": {
        "Missing value percentage": 1.4804660726525016,
        "Missing value percentage between 4 and 9": 0.1366120218579235,
        "Mean absolute error": 0.056863124870541924,
        "Mean square error": 0.0052567191418622684,
        "Root mean square error": 0.07250323538892778,
        "Mean relative error": 0.07616515355426581,
        "Euclidean Distance": 0.3551918628075532,
        "r2 score": 0.9793637943069169,
        "Execution Time": 7.230185270309448
    },
    "vintage_score": {
        "original": {
            "Tmean_apr_sep": 20.354001429188713,
            "Tmin_aug_sep": 16.15245901639344,
            "prec_jun_sep": 125.0,
            "vintage_score": -4.14670757438347
        },
        "missing": {
            "Tmean_apr_sep": 20.347952552443118,
            "Tmin_aug_sep": 16.15245901639344,
            "prec_jun_sep": 125.0,
            "vintage_score": -4.1149108870538385
        },
        "filled": {
            "Tmean_apr_sep": 20.31703552648991,
            "Tmin_aug_sep": 16.15245901639344,
            "prec_jun_sep": 124.99496414321817,
            "vintage_score": -3.95313279588143
        },
        "Deviation missing": 0.7667935768139831,
        "Deviation filled": 4.6681560015917025,
        "Improvement": -3.9013624247777194
    }
}