{
    "dataset": "Report(Bertelegni2023)",
    "gap_parameters": {
        "gap_type": "overlap",
        "perc": "0.0 %",
        "length": 3,
        "seed": 2025
    },
    "algorithm": "TimesNet",
    "algorithm_parameters": {
        "n_layers": 3,
        "d_model": 128,
        "d_ffn": 16,
        "n_heads": 2,
        "top_k": 3,
        "n_kernels": 5,
        "dropout": 0.5,
        "epochs": 100,
        "batch_size": 32,
        "attn_dropout": 0.4,
        "apply_nonstationary_norm": false,
        "num_workers": 0,
        "patience": 10,
        "lr": 0.0026526059709556992,
        "device": "cuda"
    },
    "metrics": {
        "Missing value percentage": 1.4393420150788212,
        "Missing value percentage between 4 and 9": 0.06830601092896176,
        "Mean absolute error": 0.18817845206645345,
        "Mean square error": 0.048806551379038436,
        "Root mean square error": 0.22092204819582503,
        "Mean relative error": 0.18697482762077408,
        "Euclidean Distance": 0.7652964239747303,
        "r2 score": 0.8711294750014379,
        "Execution Time": 7.814705848693848
    },
    "vintage_score": {
        "original": {
            "Tmean_apr_sep": 20.354001429188713,
            "Tmin_aug_sep": 16.15245901639344,
            "prec_jun_sep": 125.0,
            "vintage_score": -4.14670757438347
        },
        "missing": {
            "Tmean_apr_sep": 20.356307994485302,
            "Tmin_aug_sep": 16.15245901639344,
            "prec_jun_sep": 125.0,
            "vintage_score": -4.158845413171321
        },
        "filled": {
            "Tmean_apr_sep": 20.31512137056974,
            "Tmin_aug_sep": 16.15245901639344,
            "prec_jun_sep": 124.9942913578727,
            "vintage_score": -3.9431568544312654
        },
        "Deviation missing": 0.29271026640106024,
        "Deviation filled": 4.908730994431606,
        "Improvement": -4.616020728030546
    }
}