{
    "dataset": "Report(Bertelegni2023)",
    "gap_parameters": {
        "gap_type": "overlap",
        "perc": "50.0 %",
        "length": 6,
        "seed": 2024
    },
    "algorithm": "TimesNet",
    "algorithm_parameters": {
        "n_layers": 3,
        "d_model": 128,
        "d_ffn": 16,
        "n_heads": 2,
        "top_k": 3,
        "n_kernels": 5,
        "dropout": 0.5,
        "epochs": 100,
        "batch_size": 32,
        "attn_dropout": 0.4,
        "apply_nonstationary_norm": false,
        "num_workers": 0,
        "patience": 10,
        "lr": 0.0026526059709556992,
        "device": "cuda"
    },
    "metrics": {
        "Missing value percentage": 1.4804660726525016,
        "Missing value percentage between 4 and 9": 0.1366120218579235,
        "Mean absolute error": 0.2994770474071533,
        "Mean square error": 0.12132937762880205,
        "Root mean square error": 0.34832366791362607,
        "Mean relative error": 0.20718477046210926,
        "Euclidean Distance": 1.7064305034461174,
        "r2 score": 0.8479333716960424,
        "Execution Time": 7.9318742752075195
    },
    "vintage_score": {
        "original": {
            "Tmean_apr_sep": 20.354001429188713,
            "Tmin_aug_sep": 16.15245901639344,
            "prec_jun_sep": 125.0,
            "vintage_score": -4.14670757438347
        },
        "missing": {
            "Tmean_apr_sep": 20.347588253718165,
            "Tmin_aug_sep": 16.15245901639344,
            "prec_jun_sep": 125.0,
            "vintage_score": -4.112997490985549
        },
        "filled": {
            "Tmean_apr_sep": 20.31039805149025,
            "Tmin_aug_sep": 16.15245901639344,
            "prec_jun_sep": 124.86958052471996,
            "vintage_score": -3.9177105152972445
        },
        "Deviation missing": 0.8129361136089441,
        "Deviation filled": 5.5223826367904065,
        "Improvement": -4.709446523181462
    }
}