{
    "dataset": "Report(Bertelegni2023)",
    "gap_parameters": {
        "gap_type": "overlap",
        "perc": "100.0 %",
        "length": 6,
        "seed": 2025
    },
    "algorithm": "TimesNet",
    "algorithm_parameters": {
        "n_layers": 3,
        "d_model": 128,
        "d_ffn": 16,
        "n_heads": 2,
        "top_k": 3,
        "n_kernels": 5,
        "dropout": 0.5,
        "epochs": 100,
        "batch_size": 32,
        "attn_dropout": 0.4,
        "apply_nonstationary_norm": false,
        "num_workers": 0,
        "patience": 10,
        "lr": 0.0026526059709556992,
        "device": "cuda"
    },
    "metrics": {
        "Missing value percentage": 1.4804660726525016,
        "Missing value percentage between 4 and 9": 0.1366120218579235,
        "Mean absolute error": 0.1248355507194193,
        "Mean square error": 0.019894117266325378,
        "Root mean square error": 0.14104650745880018,
        "Mean relative error": 0.1366904977173691,
        "Euclidean Distance": 0.6909839465514586,
        "r2 score": 0.9391429180345258,
        "Execution Time": 7.7659289836883545
    },
    "vintage_score": {
        "original": {
            "Tmean_apr_sep": 20.354001429188713,
            "Tmin_aug_sep": 16.15245901639344,
            "prec_jun_sep": 125.0,
            "vintage_score": -4.14670757438347
        },
        "missing": {
            "Tmean_apr_sep": 20.360622558514763,
            "Tmin_aug_sep": 16.15245901639344,
            "prec_jun_sep": 125.0,
            "vintage_score": -4.181569341076795
        },
        "filled": {
            "Tmean_apr_sep": 20.312862142818297,
            "Tmin_aug_sep": 16.15245901639344,
            "prec_jun_sep": 124.69036518443583,
            "vintage_score": -3.9292918479783054
        },
        "Deviation missing": 0.8407095525299564,
        "Deviation filled": 5.243092803270306,
        "Improvement": -4.40238325074035
    }
}