{
    "dataset": "Report(Bertelegni2023)",
    "gap_parameters": {
        "gap_type": "overlap",
        "perc": "50.0 %",
        "length": 3,
        "seed": 2023
    },
    "algorithm": "TimesNet",
    "algorithm_parameters": {
        "n_layers": 3,
        "d_model": 128,
        "d_ffn": 16,
        "n_heads": 2,
        "top_k": 3,
        "n_kernels": 5,
        "dropout": 0.5,
        "epochs": 100,
        "batch_size": 32,
        "attn_dropout": 0.4,
        "apply_nonstationary_norm": false,
        "num_workers": 0,
        "patience": 10,
        "lr": 0.0026526059709556992,
        "device": "cuda"
    },
    "metrics": {
        "Missing value percentage": 1.4393420150788212,
        "Missing value percentage between 4 and 9": 0.06830601092896176,
        "Mean absolute error": 0.03652387034992668,
        "Mean square error": 0.0017759616323708436,
        "Root mean square error": 0.0421421597971775,
        "Mean relative error": 0.04106223979706714,
        "Euclidean Distance": 0.145984723818802,
        "r2 score": 0.9940512502456841,
        "Execution Time": 8.098336219787598
    },
    "vintage_score": {
        "original": {
            "Tmean_apr_sep": 20.354001429188713,
            "Tmin_aug_sep": 16.15245901639344,
            "prec_jun_sep": 125.0,
            "vintage_score": -4.14670757438347
        },
        "missing": {
            "Tmean_apr_sep": 20.35013400790326,
            "Tmin_aug_sep": 16.15245901639344,
            "prec_jun_sep": 125.0,
            "vintage_score": -4.126372255730871
        },
        "filled": {
            "Tmean_apr_sep": 20.320125438658874,
            "Tmin_aug_sep": 16.15245901639344,
            "prec_jun_sep": 124.94602216988525,
            "vintage_score": -3.968900791271551
        },
        "Deviation missing": 0.4903967373590888,
        "Deviation filled": 4.2879026293132085,
        "Improvement": -3.7975058919541196
    }
}