{
    "dataset": "Report(Rebutti2023)",
    "gap_parameters": {
        "gap_type": "overlap",
        "perc": "0.0 %",
        "length": 3,
        "seed": 2023
    },
    "algorithm": "TimesNet",
    "algorithm_parameters": {
        "n_layers": 2,
        "d_model": 256,
        "d_ffn": 32,
        "n_heads": 3,
        "top_k": 1,
        "n_kernels": 5,
        "dropout": 0.1,
        "epochs": 100,
        "batch_size": 32,
        "attn_dropout": 0.5,
        "apply_nonstationary_norm": true,
        "num_workers": 0,
        "patience": 10,
        "lr": 0.00506298674405962,
        "device": "cuda"
    },
    "metrics": {
        "Missing value percentage": 0.10281014393420151,
        "Missing value percentage between 4 and 9": 0.06830601092896176,
        "Mean absolute error": 0.11823568976252105,
        "Mean square error": 0.01813767482345415,
        "Root mean square error": 0.13467618506422785,
        "Mean relative error": 0.12811005193295183,
        "Euclidean Distance": 0.46653199020160224,
        "r2 score": 0.9432886484661965,
        "Execution Time": 7.01895809173584
    },
    "vintage_score": {
        "original": {
            "Tmean_apr_sep": 20.91026867030965,
            "Tmin_aug_sep": 18.283606557377052,
            "prec_jun_sep": 120.3,
            "vintage_score": -8.122098331799663
        },
        "missing": {
            "Tmean_apr_sep": 20.906567135050743,
            "Tmin_aug_sep": 18.283606557377052,
            "prec_jun_sep": 120.3,
            "vintage_score": -8.099838662724466
        },
        "filled": {
            "Tmean_apr_sep": 20.911356434261833,
            "Tmin_aug_sep": 18.283606557377052,
            "prec_jun_sep": 120.17614389333892,
            "vintage_score": -8.12778644417088
        },
        "Deviation missing": 0.27406303353957107,
        "Deviation filled": 0.07003254748772547,
        "Improvement": 0.2040304860518456
    }
}