{
    "dataset": "Report(Rebutti2023)",
    "gap_parameters": {
        "gap_type": "overlap",
        "perc": "100.0 %",
        "length": 3,
        "seed": 2025
    },
    "algorithm": "TimesNet",
    "algorithm_parameters": {
        "n_layers": 2,
        "d_model": 256,
        "d_ffn": 32,
        "n_heads": 3,
        "top_k": 1,
        "n_kernels": 5,
        "dropout": 0.1,
        "epochs": 100,
        "batch_size": 32,
        "attn_dropout": 0.5,
        "apply_nonstationary_norm": true,
        "num_workers": 0,
        "patience": 10,
        "lr": 0.00506298674405962,
        "device": "cuda"
    },
    "metrics": {
        "Missing value percentage": 0.10281014393420151,
        "Missing value percentage between 4 and 9": 0.06830601092896176,
        "Mean absolute error": 0.12445353818787432,
        "Mean square error": 0.02362563692689157,
        "Root mean square error": 0.1537063333987626,
        "Mean relative error": 0.10133745637733681,
        "Euclidean Distance": 0.532454357783578,
        "r2 score": 0.9570268656350676,
        "Execution Time": 7.277353048324585
    },
    "vintage_score": {
        "original": {
            "Tmean_apr_sep": 20.91026867030965,
            "Tmin_aug_sep": 18.283606557377052,
            "prec_jun_sep": 120.3,
            "vintage_score": -8.122098331799663
        },
        "missing": {
            "Tmean_apr_sep": 20.911426362700418,
            "Tmin_aug_sep": 18.283606557377052,
            "prec_jun_sep": 120.3,
            "vintage_score": -8.129064086950137
        },
        "filled": {
            "Tmean_apr_sep": 20.91014794145168,
            "Tmin_aug_sep": 18.283606557377052,
            "prec_jun_sep": 119.94357697928822,
            "vintage_score": -8.118906284941488
        },
        "Deviation missing": 0.08576299948502669,
        "Deviation filled": 0.039300765981581685,
        "Improvement": 0.046462233503445007
    }
}