{
    "dataset": "Report(Rebutti2023)",
    "gap_parameters": {
        "gap_type": "overlap",
        "perc": "50.0 %",
        "length": 12,
        "seed": 2024
    },
    "algorithm": "TimesNet",
    "algorithm_parameters": {
        "n_layers": 2,
        "d_model": 256,
        "d_ffn": 32,
        "n_heads": 3,
        "top_k": 1,
        "n_kernels": 5,
        "dropout": 0.1,
        "epochs": 100,
        "batch_size": 32,
        "attn_dropout": 0.5,
        "apply_nonstationary_norm": true,
        "num_workers": 0,
        "patience": 10,
        "lr": 0.00506298674405962,
        "device": "cuda"
    },
    "metrics": {
        "Missing value percentage": 0.22618231665524333,
        "Missing value percentage between 4 and 9": 0.273224043715847,
        "Mean absolute error": 0.13958134677544626,
        "Mean square error": 0.03143416993602555,
        "Root mean square error": 0.17729684130301235,
        "Mean relative error": 0.11328823770755073,
        "Euclidean Distance": 1.2283485486331873,
        "r2 score": 0.9465487419608809,
        "Execution Time": 6.987340450286865
    },
    "vintage_score": {
        "original": {
            "Tmean_apr_sep": 20.91026867030965,
            "Tmin_aug_sep": 18.283606557377052,
            "prec_jun_sep": 120.3,
            "vintage_score": -8.122098331799663
        },
        "missing": {
            "Tmean_apr_sep": 20.900591985428047,
            "Tmin_aug_sep": 18.283606557377052,
            "prec_jun_sep": 120.3,
            "vintage_score": -8.063945574201085
        },
        "filled": {
            "Tmean_apr_sep": 20.91452753701902,
            "Tmin_aug_sep": 18.283606557377052,
            "prec_jun_sep": 120.30149274504024,
            "vintage_score": -8.147742933313651
        },
        "Deviation missing": 0.7159819448491231,
        "Deviation filled": 0.3157386240152351,
        "Improvement": 0.400243320833888
    }
}