{
    "dataset": "Report(Rebutti2023)",
    "gap_parameters": {
        "gap_type": "overlap",
        "perc": "100.0 %",
        "length": 24,
        "seed": 2023
    },
    "algorithm": "TimesNet",
    "algorithm_parameters": {
        "n_layers": 2,
        "d_model": 256,
        "d_ffn": 32,
        "n_heads": 3,
        "top_k": 1,
        "n_kernels": 5,
        "dropout": 0.1,
        "epochs": 100,
        "batch_size": 32,
        "attn_dropout": 0.5,
        "apply_nonstationary_norm": true,
        "num_workers": 0,
        "patience": 10,
        "lr": 0.00506298674405962,
        "device": "cuda"
    },
    "metrics": {
        "Missing value percentage": 0.39067854694996573,
        "Missing value percentage between 4 and 9": 0.546448087431694,
        "Mean absolute error": 0.09745732325396735,
        "Mean square error": 0.01471049962952567,
        "Root mean square error": 0.12128684854313625,
        "Mean relative error": 0.20904212596795319,
        "Euclidean Distance": 1.1883635657636424,
        "r2 score": 0.9404903202557349,
        "Execution Time": 7.653996706008911
    },
    "vintage_score": {
        "original": {
            "Tmean_apr_sep": 20.91026867030965,
            "Tmin_aug_sep": 18.283606557377052,
            "prec_jun_sep": 120.3,
            "vintage_score": -8.122098331799663
        },
        "missing": {
            "Tmean_apr_sep": 20.9220415907711,
            "Tmin_aug_sep": 18.38688524590164,
            "prec_jun_sep": 120.3,
            "vintage_score": -8.23525069291594
        },
        "filled": {
            "Tmean_apr_sep": 20.911985301225567,
            "Tmin_aug_sep": 18.277232753209166,
            "prec_jun_sep": 120.24564387734235,
            "vintage_score": -8.129445548762277
        },
        "Deviation missing": 1.393141975064045,
        "Deviation filled": 0.0904595913822967,
        "Improvement": 1.3026823836817483
    }
}