{
    "dataset": "Report(Rebutti2023)",
    "gap_parameters": {
        "gap_type": "overlap",
        "perc": "50.0 %",
        "length": 6,
        "seed": 2024
    },
    "algorithm": "TimesNet",
    "algorithm_parameters": {
        "n_layers": 2,
        "d_model": 256,
        "d_ffn": 32,
        "n_heads": 3,
        "top_k": 1,
        "n_kernels": 5,
        "dropout": 0.1,
        "epochs": 100,
        "batch_size": 32,
        "attn_dropout": 0.5,
        "apply_nonstationary_norm": true,
        "num_workers": 0,
        "patience": 10,
        "lr": 0.00506298674405962,
        "device": "cuda"
    },
    "metrics": {
        "Missing value percentage": 0.1439342015078821,
        "Missing value percentage between 4 and 9": 0.1366120218579235,
        "Mean absolute error": 0.09790876482134318,
        "Mean square error": 0.017284454463327426,
        "Root mean square error": 0.13147035583479427,
        "Mean relative error": 0.07766849238215241,
        "Euclidean Distance": 0.6440705761947797,
        "r2 score": 0.9722676226316714,
        "Execution Time": 8.228580951690674
    },
    "vintage_score": {
        "original": {
            "Tmean_apr_sep": 20.91026867030965,
            "Tmin_aug_sep": 18.283606557377052,
            "prec_jun_sep": 120.3,
            "vintage_score": -8.122098331799663
        },
        "missing": {
            "Tmean_apr_sep": 20.90640558591378,
            "Tmin_aug_sep": 18.283606557377052,
            "prec_jun_sep": 120.3,
            "vintage_score": -8.098867589492698
        },
        "filled": {
            "Tmean_apr_sep": 20.910707245144835,
            "Tmin_aug_sep": 18.283606557377052,
            "prec_jun_sep": 120.40494363214026,
            "vintage_score": -8.125462992188886
        },
        "Deviation missing": 0.2860189738901724,
        "Deviation filled": 0.04142599919100148,
        "Improvement": 0.2445929746991709
    }
}