{
    "dataset": "Report(Rebutti2023)",
    "gap_parameters": {
        "gap_type": "overlap",
        "perc": "0.0 %",
        "length": 12,
        "seed": 2023
    },
    "algorithm": "TimesNet",
    "algorithm_parameters": {
        "n_layers": 2,
        "d_model": 256,
        "d_ffn": 32,
        "n_heads": 3,
        "top_k": 1,
        "n_kernels": 5,
        "dropout": 0.1,
        "epochs": 100,
        "batch_size": 32,
        "attn_dropout": 0.5,
        "apply_nonstationary_norm": true,
        "num_workers": 0,
        "patience": 10,
        "lr": 0.00506298674405962,
        "device": "cuda"
    },
    "metrics": {
        "Missing value percentage": 0.22618231665524333,
        "Missing value percentage between 4 and 9": 0.273224043715847,
        "Mean absolute error": 0.12627848382911766,
        "Mean square error": 0.020446015282005393,
        "Root mean square error": 0.14298956354225784,
        "Mean relative error": 0.24089672530520126,
        "Euclidean Distance": 0.9906607560291663,
        "r2 score": 0.9080417323276985,
        "Execution Time": 7.593942880630493
    },
    "vintage_score": {
        "original": {
            "Tmean_apr_sep": 20.91026867030965,
            "Tmin_aug_sep": 18.283606557377052,
            "prec_jun_sep": 120.3,
            "vintage_score": -8.122098331799663
        },
        "missing": {
            "Tmean_apr_sep": 20.907825266718707,
            "Tmin_aug_sep": 18.283606557377052,
            "prec_jun_sep": 120.3,
            "vintage_score": -8.107402515639222
        },
        "filled": {
            "Tmean_apr_sep": 20.908424776053582,
            "Tmin_aug_sep": 18.28016277510848,
            "prec_jun_sep": 119.6432391680249,
            "vintage_score": -8.105055871417363
        },
        "Deviation missing": 0.18093620096795854,
        "Deviation filled": 0.20982829419307455,
        "Improvement": -0.028892093225116017
    }
}