{
    "dataset": "Report(Rebutti2023)",
    "gap_parameters": {
        "gap_type": "overlap",
        "perc": "100.0 %",
        "length": 12,
        "seed": 2023
    },
    "algorithm": "TimesNet",
    "algorithm_parameters": {
        "n_layers": 2,
        "d_model": 256,
        "d_ffn": 32,
        "n_heads": 3,
        "top_k": 1,
        "n_kernels": 5,
        "dropout": 0.1,
        "epochs": 100,
        "batch_size": 32,
        "attn_dropout": 0.5,
        "apply_nonstationary_norm": true,
        "num_workers": 0,
        "patience": 10,
        "lr": 0.00506298674405962,
        "device": "cuda"
    },
    "metrics": {
        "Missing value percentage": 0.22618231665524333,
        "Missing value percentage between 4 and 9": 0.273224043715847,
        "Mean absolute error": 0.13038902492827217,
        "Mean square error": 0.028775369733912783,
        "Root mean square error": 0.16963304434547175,
        "Mean relative error": 0.24873825032191546,
        "Euclidean Distance": 1.1752522057957784,
        "r2 score": 0.8705795180203417,
        "Execution Time": 7.523412227630615
    },
    "vintage_score": {
        "original": {
            "Tmean_apr_sep": 20.91026867030965,
            "Tmin_aug_sep": 18.283606557377052,
            "prec_jun_sep": 120.3,
            "vintage_score": -8.122098331799663
        },
        "missing": {
            "Tmean_apr_sep": 20.907825266718707,
            "Tmin_aug_sep": 18.283606557377052,
            "prec_jun_sep": 120.3,
            "vintage_score": -8.107402515639222
        },
        "filled": {
            "Tmean_apr_sep": 20.90690807512071,
            "Tmin_aug_sep": 18.277144543280745,
            "prec_jun_sep": 119.86639601797752,
            "vintage_score": -8.096246182789201
        },
        "Deviation missing": 0.18093620096795854,
        "Deviation filled": 0.31829396732670523,
        "Improvement": -0.1373577663587467
    }
}