{
    "dataset": "Report(Rebutti2023)",
    "gap_parameters": {
        "gap_type": "overlap",
        "perc": "50.0 %",
        "length": 24,
        "seed": 2023
    },
    "algorithm": "TimesNet",
    "algorithm_parameters": {
        "n_layers": 2,
        "d_model": 256,
        "d_ffn": 32,
        "n_heads": 3,
        "top_k": 1,
        "n_kernels": 5,
        "dropout": 0.1,
        "epochs": 100,
        "batch_size": 32,
        "attn_dropout": 0.5,
        "apply_nonstationary_norm": true,
        "num_workers": 0,
        "patience": 10,
        "lr": 0.00506298674405962,
        "device": "cuda"
    },
    "metrics": {
        "Missing value percentage": 0.39067854694996573,
        "Missing value percentage between 4 and 9": 0.546448087431694,
        "Mean absolute error": 0.21955146591304614,
        "Mean square error": 0.07459482735565798,
        "Root mean square error": 0.27312053631255556,
        "Mean relative error": 0.4709292607415773,
        "Euclidean Distance": 2.676023808964195,
        "r2 score": 0.698234975132718,
        "Execution Time": 7.145300626754761
    },
    "vintage_score": {
        "original": {
            "Tmean_apr_sep": 20.91026867030965,
            "Tmin_aug_sep": 18.283606557377052,
            "prec_jun_sep": 120.3,
            "vintage_score": -8.122098331799663
        },
        "missing": {
            "Tmean_apr_sep": 20.9220415907711,
            "Tmin_aug_sep": 18.38688524590164,
            "prec_jun_sep": 120.3,
            "vintage_score": -8.23525069291594
        },
        "filled": {
            "Tmean_apr_sep": 20.91637804858544,
            "Tmin_aug_sep": 18.27513173491366,
            "prec_jun_sep": 121.83251972148268,
            "vintage_score": -8.166015196341817
        },
        "Deviation missing": 1.393141975064045,
        "Deviation filled": 0.5407083582109707,
        "Improvement": 0.8524336168530743
    }
}