{
    "dataset": "Report(Rebutti2023)",
    "gap_parameters": {
        "gap_type": "overlap",
        "perc": "100.0 %",
        "length": 12,
        "seed": 2024
    },
    "algorithm": "TimesNet",
    "algorithm_parameters": {
        "n_layers": 2,
        "d_model": 256,
        "d_ffn": 32,
        "n_heads": 3,
        "top_k": 1,
        "n_kernels": 5,
        "dropout": 0.1,
        "epochs": 100,
        "batch_size": 32,
        "attn_dropout": 0.5,
        "apply_nonstationary_norm": true,
        "num_workers": 0,
        "patience": 10,
        "lr": 0.00506298674405962,
        "device": "cuda"
    },
    "metrics": {
        "Missing value percentage": 0.22618231665524333,
        "Missing value percentage between 4 and 9": 0.273224043715847,
        "Mean absolute error": 0.10952398572383401,
        "Mean square error": 0.017709432802791983,
        "Root mean square error": 0.1330767928783677,
        "Mean relative error": 0.08889281853198705,
        "Euclidean Distance": 0.9219830662946218,
        "r2 score": 0.9698865449797158,
        "Execution Time": 7.463264226913452
    },
    "vintage_score": {
        "original": {
            "Tmean_apr_sep": 20.91026867030965,
            "Tmin_aug_sep": 18.283606557377052,
            "prec_jun_sep": 120.3,
            "vintage_score": -8.122098331799663
        },
        "missing": {
            "Tmean_apr_sep": 20.900591985428047,
            "Tmin_aug_sep": 18.283606557377052,
            "prec_jun_sep": 120.3,
            "vintage_score": -8.063945574201085
        },
        "filled": {
            "Tmean_apr_sep": 20.912923766870225,
            "Tmin_aug_sep": 18.283606557377052,
            "prec_jun_sep": 119.7370108730428,
            "vintage_score": -8.134181805166037
        },
        "Deviation missing": 0.7159819448491231,
        "Deviation filled": 0.14877280319378694,
        "Improvement": 0.5672091416553362
    }
}