{
    "dataset": "Report(Rebutti2023)",
    "gap_parameters": {
        "gap_type": "overlap",
        "perc": "0.0 %",
        "length": 48,
        "seed": 2025
    },
    "algorithm": "TimesNet",
    "algorithm_parameters": {
        "n_layers": 2,
        "d_model": 256,
        "d_ffn": 32,
        "n_heads": 3,
        "top_k": 1,
        "n_kernels": 5,
        "dropout": 0.1,
        "epochs": 100,
        "batch_size": 32,
        "attn_dropout": 0.5,
        "apply_nonstationary_norm": true,
        "num_workers": 0,
        "patience": 10,
        "lr": 0.00506298674405962,
        "device": "cuda"
    },
    "metrics": {
        "Missing value percentage": 0.7196710075394106,
        "Missing value percentage between 4 and 9": 1.092896174863388,
        "Mean absolute error": 0.15895826094233645,
        "Mean square error": 0.043038997726809865,
        "Root mean square error": 0.2074584240921777,
        "Mean relative error": 0.13095989223808688,
        "Euclidean Distance": 2.874628247886592,
        "r2 score": 0.933825471888015,
        "Execution Time": 7.068121671676636
    },
    "vintage_score": {
        "original": {
            "Tmean_apr_sep": 20.91026867030965,
            "Tmin_aug_sep": 18.283606557377052,
            "prec_jun_sep": 120.3,
            "vintage_score": -8.122098331799663
        },
        "missing": {
            "Tmean_apr_sep": 20.840417915417916,
            "Tmin_aug_sep": 18.15666666666667,
            "prec_jun_sep": 120.3,
            "vintage_score": -7.653273278762782
        },
        "filled": {
            "Tmean_apr_sep": 20.914081483484637,
            "Tmin_aug_sep": 18.275794782205512,
            "prec_jun_sep": 119.64355717733558,
            "vintage_score": -8.137311132840438
        },
        "Deviation missing": 5.772215921116533,
        "Deviation filled": 0.18730136498365016,
        "Improvement": 5.584914556132883
    }
}