{
    "dataset": "UCB1_lai_field_timeseries",
    "gap_parameters": {
        "gap_type": "custom_single",
        "seed": 2025
    },
    "algorithm": "Saits",
    "algorithm_parameters": {
        "n_layers": 2,
        "d_model": 32,
        "d_ffn": 128,
        "n_heads": 2,
        "d_k": 16,
        "d_v": 128,
        "dropout": 0,
        "epochs": 200,
        "batch_size": 32,
        "ORT_weight": 1,
        "MIT_weight": 1,
        "attn_dropout": 0.3,
        "diagonal_attention_mask": true,
        "num_workers": 0,
        "patience": 20,
        "lr": 0.001224014111277117,
        "device": "cuda"
    },
    "metrics": {
        "Missing value percentage": 14.393939393939394,
        "Mean absolute error": 0.10054967986171168,
        "Mean square error": 0.015763886389702667,
        "Root mean square error": 0.1255543164917187,
        "Mean relative error": 0.13313132646337775,
        "Euclidean Distance": 0.30754401040864343,
        "r2 score": 0.46248069543877457,
        "Execution Time": 7.428701162338257
    }
}