{
    "dataset": "Report(Rebutti2023)",
    "gap_parameters": {
        "gap_type": "overlap",
        "perc": "100.0 %",
        "length": 3,
        "seed": 2025
    },
    "algorithm": "CDMissingValueRecovery",
    "algorithm_parameters": {
        "truncation": 3,
        "eps": 0.0006726626404970295
    },
    "metrics": {
        "Missing value percentage": 0.10281014393420151,
        "Missing value percentage between 4 and 9": 0.06830601092896176,
        "Mean absolute error": 0.08365231708862111,
        "Mean square error": 0.010819167595210203,
        "Root mean square error": 0.10401522770830338,
        "Mean relative error": 0.06811468084607036,
        "Euclidean Distance": 0.3603193183032701,
        "r2 score": 0.9803208038697789,
        "Execution Time": 0.45206236839294434
    },
    "vintage_score": {
        "original": {
            "Tmean_apr_sep": 20.91026867030965,
            "Tmin_aug_sep": 18.283606557377052,
            "prec_jun_sep": 120.3,
            "vintage_score": -8.122098331799663
        },
        "missing": {
            "Tmean_apr_sep": 20.911426362700418,
            "Tmin_aug_sep": 18.283606557377052,
            "prec_jun_sep": 120.3,
            "vintage_score": -8.129064086950137
        },
        "filled": {
            "Tmean_apr_sep": 20.909687747461803,
            "Tmin_aug_sep": 18.283606557377052,
            "prec_jun_sep": 120.28741536984951,
            "vintage_score": -8.11851658446949
        },
        "Deviation missing": 0.08576299948502669,
        "Deviation filled": 0.0440987929947867,
        "Improvement": 0.04166420649023999
    }
}