{
    "dataset": "Report(Rebutti2023)",
    "gap_parameters": {
        "gap_type": "overlap",
        "perc": "50.0 %",
        "length": 3,
        "seed": 2025
    },
    "algorithm": "CDMissingValueRecovery",
    "algorithm_parameters": {
        "truncation": 3,
        "eps": 0.0006726626404970295
    },
    "metrics": {
        "Missing value percentage": 0.10281014393420151,
        "Missing value percentage between 4 and 9": 0.06830601092896176,
        "Mean absolute error": 0.08791210412360723,
        "Mean square error": 0.011139776738090286,
        "Root mean square error": 0.10554514076019932,
        "Mean relative error": 0.07158325224323703,
        "Euclidean Distance": 0.36561909257736336,
        "r2 score": 0.9797376416118366,
        "Execution Time": 0.3191032409667969
    },
    "vintage_score": {
        "original": {
            "Tmean_apr_sep": 20.91026867030965,
            "Tmin_aug_sep": 18.283606557377052,
            "prec_jun_sep": 120.3,
            "vintage_score": -8.122098331799663
        },
        "missing": {
            "Tmean_apr_sep": 20.911426362700418,
            "Tmin_aug_sep": 18.283606557377052,
            "prec_jun_sep": 120.3,
            "vintage_score": -8.129064086950137
        },
        "filled": {
            "Tmean_apr_sep": 20.909685414005573,
            "Tmin_aug_sep": 18.283606557377052,
            "prec_jun_sep": 120.26441460349133,
            "vintage_score": -8.118343428601719
        },
        "Deviation missing": 0.08576299948502669,
        "Deviation filled": 0.0462307035023523,
        "Improvement": 0.039532295982674395
    }
}