{
    "dataset": "Report(Rebutti2023)",
    "gap_parameters": {
        "gap_type": "overlap",
        "perc": "100.0 %",
        "length": 3,
        "seed": 2023
    },
    "algorithm": "CDMissingValueRecovery",
    "algorithm_parameters": {
        "truncation": 3,
        "eps": 0.0006726626404970295
    },
    "metrics": {
        "Missing value percentage": 0.10281014393420151,
        "Missing value percentage between 4 and 9": 0.06830601092896176,
        "Mean absolute error": 0.11457025343333493,
        "Mean square error": 0.01849643108458055,
        "Root mean square error": 0.13600158486054695,
        "Mean relative error": 0.12413849952409692,
        "Euclidean Distance": 0.47112330977673467,
        "r2 score": 0.942166919653781,
        "Execution Time": 0.3322746753692627
    },
    "vintage_score": {
        "original": {
            "Tmean_apr_sep": 20.91026867030965,
            "Tmin_aug_sep": 18.283606557377052,
            "prec_jun_sep": 120.3,
            "vintage_score": -8.122098331799663
        },
        "missing": {
            "Tmean_apr_sep": 20.906567135050743,
            "Tmin_aug_sep": 18.283606557377052,
            "prec_jun_sep": 120.3,
            "vintage_score": -8.099838662724466
        },
        "filled": {
            "Tmean_apr_sep": 20.909403569360464,
            "Tmin_aug_sep": 18.283606557377052,
            "prec_jun_sep": 120.30252191974938,
            "vintage_score": -8.116911713979931
        },
        "Deviation missing": 0.27406303353957107,
        "Deviation filled": 0.06385810178417624,
        "Improvement": 0.21020493175539484
    }
}