{
    "dataset": "Report(Rebutti2023)",
    "gap_parameters": {
        "gap_type": "overlap",
        "perc": "0.0 %",
        "length": 6,
        "seed": 2024
    },
    "algorithm": "CDMissingValueRecovery",
    "algorithm_parameters": {
        "truncation": 3,
        "eps": 0.0006726626404970295
    },
    "metrics": {
        "Missing value percentage": 0.1439342015078821,
        "Missing value percentage between 4 and 9": 0.1366120218579235,
        "Mean absolute error": 0.07653945115455217,
        "Mean square error": 0.007462354052781764,
        "Root mean square error": 0.086384917970568,
        "Mean relative error": 0.0607167682053688,
        "Euclidean Distance": 0.42319794100015395,
        "r2 score": 0.9880268816648564,
        "Execution Time": 0.35890793800354004
    },
    "vintage_score": {
        "original": {
            "Tmean_apr_sep": 20.91026867030965,
            "Tmin_aug_sep": 18.283606557377052,
            "prec_jun_sep": 120.3,
            "vintage_score": -8.122098331799663
        },
        "missing": {
            "Tmean_apr_sep": 20.90640558591378,
            "Tmin_aug_sep": 18.283606557377052,
            "prec_jun_sep": 120.3,
            "vintage_score": -8.098867589492698
        },
        "filled": {
            "Tmean_apr_sep": 20.909769753321953,
            "Tmin_aug_sep": 18.283606557377052,
            "prec_jun_sep": 120.17157448406097,
            "vintage_score": -8.118208496227595
        },
        "Deviation missing": 0.2860189738901724,
        "Deviation filled": 0.04789200294261488,
        "Improvement": 0.23812697094755753
    }
}