{
    "dataset": "Report(Rebutti2023)",
    "gap_parameters": {
        "gap_type": "overlap",
        "perc": "50.0 %",
        "length": 24,
        "seed": 2023
    },
    "algorithm": "CDMissingValueRecovery",
    "algorithm_parameters": {
        "truncation": 3,
        "eps": 0.0006726626404970295
    },
    "metrics": {
        "Missing value percentage": 0.39067854694996573,
        "Missing value percentage between 4 and 9": 0.546448087431694,
        "Mean absolute error": 0.09880415159227027,
        "Mean square error": 0.01644031907005568,
        "Root mean square error": 0.12821980763538712,
        "Mean relative error": 0.211931019790935,
        "Euclidean Distance": 1.2562924144980585,
        "r2 score": 0.9334925293231461,
        "Execution Time": 0.39020824432373047
    },
    "vintage_score": {
        "original": {
            "Tmean_apr_sep": 20.91026867030965,
            "Tmin_aug_sep": 18.283606557377052,
            "prec_jun_sep": 120.3,
            "vintage_score": -8.122098331799663
        },
        "missing": {
            "Tmean_apr_sep": 20.9220415907711,
            "Tmin_aug_sep": 18.38688524590164,
            "prec_jun_sep": 120.3,
            "vintage_score": -8.23525069291594
        },
        "filled": {
            "Tmean_apr_sep": 20.90504765426724,
            "Tmin_aug_sep": 18.272283735758798,
            "prec_jun_sep": 120.03086948202899,
            "vintage_score": -8.084214705185701
        },
        "Deviation missing": 1.393141975064045,
        "Deviation filled": 0.46642659404453907,
        "Improvement": 0.9267153810195059
    }
}