{
    "dataset": "Report(Rebutti2023)",
    "gap_parameters": {
        "gap_type": "overlap",
        "perc": "50.0 %",
        "length": 12,
        "seed": 2024
    },
    "algorithm": "CDMissingValueRecovery",
    "algorithm_parameters": {
        "truncation": 3,
        "eps": 0.0006726626404970295
    },
    "metrics": {
        "Missing value percentage": 0.22618231665524333,
        "Missing value percentage between 4 and 9": 0.273224043715847,
        "Mean absolute error": 0.10035243436257504,
        "Mean square error": 0.016318871929942864,
        "Root mean square error": 0.12774534014962294,
        "Mean relative error": 0.08144892352191188,
        "Euclidean Distance": 0.8850456782772707,
        "r2 score": 0.9722510810302949,
        "Execution Time": 0.3517754077911377
    },
    "vintage_score": {
        "original": {
            "Tmean_apr_sep": 20.91026867030965,
            "Tmin_aug_sep": 18.283606557377052,
            "prec_jun_sep": 120.3,
            "vintage_score": -8.122098331799663
        },
        "missing": {
            "Tmean_apr_sep": 20.900591985428047,
            "Tmin_aug_sep": 18.283606557377052,
            "prec_jun_sep": 120.3,
            "vintage_score": -8.063945574201085
        },
        "filled": {
            "Tmean_apr_sep": 20.908562486332595,
            "Tmin_aug_sep": 18.283606557377052,
            "prec_jun_sep": 120.23945110196335,
            "vintage_score": -8.111416781181305
        },
        "Deviation missing": 0.7159819448491231,
        "Deviation filled": 0.13151220512238226,
        "Improvement": 0.5844697397267409
    }
}