{
    "dataset": "Report(Rebutti2023)",
    "gap_parameters": {
        "gap_type": "overlap",
        "perc": "50.0 %",
        "length": 6,
        "seed": 2025
    },
    "algorithm": "CDMissingValueRecovery",
    "algorithm_parameters": {
        "truncation": 3,
        "eps": 0.0006726626404970295
    },
    "metrics": {
        "Missing value percentage": 0.1439342015078821,
        "Missing value percentage between 4 and 9": 0.1366120218579235,
        "Mean absolute error": 0.15417233814276507,
        "Mean square error": 0.03555367435110935,
        "Root mean square error": 0.18855681995385198,
        "Mean relative error": 0.13176705445392145,
        "Euclidean Distance": 0.9237359928175689,
        "r2 score": 0.9297395921680945,
        "Execution Time": 0.37361741065979004
    },
    "vintage_score": {
        "original": {
            "Tmean_apr_sep": 20.91026867030965,
            "Tmin_aug_sep": 18.283606557377052,
            "prec_jun_sep": 120.3,
            "vintage_score": -8.122098331799663
        },
        "missing": {
            "Tmean_apr_sep": 20.91334368272893,
            "Tmin_aug_sep": 18.283606557377052,
            "prec_jun_sep": 120.3,
            "vintage_score": -8.140604472364004
        },
        "filled": {
            "Tmean_apr_sep": 20.908116045245556,
            "Tmin_aug_sep": 18.270140321874486,
            "prec_jun_sep": 120.19207281565218,
            "vintage_score": -8.102897989985365
        },
        "Deviation missing": 0.22784925530740835,
        "Deviation filled": 0.2363963230920781,
        "Improvement": -0.008547067784669737
    }
}