{
    "dataset": "Report(Rebutti2023)",
    "gap_parameters": {
        "gap_type": "overlap",
        "perc": "50.0 %",
        "length": 48,
        "seed": 2023
    },
    "algorithm": "CDMissingValueRecovery",
    "algorithm_parameters": {
        "truncation": 3,
        "eps": 0.0006726626404970295
    },
    "metrics": {
        "Missing value percentage": 0.7196710075394106,
        "Missing value percentage between 4 and 9": 1.092896174863388,
        "Mean absolute error": 0.11431213597251881,
        "Mean square error": 0.022262933029306164,
        "Root mean square error": 0.1492076842166856,
        "Mean relative error": 0.2187085540596837,
        "Euclidean Distance": 2.067482319543944,
        "r2 score": 0.9187415711129925,
        "Execution Time": 0.3547089099884033
    },
    "vintage_score": {
        "original": {
            "Tmean_apr_sep": 20.91026867030965,
            "Tmin_aug_sep": 18.283606557377052,
            "prec_jun_sep": 120.3,
            "vintage_score": -8.122098331799663
        },
        "missing": {
            "Tmean_apr_sep": 20.916042429792427,
            "Tmin_aug_sep": 18.445000000000004,
            "prec_jun_sep": 120.3,
            "vintage_score": -8.222850519237056
        },
        "filled": {
            "Tmean_apr_sep": 20.89831610998744,
            "Tmin_aug_sep": 18.265949777332327,
            "prec_jun_sep": 119.84907418025489,
            "vintage_score": -8.039947639791592
        },
        "Deviation missing": 1.2404699293399133,
        "Deviation filled": 1.0114466564192428,
        "Improvement": 0.22902327292067048
    }
}