{
    "dataset": "Report(Rebutti2023)",
    "gap_parameters": {
        "gap_type": "overlap",
        "perc": "0.0 %",
        "length": 48,
        "seed": 2024
    },
    "algorithm": "Autoformer",
    "algorithm_parameters": {
        "n_layers": 3,
        "d_model": 32,
        "d_ffn": 64,
        "n_heads": 3,
        "factor": 3,
        "moving_avg_window_size": 25,
        "dropout": 0.1,
        "epochs": 100,
        "batch_size": 32,
        "ORT_weight": 1,
        "MIT_weight": 1,
        "num_workers": 0,
        "patience": 10,
        "lr": 0.009559894962576391,
        "device": "cuda"
    },
    "metrics": {
        "Missing value percentage": 0.7196710075394106,
        "Missing value percentage between 4 and 9": 1.092896174863388,
        "Mean absolute error": 0.7298007254208266,
        "Mean square error": 0.9831635943309757,
        "Root mean square error": 0.9915460626370193,
        "Mean relative error": 0.9871236989300584,
        "Euclidean Distance": 13.739265268257554,
        "r2 score": -1.3611104861517167,
        "Execution Time": 10.181093215942383
    },
    "vintage_score": {
        "original": {
            "Tmean_apr_sep": 20.91026867030965,
            "Tmin_aug_sep": 18.283606557377052,
            "prec_jun_sep": 120.3,
            "vintage_score": -8.122098331799663
        },
        "missing": {
            "Tmean_apr_sep": 20.883550824175824,
            "Tmin_aug_sep": 18.281666666666673,
            "prec_jun_sep": 120.3,
            "vintage_score": -7.961051377554753
        },
        "filled": {
            "Tmean_apr_sep": 20.822719759420668,
            "Tmin_aug_sep": 17.689211776516526,
            "prec_jun_sep": 120.35252415497563,
            "vintage_score": -7.3579111454780275
        },
        "Deviation missing": 1.9828244828602732,
        "Deviation filled": 9.408740883247956,
        "Improvement": -7.425916400387683
    }
}