{
    "dataset": "Report(Rebutti2023)",
    "gap_parameters": {
        "gap_type": "overlap",
        "perc": "100.0 %",
        "length": 24,
        "seed": 2024
    },
    "algorithm": "Autoformer",
    "algorithm_parameters": {
        "n_layers": 3,
        "d_model": 32,
        "d_ffn": 64,
        "n_heads": 3,
        "factor": 3,
        "moving_avg_window_size": 25,
        "dropout": 0.1,
        "epochs": 100,
        "batch_size": 32,
        "ORT_weight": 1,
        "MIT_weight": 1,
        "num_workers": 0,
        "patience": 10,
        "lr": 0.009559894962576391,
        "device": "cuda"
    },
    "metrics": {
        "Missing value percentage": 0.39067854694996573,
        "Missing value percentage between 4 and 9": 0.546448087431694,
        "Mean absolute error": 0.7049681875901559,
        "Mean square error": 0.833400016973828,
        "Root mean square error": 0.9129074525787529,
        "Mean relative error": 0.6829055300917276,
        "Euclidean Distance": 8.94462976480795,
        "r2 score": -0.7864104883421217,
        "Execution Time": 10.204349756240845
    },
    "vintage_score": {
        "original": {
            "Tmean_apr_sep": 20.91026867030965,
            "Tmin_aug_sep": 18.283606557377052,
            "prec_jun_sep": 120.3,
            "vintage_score": -8.122098331799663
        },
        "missing": {
            "Tmean_apr_sep": 20.89825819672131,
            "Tmin_aug_sep": 18.283606557377052,
            "prec_jun_sep": 120.3,
            "vintage_score": -8.049939529675811
        },
        "filled": {
            "Tmean_apr_sep": 20.86900721787204,
            "Tmin_aug_sep": 17.998812436825716,
            "prec_jun_sep": 120.47443130845579,
            "vintage_score": -7.759773859498978
        },
        "Deviation missing": 0.8884256158452968,
        "Deviation filled": 4.460971260125121,
        "Improvement": -3.5725456442798245
    }
}