{
    "dataset": "Report(Rebutti2023)",
    "gap_parameters": {
        "gap_type": "overlap",
        "perc": "0.0 %",
        "length": 6,
        "seed": 2023
    },
    "algorithm": "Autoformer",
    "algorithm_parameters": {
        "n_layers": 3,
        "d_model": 32,
        "d_ffn": 64,
        "n_heads": 3,
        "factor": 3,
        "moving_avg_window_size": 25,
        "dropout": 0.1,
        "epochs": 100,
        "batch_size": 32,
        "ORT_weight": 1,
        "MIT_weight": 1,
        "num_workers": 0,
        "patience": 10,
        "lr": 0.009559894962576391,
        "device": "cuda"
    },
    "metrics": {
        "Missing value percentage": 0.1439342015078821,
        "Missing value percentage between 4 and 9": 0.1366120218579235,
        "Mean absolute error": 0.2310835248806526,
        "Mean square error": 0.1250564533960162,
        "Root mean square error": 0.3536332187394394,
        "Mean relative error": 0.2983391847653997,
        "Euclidean Distance": 1.7324418840193496,
        "r2 score": 0.5460007162718699,
        "Execution Time": 9.687740802764893
    },
    "vintage_score": {
        "original": {
            "Tmean_apr_sep": 20.91026867030965,
            "Tmin_aug_sep": 18.283606557377052,
            "prec_jun_sep": 120.3,
            "vintage_score": -8.122098331799663
        },
        "missing": {
            "Tmean_apr_sep": 20.90454614450516,
            "Tmin_aug_sep": 18.283606557377052,
            "prec_jun_sep": 120.3,
            "vintage_score": -8.087693023045261
        },
        "filled": {
            "Tmean_apr_sep": 20.912578126282156,
            "Tmin_aug_sep": 18.283606557377052,
            "prec_jun_sep": 120.30523601182277,
            "vintage_score": -8.13603219770016
        },
        "Deviation missing": 0.4236012339286439,
        "Deviation filled": 0.1715550013220575,
        "Improvement": 0.25204623260658643
    }
}