{
    "dataset": "Report(Rebutti2023)",
    "gap_parameters": {
        "gap_type": "overlap",
        "perc": "50.0 %",
        "length": 12,
        "seed": 2024
    },
    "algorithm": "Autoformer",
    "algorithm_parameters": {
        "n_layers": 3,
        "d_model": 32,
        "d_ffn": 64,
        "n_heads": 3,
        "factor": 3,
        "moving_avg_window_size": 25,
        "dropout": 0.1,
        "epochs": 100,
        "batch_size": 32,
        "ORT_weight": 1,
        "MIT_weight": 1,
        "num_workers": 0,
        "patience": 10,
        "lr": 0.009559894962576391,
        "device": "cuda"
    },
    "metrics": {
        "Missing value percentage": 0.22618231665524333,
        "Missing value percentage between 4 and 9": 0.273224043715847,
        "Mean absolute error": 0.7948136731688046,
        "Mean square error": 0.8577282246143261,
        "Root mean square error": 0.9261361803829532,
        "Mean relative error": 0.6450936491107029,
        "Euclidean Distance": 6.416459676604266,
        "r2 score": -0.45849732169172674,
        "Execution Time": 9.292372941970825
    },
    "vintage_score": {
        "original": {
            "Tmean_apr_sep": 20.91026867030965,
            "Tmin_aug_sep": 18.283606557377052,
            "prec_jun_sep": 120.3,
            "vintage_score": -8.122098331799663
        },
        "missing": {
            "Tmean_apr_sep": 20.900591985428047,
            "Tmin_aug_sep": 18.283606557377052,
            "prec_jun_sep": 120.3,
            "vintage_score": -8.063945574201085
        },
        "filled": {
            "Tmean_apr_sep": 20.88682195508968,
            "Tmin_aug_sep": 18.164016246061042,
            "prec_jun_sep": 120.29963484392562,
            "vintage_score": -7.932509771433104
        },
        "Deviation missing": 0.7159819448491231,
        "Deviation filled": 2.334231286320203,
        "Improvement": -1.61824934147108
    }
}