{
    "dataset": "Report(Rebutti2023)",
    "gap_parameters": {
        "gap_type": "overlap",
        "perc": "100.0 %",
        "length": 48,
        "seed": 2024
    },
    "algorithm": "Autoformer",
    "algorithm_parameters": {
        "n_layers": 3,
        "d_model": 32,
        "d_ffn": 64,
        "n_heads": 3,
        "factor": 3,
        "moving_avg_window_size": 25,
        "dropout": 0.1,
        "epochs": 100,
        "batch_size": 32,
        "ORT_weight": 1,
        "MIT_weight": 1,
        "num_workers": 0,
        "patience": 10,
        "lr": 0.009559894962576391,
        "device": "cuda"
    },
    "metrics": {
        "Missing value percentage": 0.7196710075394106,
        "Missing value percentage between 4 and 9": 1.092896174863388,
        "Mean absolute error": 1.0653669362893572,
        "Mean square error": 8.599695533949792,
        "Root mean square error": 2.932523748232875,
        "Mean relative error": 0.9275281834191333,
        "Euclidean Distance": 40.634241010733405,
        "r2 score": -0.15064158858565557,
        "Execution Time": 10.24947190284729
    },
    "vintage_score": {
        "original": {
            "Tmean_apr_sep": 20.91026867030965,
            "Tmin_aug_sep": 18.283606557377052,
            "prec_jun_sep": 120.3,
            "vintage_score": -8.122098331799663
        },
        "missing": {
            "Tmean_apr_sep": 20.883550824175824,
            "Tmin_aug_sep": 18.281666666666673,
            "prec_jun_sep": 81.0,
            "vintage_score": -7.689173977554759
        },
        "filled": {
            "Tmean_apr_sep": 20.83312034749908,
            "Tmin_aug_sep": 17.85701945383446,
            "prec_jun_sep": 81.02278340684757,
            "vintage_score": -7.215852910937258
        },
        "Deviation missing": 5.330203311500389,
        "Deviation filled": 11.157774553335189,
        "Improvement": -5.8275712418348
    }
}