{
    "dataset": "Report(Rebutti2023)",
    "gap_parameters": {
        "gap_type": "overlap",
        "perc": "100.0 %",
        "length": 24,
        "seed": 2025
    },
    "algorithm": "Autoformer",
    "algorithm_parameters": {
        "n_layers": 3,
        "d_model": 32,
        "d_ffn": 64,
        "n_heads": 3,
        "factor": 3,
        "moving_avg_window_size": 25,
        "dropout": 0.1,
        "epochs": 100,
        "batch_size": 32,
        "ORT_weight": 1,
        "MIT_weight": 1,
        "num_workers": 0,
        "patience": 10,
        "lr": 0.009559894962576391,
        "device": "cuda"
    },
    "metrics": {
        "Missing value percentage": 0.39067854694996573,
        "Missing value percentage between 4 and 9": 0.546448087431694,
        "Mean absolute error": 1.125367694075456,
        "Mean square error": 1.8801755044538906,
        "Root mean square error": 1.3711949184758128,
        "Mean relative error": 0.8449997930102288,
        "Euclidean Distance": 13.434911552651746,
        "r2 score": -1.4258437117685023,
        "Execution Time": 9.971774816513062
    },
    "vintage_score": {
        "original": {
            "Tmean_apr_sep": 20.91026867030965,
            "Tmin_aug_sep": 18.283606557377052,
            "prec_jun_sep": 120.3,
            "vintage_score": -8.122098331799663
        },
        "missing": {
            "Tmean_apr_sep": 20.90110324557046,
            "Tmin_aug_sep": 18.324590163934428,
            "prec_jun_sep": 120.3,
            "vintage_score": -8.083773045041255
        },
        "filled": {
            "Tmean_apr_sep": 20.844656499930803,
            "Tmin_aug_sep": 17.753734537652605,
            "prec_jun_sep": 120.34561857645105,
            "vintage_score": -7.513939996779669
        },
        "Deviation missing": 0.47186435318514125,
        "Deviation filled": 7.487699731963724,
        "Improvement": -7.015835378778583
    }
}