{
    "dataset": "Report(Rebutti2023)",
    "gap_parameters": {
        "gap_type": "overlap",
        "perc": "0.0 %",
        "length": 12,
        "seed": 2023
    },
    "algorithm": "Autoformer",
    "algorithm_parameters": {
        "n_layers": 3,
        "d_model": 32,
        "d_ffn": 64,
        "n_heads": 3,
        "factor": 3,
        "moving_avg_window_size": 25,
        "dropout": 0.1,
        "epochs": 100,
        "batch_size": 32,
        "ORT_weight": 1,
        "MIT_weight": 1,
        "num_workers": 0,
        "patience": 10,
        "lr": 0.009559894962576391,
        "device": "cuda"
    },
    "metrics": {
        "Missing value percentage": 0.22618231665524333,
        "Missing value percentage between 4 and 9": 0.273224043715847,
        "Mean absolute error": 0.13185770849907646,
        "Mean square error": 0.03469466099849866,
        "Root mean square error": 0.1862650289198127,
        "Mean relative error": 0.25154000286112926,
        "Euclidean Distance": 1.2904819750496208,
        "r2 score": 0.8439568356525863,
        "Execution Time": 9.425649166107178
    },
    "vintage_score": {
        "original": {
            "Tmean_apr_sep": 20.91026867030965,
            "Tmin_aug_sep": 18.283606557377052,
            "prec_jun_sep": 120.3,
            "vintage_score": -8.122098331799663
        },
        "missing": {
            "Tmean_apr_sep": 20.907825266718707,
            "Tmin_aug_sep": 18.283606557377052,
            "prec_jun_sep": 120.3,
            "vintage_score": -8.107402515639222
        },
        "filled": {
            "Tmean_apr_sep": 20.910533388626973,
            "Tmin_aug_sep": 18.283606557377052,
            "prec_jun_sep": 120.36265157984542,
            "vintage_score": -8.124124386753152
        },
        "Deviation missing": 0.18093620096795854,
        "Deviation filled": 0.02494496952292739,
        "Improvement": 0.15599123144503116
    }
}