{
    "dataset": "Report(Rebutti2023)",
    "gap_parameters": {
        "gap_type": "overlap",
        "perc": "100.0 %",
        "length": 3,
        "seed": 2024
    },
    "algorithm": "Autoformer",
    "algorithm_parameters": {
        "n_layers": 3,
        "d_model": 32,
        "d_ffn": 64,
        "n_heads": 3,
        "factor": 3,
        "moving_avg_window_size": 25,
        "dropout": 0.1,
        "epochs": 100,
        "batch_size": 32,
        "ORT_weight": 1,
        "MIT_weight": 1,
        "num_workers": 0,
        "patience": 10,
        "lr": 0.009559894962576391,
        "device": "cuda"
    },
    "metrics": {
        "Missing value percentage": 0.10281014393420151,
        "Missing value percentage between 4 and 9": 0.06830601092896176,
        "Mean absolute error": 0.4713672785273177,
        "Mean square error": 0.3118828473753583,
        "Root mean square error": 0.5584647234833713,
        "Mean relative error": 0.4244996313364924,
        "Euclidean Distance": 1.9345785506162865,
        "r2 score": 0.35295382412611,
        "Execution Time": 9.473682165145874
    },
    "vintage_score": {
        "original": {
            "Tmean_apr_sep": 20.91026867030965,
            "Tmin_aug_sep": 18.283606557377052,
            "prec_jun_sep": 120.3,
            "vintage_score": -8.122098331799663
        },
        "missing": {
            "Tmean_apr_sep": 20.909940150923756,
            "Tmin_aug_sep": 18.283606557377052,
            "prec_jun_sep": 120.3,
            "vintage_score": -8.120121984867723
        },
        "filled": {
            "Tmean_apr_sep": 20.907061319897082,
            "Tmin_aug_sep": 18.239062070277065,
            "prec_jun_sep": 120.31721783399716,
            "vintage_score": -8.084714304258256
        },
        "Deviation missing": 0.0243329599224654,
        "Deviation filled": 0.46027548564686477,
        "Improvement": -0.43594252572439934
    }
}