{
    "dataset": "Report(Rebutti2023)",
    "gap_parameters": {
        "gap_type": "overlap",
        "perc": "0.0 %",
        "length": 48,
        "seed": 2023
    },
    "algorithm": "Autoformer",
    "algorithm_parameters": {
        "n_layers": 3,
        "d_model": 32,
        "d_ffn": 64,
        "n_heads": 3,
        "factor": 3,
        "moving_avg_window_size": 25,
        "dropout": 0.1,
        "epochs": 100,
        "batch_size": 32,
        "ORT_weight": 1,
        "MIT_weight": 1,
        "num_workers": 0,
        "patience": 10,
        "lr": 0.009559894962576391,
        "device": "cuda"
    },
    "metrics": {
        "Missing value percentage": 0.7196710075394106,
        "Missing value percentage between 4 and 9": 1.092896174863388,
        "Mean absolute error": 0.3893775541733813,
        "Mean square error": 0.3621388502030294,
        "Root mean square error": 0.6017797356201265,
        "Mean relative error": 0.7449795346054011,
        "Euclidean Distance": 8.338504616475424,
        "r2 score": -0.32178603635509484,
        "Execution Time": 9.625224351882935
    },
    "vintage_score": {
        "original": {
            "Tmean_apr_sep": 20.91026867030965,
            "Tmin_aug_sep": 18.283606557377052,
            "prec_jun_sep": 120.3,
            "vintage_score": -8.122098331799663
        },
        "missing": {
            "Tmean_apr_sep": 20.916042429792427,
            "Tmin_aug_sep": 18.445000000000004,
            "prec_jun_sep": 120.3,
            "vintage_score": -8.222850519237056
        },
        "filled": {
            "Tmean_apr_sep": 20.882894975555075,
            "Tmin_aug_sep": 17.894130943516704,
            "prec_jun_sep": 120.30052020226245,
            "vintage_score": -7.798670026923759
        },
        "Deviation missing": 1.2404699293399133,
        "Deviation filled": 3.9820781731934525,
        "Improvement": -2.7416082438535394
    }
}