{
    "dataset": "Report(Rebutti2023)",
    "gap_parameters": {
        "gap_type": "overlap",
        "perc": "100.0 %",
        "length": 48,
        "seed": 2025
    },
    "algorithm": "Autoformer",
    "algorithm_parameters": {
        "n_layers": 3,
        "d_model": 32,
        "d_ffn": 64,
        "n_heads": 3,
        "factor": 3,
        "moving_avg_window_size": 25,
        "dropout": 0.1,
        "epochs": 100,
        "batch_size": 32,
        "ORT_weight": 1,
        "MIT_weight": 1,
        "num_workers": 0,
        "patience": 10,
        "lr": 0.009559894962576391,
        "device": "cuda"
    },
    "metrics": {
        "Missing value percentage": 0.7196710075394106,
        "Missing value percentage between 4 and 9": 1.092896174863388,
        "Mean absolute error": 1.134874814912521,
        "Mean square error": 1.9172684084859637,
        "Root mean square error": 1.3846546170384741,
        "Mean relative error": 0.9349818158779235,
        "Euclidean Distance": 19.186337181163758,
        "r2 score": -1.947892351046605,
        "Execution Time": 10.26986575126648
    },
    "vintage_score": {
        "original": {
            "Tmean_apr_sep": 20.91026867030965,
            "Tmin_aug_sep": 18.283606557377052,
            "prec_jun_sep": 120.3,
            "vintage_score": -8.122098331799663
        },
        "missing": {
            "Tmean_apr_sep": 20.840417915417916,
            "Tmin_aug_sep": 18.15666666666667,
            "prec_jun_sep": 120.3,
            "vintage_score": -7.653273278762782
        },
        "filled": {
            "Tmean_apr_sep": 20.772723977503,
            "Tmin_aug_sep": 17.47936778002219,
            "prec_jun_sep": 120.18875572733758,
            "vintage_score": -6.977832402369273
        },
        "Deviation missing": 5.772215921116533,
        "Deviation filled": 14.088304311096014,
        "Improvement": -8.31608838997948
    }
}