{
    "dataset": "Report(Rebutti2023)",
    "gap_parameters": {
        "gap_type": "overlap",
        "perc": "50.0 %",
        "length": 24,
        "seed": 2024
    },
    "algorithm": "Autoformer",
    "algorithm_parameters": {
        "n_layers": 3,
        "d_model": 32,
        "d_ffn": 64,
        "n_heads": 3,
        "factor": 3,
        "moving_avg_window_size": 25,
        "dropout": 0.1,
        "epochs": 100,
        "batch_size": 32,
        "ORT_weight": 1,
        "MIT_weight": 1,
        "num_workers": 0,
        "patience": 10,
        "lr": 0.009559894962576391,
        "device": "cuda"
    },
    "metrics": {
        "Missing value percentage": 0.39067854694996573,
        "Missing value percentage between 4 and 9": 0.546448087431694,
        "Mean absolute error": 0.7521886193381987,
        "Mean square error": 1.2936459318472435,
        "Root mean square error": 1.137385568682513,
        "Mean relative error": 0.6651945498718174,
        "Euclidean Distance": 11.144057136309767,
        "r2 score": -0.5906129223310266,
        "Execution Time": 9.893989086151123
    },
    "vintage_score": {
        "original": {
            "Tmean_apr_sep": 20.91026867030965,
            "Tmin_aug_sep": 18.283606557377052,
            "prec_jun_sep": 120.3,
            "vintage_score": -8.122098331799663
        },
        "missing": {
            "Tmean_apr_sep": 20.89825819672131,
            "Tmin_aug_sep": 18.283606557377052,
            "prec_jun_sep": 115.5,
            "vintage_score": -8.0167331296758
        },
        "filled": {
            "Tmean_apr_sep": 20.87062638143958,
            "Tmin_aug_sep": 17.967424177177623,
            "prec_jun_sep": 115.52897884752144,
            "vintage_score": -7.722378736020062
        },
        "Deviation missing": 1.2972657781221044,
        "Deviation filled": 4.921383359945516,
        "Improvement": -3.6241175818234113
    }
}