{
    "dataset": "Report(Rebutti2023)",
    "gap_parameters": {
        "gap_type": "overlap",
        "perc": "50.0 %",
        "length": 12,
        "seed": 2025
    },
    "algorithm": "Autoformer",
    "algorithm_parameters": {
        "n_layers": 3,
        "d_model": 32,
        "d_ffn": 64,
        "n_heads": 3,
        "factor": 3,
        "moving_avg_window_size": 25,
        "dropout": 0.1,
        "epochs": 100,
        "batch_size": 32,
        "ORT_weight": 1,
        "MIT_weight": 1,
        "num_workers": 0,
        "patience": 10,
        "lr": 0.009559894962576391,
        "device": "cuda"
    },
    "metrics": {
        "Missing value percentage": 0.22618231665524333,
        "Missing value percentage between 4 and 9": 0.273224043715847,
        "Mean absolute error": 1.2180006689803617,
        "Mean square error": 2.0245033513019974,
        "Root mean square error": 1.422850431810033,
        "Mean relative error": 1.136667850985523,
        "Euclidean Distance": 9.857796957865277,
        "r2 score": -3.5965504984535492,
        "Execution Time": 9.864253997802734
    },
    "vintage_score": {
        "original": {
            "Tmean_apr_sep": 20.91026867030965,
            "Tmin_aug_sep": 18.283606557377052,
            "prec_jun_sep": 120.3,
            "vintage_score": -8.122098331799663
        },
        "missing": {
            "Tmean_apr_sep": 20.923507617155156,
            "Tmin_aug_sep": 18.324590163934428,
            "prec_jun_sep": 120.3,
            "vintage_score": -8.218622958597166
        },
        "filled": {
            "Tmean_apr_sep": 20.87392054361003,
            "Tmin_aug_sep": 17.907818569448576,
            "prec_jun_sep": 120.30372839937024,
            "vintage_score": -7.750685906703438
        },
        "Deviation missing": 1.1884198252019407,
        "Deviation filled": 4.57286294653771,
        "Improvement": -3.3844431213357695
    }
}