{
    "dataset": "Report(Rebutti2023)",
    "gap_parameters": {
        "gap_type": "overlap",
        "perc": "100.0 %",
        "length": 12,
        "seed": 2025
    },
    "algorithm": "Autoformer",
    "algorithm_parameters": {
        "n_layers": 3,
        "d_model": 32,
        "d_ffn": 64,
        "n_heads": 3,
        "factor": 3,
        "moving_avg_window_size": 25,
        "dropout": 0.1,
        "epochs": 100,
        "batch_size": 32,
        "ORT_weight": 1,
        "MIT_weight": 1,
        "num_workers": 0,
        "patience": 10,
        "lr": 0.009559894962576391,
        "device": "cuda"
    },
    "metrics": {
        "Missing value percentage": 0.22618231665524333,
        "Missing value percentage between 4 and 9": 0.273224043715847,
        "Mean absolute error": 0.9815653753194991,
        "Mean square error": 1.4347621096539973,
        "Root mean square error": 1.1978155574436313,
        "Mean relative error": 0.916020683880431,
        "Euclidean Distance": 8.298709614355314,
        "r2 score": -2.25756758369948,
        "Execution Time": 9.624670267105103
    },
    "vintage_score": {
        "original": {
            "Tmean_apr_sep": 20.91026867030965,
            "Tmin_aug_sep": 18.283606557377052,
            "prec_jun_sep": 120.3,
            "vintage_score": -8.122098331799663
        },
        "missing": {
            "Tmean_apr_sep": 20.923507617155156,
            "Tmin_aug_sep": 18.324590163934428,
            "prec_jun_sep": 120.3,
            "vintage_score": -8.218622958597166
        },
        "filled": {
            "Tmean_apr_sep": 20.882277965350053,
            "Tmin_aug_sep": 17.894060277220618,
            "prec_jun_sep": 120.33962209761361,
            "vintage_score": -7.795222810528713
        },
        "Deviation missing": 1.1884198252019407,
        "Deviation filled": 4.024520609300743,
        "Improvement": -2.8361007840988024
    }
}