{
    "dataset": "Report(Rebutti2023)",
    "gap_parameters": {
        "gap_type": "overlap",
        "perc": "50.0 %",
        "length": 48,
        "seed": 2023
    },
    "algorithm": "Autoformer",
    "algorithm_parameters": {
        "n_layers": 3,
        "d_model": 32,
        "d_ffn": 64,
        "n_heads": 3,
        "factor": 3,
        "moving_avg_window_size": 25,
        "dropout": 0.1,
        "epochs": 100,
        "batch_size": 32,
        "ORT_weight": 1,
        "MIT_weight": 1,
        "num_workers": 0,
        "patience": 10,
        "lr": 0.009559894962576391,
        "device": "cuda"
    },
    "metrics": {
        "Missing value percentage": 0.7196710075394106,
        "Missing value percentage between 4 and 9": 1.092896174863388,
        "Mean absolute error": 0.48921382526988333,
        "Mean square error": 0.6050539174207525,
        "Root mean square error": 0.7778521179637892,
        "Mean relative error": 0.9359920312967044,
        "Euclidean Distance": 10.778235112706769,
        "r2 score": -1.2084121017127187,
        "Execution Time": 9.568888902664185
    },
    "vintage_score": {
        "original": {
            "Tmean_apr_sep": 20.91026867030965,
            "Tmin_aug_sep": 18.283606557377052,
            "prec_jun_sep": 120.3,
            "vintage_score": -8.122098331799663
        },
        "missing": {
            "Tmean_apr_sep": 20.916042429792427,
            "Tmin_aug_sep": 18.445000000000004,
            "prec_jun_sep": 120.3,
            "vintage_score": -8.222850519237056
        },
        "filled": {
            "Tmean_apr_sep": 20.876913606597608,
            "Tmin_aug_sep": 17.75636444838865,
            "prec_jun_sep": 120.31763467979634,
            "vintage_score": -7.706717563660618
        },
        "Deviation missing": 1.2404699293399133,
        "Deviation filled": 5.114205112646133,
        "Improvement": -3.87373518330622
    }
}