{
    "dataset": "Report(Rebutti2023)",
    "gap_parameters": {
        "gap_type": "overlap",
        "perc": "50.0 %",
        "length": 6,
        "seed": 2023
    },
    "algorithm": "Autoformer",
    "algorithm_parameters": {
        "n_layers": 3,
        "d_model": 32,
        "d_ffn": 64,
        "n_heads": 3,
        "factor": 3,
        "moving_avg_window_size": 25,
        "dropout": 0.1,
        "epochs": 100,
        "batch_size": 32,
        "ORT_weight": 1,
        "MIT_weight": 1,
        "num_workers": 0,
        "patience": 10,
        "lr": 0.009559894962576391,
        "device": "cuda"
    },
    "metrics": {
        "Missing value percentage": 0.1439342015078821,
        "Missing value percentage between 4 and 9": 0.1366120218579235,
        "Mean absolute error": 0.20486283874246286,
        "Mean square error": 0.07359583508207353,
        "Root mean square error": 0.27128552317083476,
        "Mean relative error": 0.26448710409241755,
        "Euclidean Distance": 1.3290222127450833,
        "r2 score": 0.7328210139877567,
        "Execution Time": 9.69525694847107
    },
    "vintage_score": {
        "original": {
            "Tmean_apr_sep": 20.91026867030965,
            "Tmin_aug_sep": 18.283606557377052,
            "prec_jun_sep": 120.3,
            "vintage_score": -8.122098331799663
        },
        "missing": {
            "Tmean_apr_sep": 20.90454614450516,
            "Tmin_aug_sep": 18.283606557377052,
            "prec_jun_sep": 120.3,
            "vintage_score": -8.087693023045261
        },
        "filled": {
            "Tmean_apr_sep": 20.913383825431534,
            "Tmin_aug_sep": 18.283606557377052,
            "prec_jun_sep": 120.30708042497042,
            "vintage_score": -8.140895127782386
        },
        "Deviation missing": 0.4236012339286439,
        "Deviation filled": 0.23142783077533124,
        "Improvement": 0.19217340315331266
    }
}