{
    "dataset": "Report(Rebutti2023)",
    "gap_parameters": {
        "gap_type": "overlap",
        "perc": "50.0 %",
        "length": 48,
        "seed": 2024
    },
    "algorithm": "Autoformer",
    "algorithm_parameters": {
        "n_layers": 3,
        "d_model": 32,
        "d_ffn": 64,
        "n_heads": 3,
        "factor": 3,
        "moving_avg_window_size": 25,
        "dropout": 0.1,
        "epochs": 100,
        "batch_size": 32,
        "ORT_weight": 1,
        "MIT_weight": 1,
        "num_workers": 0,
        "patience": 10,
        "lr": 0.009559894962576391,
        "device": "cuda"
    },
    "metrics": {
        "Missing value percentage": 0.7196710075394106,
        "Missing value percentage between 4 and 9": 1.092896174863388,
        "Mean absolute error": 1.317785751378728,
        "Mean square error": 11.91422651928361,
        "Root mean square error": 3.4516990771623774,
        "Mean relative error": 0.9180368512961656,
        "Euclidean Distance": 47.82814539267088,
        "r2 score": -0.18813288150398044,
        "Execution Time": 9.60271954536438
    },
    "vintage_score": {
        "original": {
            "Tmean_apr_sep": 20.91026867030965,
            "Tmin_aug_sep": 18.283606557377052,
            "prec_jun_sep": 120.3,
            "vintage_score": -8.122098331799663
        },
        "missing": {
            "Tmean_apr_sep": 20.883550824175824,
            "Tmin_aug_sep": 18.281666666666673,
            "prec_jun_sep": 53.0,
            "vintage_score": -7.495469977554762
        },
        "filled": {
            "Tmean_apr_sep": 20.841740127305506,
            "Tmin_aug_sep": 17.933011825264934,
            "prec_jun_sep": 53.042939734672245,
            "vintage_score": -7.104366855016792
        },
        "Deviation missing": 7.715104258114226,
        "Deviation filled": 12.53040083002006,
        "Improvement": -4.815296571905834
    }
}