{
    "dataset": "Report(Bertelegni2023)",
    "gap_parameters": {
        "gap_type": "overlap",
        "perc": "0.0 %",
        "length": 3,
        "seed": 2025
    },
    "algorithm": "Autoformer",
    "algorithm_parameters": {
        "n_layers": 3,
        "d_model": 128,
        "d_ffn": 16,
        "n_heads": 2,
        "factor": 3,
        "moving_avg_window_size": 25,
        "dropout": 0,
        "epochs": 100,
        "batch_size": 32,
        "ORT_weight": 1,
        "MIT_weight": 1,
        "num_workers": 0,
        "patience": 10,
        "lr": 0.0016391197440885812,
        "device": "cuda"
    },
    "metrics": {
        "Missing value percentage": 1.4393420150788212,
        "Missing value percentage between 4 and 9": 0.06830601092896176,
        "Mean absolute error": 0.6921641278148772,
        "Mean square error": 0.6386681753178985,
        "Root mean square error": 0.7991671760763818,
        "Mean relative error": 0.687736917071502,
        "Euclidean Distance": 2.768396305411388,
        "r2 score": -0.6863617839723066,
        "Execution Time": 7.892457723617554
    },
    "vintage_score": {
        "original": {
            "Tmean_apr_sep": 20.354001429188713,
            "Tmin_aug_sep": 16.15245901639344,
            "prec_jun_sep": 125.0,
            "vintage_score": -4.14670757438347
        },
        "missing": {
            "Tmean_apr_sep": 20.356307994485302,
            "Tmin_aug_sep": 16.15245901639344,
            "prec_jun_sep": 125.0,
            "vintage_score": -4.158845413171321
        },
        "filled": {
            "Tmean_apr_sep": 20.30426853004608,
            "Tmin_aug_sep": 16.062969390674343,
            "prec_jun_sep": 124.98068082616953,
            "vintage_score": -3.850029478180062
        },
        "Deviation missing": 0.29271026640106024,
        "Deviation filled": 7.154545886865867,
        "Improvement": -6.861835620464807
    }
}