{
    "dataset": "Report(Bertelegni2023)",
    "gap_parameters": {
        "gap_type": "overlap",
        "perc": "0.0 %",
        "length": 12,
        "seed": 2023
    },
    "algorithm": "Autoformer",
    "algorithm_parameters": {
        "n_layers": 3,
        "d_model": 128,
        "d_ffn": 16,
        "n_heads": 2,
        "factor": 3,
        "moving_avg_window_size": 25,
        "dropout": 0,
        "epochs": 100,
        "batch_size": 32,
        "ORT_weight": 1,
        "MIT_weight": 1,
        "num_workers": 0,
        "patience": 10,
        "lr": 0.0016391197440885812,
        "device": "cuda"
    },
    "metrics": {
        "Missing value percentage": 1.562714187799863,
        "Missing value percentage between 4 and 9": 0.273224043715847,
        "Mean absolute error": 0.18172950676225735,
        "Mean square error": 0.0535948985158046,
        "Root mean square error": 0.23150572026583835,
        "Mean relative error": 0.426541290841756,
        "Euclidean Distance": 1.6039186789730566,
        "r2 score": 0.7962766333800559,
        "Execution Time": 9.558130502700806
    },
    "vintage_score": {
        "original": {
            "Tmean_apr_sep": 20.354001429188713,
            "Tmin_aug_sep": 16.15245901639344,
            "prec_jun_sep": 125.0,
            "vintage_score": -4.14670757438347
        },
        "missing": {
            "Tmean_apr_sep": 20.354973976677655,
            "Tmin_aug_sep": 16.17868852459016,
            "prec_jun_sep": 125.0,
            "vintage_score": -4.162549776100519
        },
        "filled": {
            "Tmean_apr_sep": 20.299912240608304,
            "Tmin_aug_sep": 16.17868852459016,
            "prec_jun_sep": 124.99901404908134,
            "vintage_score": -3.8748636790574835
        },
        "Deviation missing": 0.38204289627065946,
        "Deviation filled": 6.555656275482698,
        "Improvement": -6.173613379212038
    }
}