{
    "dataset": "Report(Bertelegni2023)",
    "gap_parameters": {
        "gap_type": "overlap",
        "perc": "50.0 %",
        "length": 24,
        "seed": 2024
    },
    "algorithm": "Autoformer",
    "algorithm_parameters": {
        "n_layers": 3,
        "d_model": 128,
        "d_ffn": 16,
        "n_heads": 2,
        "factor": 3,
        "moving_avg_window_size": 25,
        "dropout": 0,
        "epochs": 100,
        "batch_size": 32,
        "ORT_weight": 1,
        "MIT_weight": 1,
        "num_workers": 0,
        "patience": 10,
        "lr": 0.0016391197440885812,
        "device": "cuda"
    },
    "metrics": {
        "Missing value percentage": 1.7272104180945853,
        "Missing value percentage between 4 and 9": 0.546448087431694,
        "Mean absolute error": 1.3373145523967627,
        "Mean square error": 7.131696514488376,
        "Root mean square error": 2.670523640503558,
        "Mean relative error": 0.928911260115482,
        "Euclidean Distance": 26.16568106109396,
        "r2 score": -0.3172052672100736,
        "Execution Time": 9.717209577560425
    },
    "vintage_score": {
        "original": {
            "Tmean_apr_sep": 20.354001429188713,
            "Tmin_aug_sep": 16.15245901639344,
            "prec_jun_sep": 125.0,
            "vintage_score": -4.14670757438347
        },
        "missing": {
            "Tmean_apr_sep": 20.337084307148643,
            "Tmin_aug_sep": 16.15245901639344,
            "prec_jun_sep": 109.7,
            "vintage_score": -3.9520600186293393
        },
        "filled": {
            "Tmean_apr_sep": 20.24032736000251,
            "Tmin_aug_sep": 15.810885134583035,
            "prec_jun_sep": 109.64095390721006,
            "vintage_score": -3.3115489974098864
        },
        "Deviation missing": 4.694026580426777,
        "Deviation filled": 20.14028146409032,
        "Improvement": -15.446254883663546
    }
}