{
    "dataset": "Report(Bertelegni2023)",
    "gap_parameters": {
        "gap_type": "overlap",
        "perc": "50.0 %",
        "length": 3,
        "seed": 2024
    },
    "algorithm": "Autoformer",
    "algorithm_parameters": {
        "n_layers": 3,
        "d_model": 128,
        "d_ffn": 16,
        "n_heads": 2,
        "factor": 3,
        "moving_avg_window_size": 25,
        "dropout": 0,
        "epochs": 100,
        "batch_size": 32,
        "ORT_weight": 1,
        "MIT_weight": 1,
        "num_workers": 0,
        "patience": 10,
        "lr": 0.0016391197440885812,
        "device": "cuda"
    },
    "metrics": {
        "Missing value percentage": 1.4393420150788212,
        "Missing value percentage between 4 and 9": 0.06830601092896176,
        "Mean absolute error": 0.6583736061136093,
        "Mean square error": 0.5986605275691393,
        "Root mean square error": 0.77373156040654,
        "Mean relative error": 0.5100806943369164,
        "Euclidean Distance": 2.680284748087462,
        "r2 score": 0.04547267903801344,
        "Execution Time": 9.671329975128174
    },
    "vintage_score": {
        "original": {
            "Tmean_apr_sep": 20.354001429188713,
            "Tmin_aug_sep": 16.15245901639344,
            "prec_jun_sep": 125.0,
            "vintage_score": -4.14670757438347
        },
        "missing": {
            "Tmean_apr_sep": 20.352632056302948,
            "Tmin_aug_sep": 16.15245901639344,
            "prec_jun_sep": 125.0,
            "vintage_score": -4.139504941214341
        },
        "filled": {
            "Tmean_apr_sep": 20.29854925936509,
            "Tmin_aug_sep": 16.13985597991684,
            "prec_jun_sep": 125.01222434033335,
            "vintage_score": -3.85200753526118
        },
        "Deviation missing": 0.17369522783867733,
        "Deviation filled": 7.106844016270086,
        "Improvement": -6.933148788431409
    }
}