{
    "dataset": "Report(Bertelegni2023)",
    "gap_parameters": {
        "gap_type": "overlap",
        "perc": "0.0 %",
        "length": 6,
        "seed": 2024
    },
    "algorithm": "Autoformer",
    "algorithm_parameters": {
        "n_layers": 3,
        "d_model": 128,
        "d_ffn": 16,
        "n_heads": 2,
        "factor": 3,
        "moving_avg_window_size": 25,
        "dropout": 0,
        "epochs": 100,
        "batch_size": 32,
        "ORT_weight": 1,
        "MIT_weight": 1,
        "num_workers": 0,
        "patience": 10,
        "lr": 0.0016391197440885812,
        "device": "cuda"
    },
    "metrics": {
        "Missing value percentage": 1.4804660726525016,
        "Missing value percentage between 4 and 9": 0.1366120218579235,
        "Mean absolute error": 0.785496234206777,
        "Mean square error": 0.8323817727679185,
        "Root mean square error": 0.9123495891202662,
        "Mean relative error": 0.5434234723228243,
        "Euclidean Distance": 4.469581920765171,
        "r2 score": -0.04325508067586448,
        "Execution Time": 9.746736288070679
    },
    "vintage_score": {
        "original": {
            "Tmean_apr_sep": 20.354001429188713,
            "Tmin_aug_sep": 16.15245901639344,
            "prec_jun_sep": 125.0,
            "vintage_score": -4.14670757438347
        },
        "missing": {
            "Tmean_apr_sep": 20.347588253718165,
            "Tmin_aug_sep": 16.15245901639344,
            "prec_jun_sep": 125.0,
            "vintage_score": -4.112997490985549
        },
        "filled": {
            "Tmean_apr_sep": 20.2851140869499,
            "Tmin_aug_sep": 16.107020373677194,
            "prec_jun_sep": 125.01680411591434,
            "vintage_score": -3.7690681562010298
        },
        "Deviation missing": 0.8129361136089441,
        "Deviation filled": 9.106970081886887,
        "Improvement": -8.294033968277944
    }
}