{
    "dataset": "Report(Bertelegni2023)",
    "gap_parameters": {
        "gap_type": "overlap",
        "perc": "50.0 %",
        "length": 12,
        "seed": 2024
    },
    "algorithm": "Autoformer",
    "algorithm_parameters": {
        "n_layers": 3,
        "d_model": 128,
        "d_ffn": 16,
        "n_heads": 2,
        "factor": 3,
        "moving_avg_window_size": 25,
        "dropout": 0,
        "epochs": 100,
        "batch_size": 32,
        "ORT_weight": 1,
        "MIT_weight": 1,
        "num_workers": 0,
        "patience": 10,
        "lr": 0.0016391197440885812,
        "device": "cuda"
    },
    "metrics": {
        "Missing value percentage": 1.562714187799863,
        "Missing value percentage between 4 and 9": 0.273224043715847,
        "Mean absolute error": 1.1087171944762222,
        "Mean square error": 1.7201570187581217,
        "Root mean square error": 1.3115475663345655,
        "Mean relative error": 0.7979733181061034,
        "Euclidean Distance": 9.086668085739214,
        "r2 score": -1.3116579245243227,
        "Execution Time": 9.394846677780151
    },
    "vintage_score": {
        "original": {
            "Tmean_apr_sep": 20.354001429188713,
            "Tmin_aug_sep": 16.15245901639344,
            "prec_jun_sep": 125.0,
            "vintage_score": -4.14670757438347
        },
        "missing": {
            "Tmean_apr_sep": 20.33799505396103,
            "Tmin_aug_sep": 16.15245901639344,
            "prec_jun_sep": 125.0,
            "vintage_score": -4.0626762555019695
        },
        "filled": {
            "Tmean_apr_sep": 20.262890045831675,
            "Tmin_aug_sep": 15.975884362650607,
            "prec_jun_sep": 124.98703645532558,
            "vintage_score": -3.6007403417992236
        },
        "Deviation missing": 2.0264587597304597,
        "Deviation filled": 13.16628247328051,
        "Improvement": -11.13982371355005
    }
}