{
    "dataset": "Report(Bertelegni2023)",
    "gap_parameters": {
        "gap_type": "overlap",
        "perc": "50.0 %",
        "length": 3,
        "seed": 2025
    },
    "algorithm": "Autoformer",
    "algorithm_parameters": {
        "n_layers": 3,
        "d_model": 128,
        "d_ffn": 16,
        "n_heads": 2,
        "factor": 3,
        "moving_avg_window_size": 25,
        "dropout": 0,
        "epochs": 100,
        "batch_size": 32,
        "ORT_weight": 1,
        "MIT_weight": 1,
        "num_workers": 0,
        "patience": 10,
        "lr": 0.0016391197440885812,
        "device": "cuda"
    },
    "metrics": {
        "Missing value percentage": 1.4393420150788212,
        "Missing value percentage between 4 and 9": 0.06830601092896176,
        "Mean absolute error": 0.6477071566264947,
        "Mean square error": 0.5591825991859318,
        "Root mean square error": 0.7477851290216541,
        "Mean relative error": 0.6435643009552098,
        "Euclidean Distance": 2.590403673220014,
        "r2 score": -0.476485289188062,
        "Execution Time": 8.355860233306885
    },
    "vintage_score": {
        "original": {
            "Tmean_apr_sep": 20.354001429188713,
            "Tmin_aug_sep": 16.15245901639344,
            "prec_jun_sep": 125.0,
            "vintage_score": -4.14670757438347
        },
        "missing": {
            "Tmean_apr_sep": 20.356307994485302,
            "Tmin_aug_sep": 16.15245901639344,
            "prec_jun_sep": 125.0,
            "vintage_score": -4.158845413171321
        },
        "filled": {
            "Tmean_apr_sep": 20.290845862954562,
            "Tmin_aug_sep": 16.089174816352134,
            "prec_jun_sep": 125.0025364793084,
            "vintage_score": -3.791311858255625
        },
        "Deviation missing": 0.29271026640106024,
        "Deviation filled": 8.570551690775657,
        "Improvement": -8.277841424374596
    }
}