{
    "dataset": "Report(Bertelegni2023)",
    "gap_parameters": {
        "gap_type": "overlap",
        "perc": "0.0 %",
        "length": 12,
        "seed": 2024
    },
    "algorithm": "Autoformer",
    "algorithm_parameters": {
        "n_layers": 3,
        "d_model": 128,
        "d_ffn": 16,
        "n_heads": 2,
        "factor": 3,
        "moving_avg_window_size": 25,
        "dropout": 0,
        "epochs": 100,
        "batch_size": 32,
        "ORT_weight": 1,
        "MIT_weight": 1,
        "num_workers": 0,
        "patience": 10,
        "lr": 0.0016391197440885812,
        "device": "cuda"
    },
    "metrics": {
        "Missing value percentage": 1.562714187799863,
        "Missing value percentage between 4 and 9": 0.273224043715847,
        "Mean absolute error": 1.1025063722366975,
        "Mean square error": 1.7511374706054699,
        "Root mean square error": 1.3233055091721904,
        "Mean relative error": 0.7935032237886953,
        "Euclidean Distance": 9.168129503288242,
        "r2 score": -1.3532914534622624,
        "Execution Time": 10.57617712020874
    },
    "vintage_score": {
        "original": {
            "Tmean_apr_sep": 20.354001429188713,
            "Tmin_aug_sep": 16.15245901639344,
            "prec_jun_sep": 125.0,
            "vintage_score": -4.14670757438347
        },
        "missing": {
            "Tmean_apr_sep": 20.33799505396103,
            "Tmin_aug_sep": 16.15245901639344,
            "prec_jun_sep": 125.0,
            "vintage_score": -4.0626762555019695
        },
        "filled": {
            "Tmean_apr_sep": 20.270507319969408,
            "Tmin_aug_sep": 15.979444830186702,
            "prec_jun_sep": 125.02475919615796,
            "vintage_score": -3.6416265533327987
        },
        "Deviation missing": 2.0264587597304597,
        "Deviation filled": 12.180290314437382,
        "Improvement": -10.153831554706922
    }
}