{
    "dataset": "Report(Bertelegni2023)",
    "gap_parameters": {
        "gap_type": "overlap",
        "perc": "50.0 %",
        "length": 6,
        "seed": 2024
    },
    "algorithm": "Autoformer",
    "algorithm_parameters": {
        "n_layers": 3,
        "d_model": 128,
        "d_ffn": 16,
        "n_heads": 2,
        "factor": 3,
        "moving_avg_window_size": 25,
        "dropout": 0,
        "epochs": 100,
        "batch_size": 32,
        "ORT_weight": 1,
        "MIT_weight": 1,
        "num_workers": 0,
        "patience": 10,
        "lr": 0.0016391197440885812,
        "device": "cuda"
    },
    "metrics": {
        "Missing value percentage": 1.4804660726525016,
        "Missing value percentage between 4 and 9": 0.1366120218579235,
        "Mean absolute error": 0.8467024810572196,
        "Mean square error": 0.9642917200297884,
        "Root mean square error": 0.9819835640324069,
        "Mean relative error": 0.5857672923729655,
        "Euclidean Distance": 4.8107173353581985,
        "r2 score": -0.20858273100993863,
        "Execution Time": 9.495158672332764
    },
    "vintage_score": {
        "original": {
            "Tmean_apr_sep": 20.354001429188713,
            "Tmin_aug_sep": 16.15245901639344,
            "prec_jun_sep": 125.0,
            "vintage_score": -4.14670757438347
        },
        "missing": {
            "Tmean_apr_sep": 20.347588253718165,
            "Tmin_aug_sep": 16.15245901639344,
            "prec_jun_sep": 125.0,
            "vintage_score": -4.112997490985549
        },
        "filled": {
            "Tmean_apr_sep": 20.28587106793238,
            "Tmin_aug_sep": 16.10545509987394,
            "prec_jun_sep": 124.98252922101906,
            "vintage_score": -3.7721028518257924
        },
        "Deviation missing": 0.8129361136089441,
        "Deviation filled": 9.033786825765581,
        "Improvement": -8.220850712156636
    }
}