{
    "dataset": "Report(Bertelegni2023)",
    "gap_parameters": {
        "gap_type": "overlap",
        "perc": "0.0 %",
        "length": 48,
        "seed": 2023
    },
    "algorithm": "Autoformer",
    "algorithm_parameters": {
        "n_layers": 3,
        "d_model": 128,
        "d_ffn": 16,
        "n_heads": 2,
        "factor": 3,
        "moving_avg_window_size": 25,
        "dropout": 0,
        "epochs": 100,
        "batch_size": 32,
        "ORT_weight": 1,
        "MIT_weight": 1,
        "num_workers": 0,
        "patience": 10,
        "lr": 0.0016391197440885812,
        "device": "cuda"
    },
    "metrics": {
        "Missing value percentage": 2.0562028786840303,
        "Missing value percentage between 4 and 9": 1.092896174863388,
        "Mean absolute error": 0.25622911834577733,
        "Mean square error": 0.10709945929603955,
        "Root mean square error": 0.32726053733384897,
        "Mean relative error": 0.5332164208596674,
        "Euclidean Distance": 4.534655023796154,
        "r2 score": 0.6666779745517397,
        "Execution Time": 9.335457801818848
    },
    "vintage_score": {
        "original": {
            "Tmean_apr_sep": 20.354001429188713,
            "Tmin_aug_sep": 16.15245901639344,
            "prec_jun_sep": 125.0,
            "vintage_score": -4.14670757438347
        },
        "missing": {
            "Tmean_apr_sep": 20.365752658042624,
            "Tmin_aug_sep": 16.31,
            "prec_jun_sep": 125.0,
            "vintage_score": -4.273039935105288
        },
        "filled": {
            "Tmean_apr_sep": 20.270334108748667,
            "Tmin_aug_sep": 16.08949219074141,
            "prec_jun_sep": 125.0221440735871,
            "vintage_score": -3.6857152694235538
        },
        "Deviation missing": 3.046570283910153,
        "Deviation filled": 11.117068100189249,
        "Improvement": -8.070497816279095
    }
}