{
    "dataset": "Report(Bertelegni2023)",
    "gap_parameters": {
        "gap_type": "overlap",
        "perc": "50.0 %",
        "length": 12,
        "seed": 2025
    },
    "algorithm": "Autoformer",
    "algorithm_parameters": {
        "n_layers": 3,
        "d_model": 128,
        "d_ffn": 16,
        "n_heads": 2,
        "factor": 3,
        "moving_avg_window_size": 25,
        "dropout": 0,
        "epochs": 100,
        "batch_size": 32,
        "ORT_weight": 1,
        "MIT_weight": 1,
        "num_workers": 0,
        "patience": 10,
        "lr": 0.0016391197440885812,
        "device": "cuda"
    },
    "metrics": {
        "Missing value percentage": 1.562714187799863,
        "Missing value percentage between 4 and 9": 0.273224043715847,
        "Mean absolute error": 0.970677613605937,
        "Mean square error": 1.2839398459306548,
        "Root mean square error": 1.133110694473693,
        "Mean relative error": 1.127332491395344,
        "Euclidean Distance": 7.850421173712446,
        "r2 score": -2.8026195922596315,
        "Execution Time": 9.7523193359375
    },
    "vintage_score": {
        "original": {
            "Tmean_apr_sep": 20.354001429188713,
            "Tmin_aug_sep": 16.15245901639344,
            "prec_jun_sep": 125.0,
            "vintage_score": -4.14670757438347
        },
        "missing": {
            "Tmean_apr_sep": 20.37561865531414,
            "Tmin_aug_sep": 16.26229508196721,
            "prec_jun_sep": 125.0,
            "vintage_score": -4.305659316513385
        },
        "filled": {
            "Tmean_apr_sep": 20.27742300132881,
            "Tmin_aug_sep": 15.877645449482003,
            "prec_jun_sep": 125.00779219519384,
            "vintage_score": -3.6355133082626594
        },
        "Deviation missing": 3.8332035543535468,
        "Deviation filled": 12.32771438426821,
        "Improvement": -8.494510829914663
    }
}