{
    "dataset": "Report(Bertelegni2023)",
    "gap_parameters": {
        "gap_type": "overlap",
        "perc": "100.0 %",
        "length": 12,
        "seed": 2025
    },
    "algorithm": "Autoformer",
    "algorithm_parameters": {
        "n_layers": 3,
        "d_model": 128,
        "d_ffn": 16,
        "n_heads": 2,
        "factor": 3,
        "moving_avg_window_size": 25,
        "dropout": 0,
        "epochs": 100,
        "batch_size": 32,
        "ORT_weight": 1,
        "MIT_weight": 1,
        "num_workers": 0,
        "patience": 10,
        "lr": 0.0016391197440885812,
        "device": "cuda"
    },
    "metrics": {
        "Missing value percentage": 1.562714187799863,
        "Missing value percentage between 4 and 9": 0.273224043715847,
        "Mean absolute error": 0.9318060159675572,
        "Mean square error": 1.1954364740648493,
        "Root mean square error": 1.0933601758180373,
        "Mean relative error": 1.0821875180324556,
        "Euclidean Distance": 7.5750215019572025,
        "r2 score": -2.5405008824893858,
        "Execution Time": 9.497816324234009
    },
    "vintage_score": {
        "original": {
            "Tmean_apr_sep": 20.354001429188713,
            "Tmin_aug_sep": 16.15245901639344,
            "prec_jun_sep": 125.0,
            "vintage_score": -4.14670757438347
        },
        "missing": {
            "Tmean_apr_sep": 20.37561865531414,
            "Tmin_aug_sep": 16.26229508196721,
            "prec_jun_sep": 125.0,
            "vintage_score": -4.305659316513385
        },
        "filled": {
            "Tmean_apr_sep": 20.273896262568886,
            "Tmin_aug_sep": 15.977015539483366,
            "prec_jun_sep": 125.04406915220933,
            "vintage_score": -3.658218671007859
        },
        "Deviation missing": 3.8332035543535468,
        "Deviation filled": 11.780162806590944,
        "Improvement": -7.946959252237397
    }
}