{
    "dataset": "Report(Bertelegni2023)",
    "gap_parameters": {
        "gap_type": "overlap",
        "perc": "0.0 %",
        "length": 3,
        "seed": 2024
    },
    "algorithm": "Autoformer",
    "algorithm_parameters": {
        "n_layers": 3,
        "d_model": 128,
        "d_ffn": 16,
        "n_heads": 2,
        "factor": 3,
        "moving_avg_window_size": 25,
        "dropout": 0,
        "epochs": 100,
        "batch_size": 32,
        "ORT_weight": 1,
        "MIT_weight": 1,
        "num_workers": 0,
        "patience": 10,
        "lr": 0.0016391197440885812,
        "device": "cuda"
    },
    "metrics": {
        "Missing value percentage": 1.4393420150788212,
        "Missing value percentage between 4 and 9": 0.06830601092896176,
        "Mean absolute error": 0.7603843511721119,
        "Mean square error": 0.7620583181532816,
        "Root mean square error": 0.8729595169040095,
        "Mean relative error": 0.589114408911872,
        "Euclidean Distance": 3.0240204724571793,
        "r2 score": -0.21505502926220688,
        "Execution Time": 10.134008407592773
    },
    "vintage_score": {
        "original": {
            "Tmean_apr_sep": 20.354001429188713,
            "Tmin_aug_sep": 16.15245901639344,
            "prec_jun_sep": 125.0,
            "vintage_score": -4.14670757438347
        },
        "missing": {
            "Tmean_apr_sep": 20.352632056302948,
            "Tmin_aug_sep": 16.15245901639344,
            "prec_jun_sep": 125.0,
            "vintage_score": -4.139504941214341
        },
        "filled": {
            "Tmean_apr_sep": 20.298281118008237,
            "Tmin_aug_sep": 16.110595392236778,
            "prec_jun_sep": 124.94299484394082,
            "vintage_score": -3.8381735719150356
        },
        "Deviation missing": 0.17369522783867733,
        "Deviation filled": 7.440457204516209,
        "Improvement": -7.2667619766775315
    }
}