{
    "dataset": "Report(Barbieri2023)",
    "gap_parameters": {
        "gap_type": "overlap",
        "perc": "0.0 %",
        "length": 6,
        "seed": 2023
    },
    "algorithm": "Autoformer",
    "algorithm_parameters": {
        "n_layers": 2,
        "d_model": 64,
        "d_ffn": 64,
        "n_heads": 2,
        "factor": 3,
        "moving_avg_window_size": 25,
        "dropout": 0,
        "epochs": 100,
        "batch_size": 32,
        "ORT_weight": 1,
        "MIT_weight": 1,
        "num_workers": 0,
        "patience": 10,
        "lr": 0.0010085436428869498,
        "device": "cuda"
    },
    "metrics": {
        "Missing value percentage": 5.44893762851268,
        "Missing value percentage between 4 and 9": 0.1366120218579235,
        "Mean absolute error": 0.11223367790966116,
        "Mean square error": 0.018439752875343187,
        "Root mean square error": 0.1357930516460367,
        "Mean relative error": 0.16099577298669634,
        "Euclidean Distance": 0.6652473742964002,
        "r2 score": 0.9119025898227171,
        "Execution Time": 8.78251338005066
    },
    "vintage_score": {
        "original": {
            "Tmean_apr_sep": 21.284699453551912,
            "Tmin_aug_sep": 18.38196721311475,
            "prec_jun_sep": 132.3,
            "vintage_score": -10.593158555185312
        },
        "missing": {
            "Tmean_apr_sep": 21.27895415907711,
            "Tmin_aug_sep": 18.38196721311475,
            "prec_jun_sep": 132.3,
            "vintage_score": -10.55569509398424
        },
        "filled": {
            "Tmean_apr_sep": 21.28291458232456,
            "Tmin_aug_sep": 18.38196721311475,
            "prec_jun_sep": 132.35616005413118,
            "vintage_score": -10.581903623750861
        },
        "Deviation missing": 0.35365713640463436,
        "Deviation filled": 0.106247172416213,
        "Improvement": 0.24740996398842136
    }
}