{
    "dataset": "Report(Barbieri2023)",
    "gap_parameters": {
        "gap_type": "overlap",
        "perc": "50.0 %",
        "length": 3,
        "seed": 2025
    },
    "algorithm": "Autoformer",
    "algorithm_parameters": {
        "n_layers": 2,
        "d_model": 64,
        "d_ffn": 64,
        "n_heads": 2,
        "factor": 3,
        "moving_avg_window_size": 25,
        "dropout": 0,
        "epochs": 100,
        "batch_size": 32,
        "ORT_weight": 1,
        "MIT_weight": 1,
        "num_workers": 0,
        "patience": 10,
        "lr": 0.0010085436428869498,
        "device": "cuda"
    },
    "metrics": {
        "Missing value percentage": 5.407813570938999,
        "Missing value percentage between 4 and 9": 0.06830601092896176,
        "Mean absolute error": 0.8566176800106351,
        "Mean square error": 0.9924646616945438,
        "Root mean square error": 0.9962252063135845,
        "Mean relative error": 0.6781578285452767,
        "Euclidean Distance": 3.4510253462319747,
        "r2 score": -0.718012017446896,
        "Execution Time": 8.929219484329224
    },
    "vintage_score": {
        "original": {
            "Tmean_apr_sep": 21.284699453551912,
            "Tmin_aug_sep": 18.38196721311475,
            "prec_jun_sep": 132.3,
            "vintage_score": -10.593158555185312
        },
        "missing": {
            "Tmean_apr_sep": 21.28511963901308,
            "Tmin_aug_sep": 18.38196721311475,
            "prec_jun_sep": 132.3,
            "vintage_score": -10.595900226311073
        },
        "filled": {
            "Tmean_apr_sep": 21.27789508893912,
            "Tmin_aug_sep": 18.26484323244568,
            "prec_jun_sep": 132.28857453563583,
            "vintage_score": -10.500823049322861
        },
        "Deviation missing": 0.02588152637835743,
        "Deviation filled": 0.8716522591578976,
        "Improvement": -0.8457707327795402
    }
}