{
    "dataset": "Report(Barbieri2023)",
    "gap_parameters": {
        "gap_type": "overlap",
        "perc": "0.0 %",
        "length": 12,
        "seed": 2023
    },
    "algorithm": "Autoformer",
    "algorithm_parameters": {
        "n_layers": 2,
        "d_model": 64,
        "d_ffn": 64,
        "n_heads": 2,
        "factor": 3,
        "moving_avg_window_size": 25,
        "dropout": 0,
        "epochs": 100,
        "batch_size": 32,
        "ORT_weight": 1,
        "MIT_weight": 1,
        "num_workers": 0,
        "patience": 10,
        "lr": 0.0010085436428869498,
        "device": "cuda"
    },
    "metrics": {
        "Missing value percentage": 5.531185743660041,
        "Missing value percentage between 4 and 9": 0.273224043715847,
        "Mean absolute error": 0.13941567018360368,
        "Mean square error": 0.034990524339078864,
        "Root mean square error": 0.187057542855344,
        "Mean relative error": 0.3097618184164225,
        "Euclidean Distance": 1.2959726726578074,
        "r2 score": 0.8078795939265093,
        "Execution Time": 8.452091932296753
    },
    "vintage_score": {
        "original": {
            "Tmean_apr_sep": 21.284699453551912,
            "Tmin_aug_sep": 18.38196721311475,
            "prec_jun_sep": 132.3,
            "vintage_score": -10.593158555185312
        },
        "missing": {
            "Tmean_apr_sep": 21.281407754358572,
            "Tmin_aug_sep": 18.38196721311475,
            "prec_jun_sep": 132.3,
            "vintage_score": -10.571688819836254
        },
        "filled": {
            "Tmean_apr_sep": 21.280483677515278,
            "Tmin_aug_sep": 18.369565834812672,
            "prec_jun_sep": 132.3135696973372,
            "vintage_score": -10.560687229996205
        },
        "Deviation missing": 0.2026754837776734,
        "Deviation filled": 0.30653109759423264,
        "Improvement": -0.10385561381655925
    }
}