{
    "dataset": "Report(Barbieri2023)",
    "gap_parameters": {
        "gap_type": "overlap",
        "perc": "50.0 %",
        "length": 12,
        "seed": 2025
    },
    "algorithm": "Autoformer",
    "algorithm_parameters": {
        "n_layers": 2,
        "d_model": 64,
        "d_ffn": 64,
        "n_heads": 2,
        "factor": 3,
        "moving_avg_window_size": 25,
        "dropout": 0,
        "epochs": 100,
        "batch_size": 32,
        "ORT_weight": 1,
        "MIT_weight": 1,
        "num_workers": 0,
        "patience": 10,
        "lr": 0.0010085436428869498,
        "device": "cuda"
    },
    "metrics": {
        "Missing value percentage": 5.531185743660041,
        "Missing value percentage between 4 and 9": 0.273224043715847,
        "Mean absolute error": 1.0439942779558535,
        "Mean square error": 1.430774353035039,
        "Root mean square error": 1.19614980375998,
        "Mean relative error": 1.0317381075502108,
        "Euclidean Distance": 8.287168934303397,
        "r2 score": -2.431023501447274,
        "Execution Time": 8.49036717414856
    },
    "vintage_score": {
        "original": {
            "Tmean_apr_sep": 21.284699453551912,
            "Tmin_aug_sep": 18.38196721311475,
            "prec_jun_sep": 132.3,
            "vintage_score": -10.593158555185312
        },
        "missing": {
            "Tmean_apr_sep": 21.299132129255078,
            "Tmin_aug_sep": 18.447540983606554,
            "prec_jun_sep": 132.3,
            "vintage_score": -10.714280858445449
        },
        "filled": {
            "Tmean_apr_sep": 21.255008067629735,
            "Tmin_aug_sep": 18.142264535984328,
            "prec_jun_sep": 132.63328403591262,
            "vintage_score": -10.304323315619428
        },
        "Deviation missing": 1.1434012115380623,
        "Deviation filled": 2.7266205642178405,
        "Improvement": -1.5832193526797782
    }
}