{
    "dataset": "Report(Barbieri2023)",
    "gap_parameters": {
        "gap_type": "overlap",
        "perc": "100.0 %",
        "length": 3,
        "seed": 2025
    },
    "algorithm": "Autoformer",
    "algorithm_parameters": {
        "n_layers": 2,
        "d_model": 64,
        "d_ffn": 64,
        "n_heads": 2,
        "factor": 3,
        "moving_avg_window_size": 25,
        "dropout": 0,
        "epochs": 100,
        "batch_size": 32,
        "ORT_weight": 1,
        "MIT_weight": 1,
        "num_workers": 0,
        "patience": 10,
        "lr": 0.0010085436428869498,
        "device": "cuda"
    },
    "metrics": {
        "Missing value percentage": 5.407813570938999,
        "Missing value percentage between 4 and 9": 0.06830601092896176,
        "Mean absolute error": 0.674255641989364,
        "Mean square error": 0.6024333881140984,
        "Root mean square error": 0.7761658251392536,
        "Mean relative error": 0.5337874208365997,
        "Euclidean Distance": 2.6887172884797286,
        "r2 score": -0.04284599788583199,
        "Execution Time": 8.476181745529175
    },
    "vintage_score": {
        "original": {
            "Tmean_apr_sep": 21.284699453551912,
            "Tmin_aug_sep": 18.38196721311475,
            "prec_jun_sep": 132.3,
            "vintage_score": -10.593158555185312
        },
        "missing": {
            "Tmean_apr_sep": 21.28511963901308,
            "Tmin_aug_sep": 18.38196721311475,
            "prec_jun_sep": 132.3,
            "vintage_score": -10.595900226311073
        },
        "filled": {
            "Tmean_apr_sep": 21.27979279340368,
            "Tmin_aug_sep": 18.31229095848203,
            "prec_jun_sep": 132.26089317859598,
            "vintage_score": -10.532399638761063
        },
        "Deviation missing": 0.02588152637835743,
        "Deviation filled": 0.5735675163146414,
        "Improvement": -0.547685989936284
    }
}