{
    "dataset": "Report(Barbieri2023)",
    "gap_parameters": {
        "gap_type": "overlap",
        "perc": "50.0 %",
        "length": 48,
        "seed": 2024
    },
    "algorithm": "Autoformer",
    "algorithm_parameters": {
        "n_layers": 2,
        "d_model": 64,
        "d_ffn": 64,
        "n_heads": 2,
        "factor": 3,
        "moving_avg_window_size": 25,
        "dropout": 0,
        "epochs": 100,
        "batch_size": 32,
        "ORT_weight": 1,
        "MIT_weight": 1,
        "num_workers": 0,
        "patience": 10,
        "lr": 0.0010085436428869498,
        "device": "cuda"
    },
    "metrics": {
        "Missing value percentage": 6.024674434544209,
        "Missing value percentage between 4 and 9": 1.092896174863388,
        "Mean absolute error": 1.2841057204292305,
        "Mean square error": 11.974807935032013,
        "Root mean square error": 3.4604635433756576,
        "Mean relative error": 0.9638621658728616,
        "Euclidean Distance": 47.949589398931856,
        "r2 score": -0.16075421124239764,
        "Execution Time": 9.241780996322632
    },
    "vintage_score": {
        "original": {
            "Tmean_apr_sep": 21.284699453551912,
            "Tmin_aug_sep": 18.38196721311475,
            "prec_jun_sep": 132.3,
            "vintage_score": -10.593158555185312
        },
        "missing": {
            "Tmean_apr_sep": 21.26070283882784,
            "Tmin_aug_sep": 18.386666666666663,
            "prec_jun_sep": 64.7,
            "vintage_score": -9.971245518472728
        },
        "filled": {
            "Tmean_apr_sep": 21.21221576836951,
            "Tmin_aug_sep": 18.057673236695024,
            "prec_jun_sep": 65.43552460194462,
            "vintage_score": -9.528625058394994
        },
        "Deviation missing": 5.870893307909189,
        "Deviation filled": 10.04925482087902,
        "Improvement": -4.17836151296983
    }
}