{
    "dataset": "Report(Barbieri2023)",
    "gap_parameters": {
        "gap_type": "overlap",
        "perc": "0.0 %",
        "length": 6,
        "seed": 2024
    },
    "algorithm": "Autoformer",
    "algorithm_parameters": {
        "n_layers": 2,
        "d_model": 64,
        "d_ffn": 64,
        "n_heads": 2,
        "factor": 3,
        "moving_avg_window_size": 25,
        "dropout": 0,
        "epochs": 100,
        "batch_size": 32,
        "ORT_weight": 1,
        "MIT_weight": 1,
        "num_workers": 0,
        "patience": 10,
        "lr": 0.0010085436428869498,
        "device": "cuda"
    },
    "metrics": {
        "Missing value percentage": 5.44893762851268,
        "Missing value percentage between 4 and 9": 0.1366120218579235,
        "Mean absolute error": 0.5806544605706176,
        "Mean square error": 0.4600477905842558,
        "Root mean square error": 0.678268229083639,
        "Mean relative error": 0.46939880806829104,
        "Euclidean Distance": 3.3228221399922386,
        "r2 score": 0.20430127648624197,
        "Execution Time": 8.663753032684326
    },
    "vintage_score": {
        "original": {
            "Tmean_apr_sep": 21.284699453551912,
            "Tmin_aug_sep": 18.38196721311475,
            "prec_jun_sep": 132.3,
            "vintage_score": -10.593158555185312
        },
        "missing": {
            "Tmean_apr_sep": 21.280813600485732,
            "Tmin_aug_sep": 18.38196721311475,
            "prec_jun_sep": 132.3,
            "vintage_score": -10.567815086133919
        },
        "filled": {
            "Tmean_apr_sep": 21.276784891375847,
            "Tmin_aug_sep": 18.31059703398208,
            "prec_jun_sep": 132.33007526369934,
            "vintage_score": -10.512586357002334
        },
        "Deviation missing": 0.239243743208084,
        "Deviation filled": 0.760605986998447,
        "Improvement": -0.5213622437903629
    }
}