{
    "dataset": "Report(Barbieri2023)",
    "gap_parameters": {
        "gap_type": "overlap",
        "perc": "0.0 %",
        "length": 48,
        "seed": 2024
    },
    "algorithm": "Autoformer",
    "algorithm_parameters": {
        "n_layers": 2,
        "d_model": 64,
        "d_ffn": 64,
        "n_heads": 2,
        "factor": 3,
        "moving_avg_window_size": 25,
        "dropout": 0,
        "epochs": 100,
        "batch_size": 32,
        "ORT_weight": 1,
        "MIT_weight": 1,
        "num_workers": 0,
        "patience": 10,
        "lr": 0.0010085436428869498,
        "device": "cuda"
    },
    "metrics": {
        "Missing value percentage": 6.024674434544209,
        "Missing value percentage between 4 and 9": 1.092896174863388,
        "Mean absolute error": 0.6621523846227508,
        "Mean square error": 0.7427510969456397,
        "Root mean square error": 0.8618300858902755,
        "Mean relative error": 0.9490957331893688,
        "Euclidean Distance": 11.941867970027282,
        "r2 score": -0.871490662225739,
        "Execution Time": 8.455698013305664
    },
    "vintage_score": {
        "original": {
            "Tmean_apr_sep": 21.284699453551912,
            "Tmin_aug_sep": 18.38196721311475,
            "prec_jun_sep": 132.3,
            "vintage_score": -10.593158555185312
        },
        "missing": {
            "Tmean_apr_sep": 21.26070283882784,
            "Tmin_aug_sep": 18.386666666666663,
            "prec_jun_sep": 132.3,
            "vintage_score": -10.438902318472714
        },
        "filled": {
            "Tmean_apr_sep": 21.212322462653926,
            "Tmin_aug_sep": 17.99687756393168,
            "prec_jun_sep": 132.29866234404207,
            "vintage_score": -9.967010540069708
        },
        "Deviation missing": 1.4561873676203052,
        "Deviation filled": 5.910871737203503,
        "Improvement": -4.454684369583198
    }
}