{
    "dataset": "Report(Barbieri2023)",
    "gap_parameters": {
        "gap_type": "overlap",
        "perc": "100.0 %",
        "length": 12,
        "seed": 2023
    },
    "algorithm": "Autoformer",
    "algorithm_parameters": {
        "n_layers": 2,
        "d_model": 64,
        "d_ffn": 64,
        "n_heads": 2,
        "factor": 3,
        "moving_avg_window_size": 25,
        "dropout": 0,
        "epochs": 100,
        "batch_size": 32,
        "ORT_weight": 1,
        "MIT_weight": 1,
        "num_workers": 0,
        "patience": 10,
        "lr": 0.0010085436428869498,
        "device": "cuda"
    },
    "metrics": {
        "Missing value percentage": 5.531185743660041,
        "Missing value percentage between 4 and 9": 0.273224043715847,
        "Mean absolute error": 0.18192666336255844,
        "Mean square error": 0.05163217724448026,
        "Root mean square error": 0.22722714900398733,
        "Mean relative error": 0.40421520756886975,
        "Euclidean Distance": 1.5742758677357358,
        "r2 score": 0.7165062528774575,
        "Execution Time": 8.602026224136353
    },
    "vintage_score": {
        "original": {
            "Tmean_apr_sep": 21.284699453551912,
            "Tmin_aug_sep": 18.38196721311475,
            "prec_jun_sep": 132.3,
            "vintage_score": -10.593158555185312
        },
        "missing": {
            "Tmean_apr_sep": 21.281407754358572,
            "Tmin_aug_sep": 18.38196721311475,
            "prec_jun_sep": 132.3,
            "vintage_score": -10.571688819836254
        },
        "filled": {
            "Tmean_apr_sep": 21.280367885907058,
            "Tmin_aug_sep": 18.351893298859327,
            "prec_jun_sep": 132.32427268864677,
            "vintage_score": -10.552780148894414
        },
        "Deviation missing": 0.2026754837776734,
        "Deviation filled": 0.38117437854390657,
        "Improvement": -0.17849889476623318
    }
}