{
    "dataset": "Report(Bertelegni2023)",
    "gap_parameters": {
        "gap_type": "overlap",
        "perc": "0.0 %",
        "length": 48,
        "seed": 2025
    },
    "algorithm": "Naive",
    "algorithm_parameters": {},
    "metrics": {
        "Missing value percentage": 2.0562028786840303,
        "Missing value percentage between 4 and 9": 1.092896174863388,
        "Mean absolute error": 0.4445463985089017,
        "Mean square error": 0.35550588443488484,
        "Root mean square error": 0.5962431420443214,
        "Mean relative error": 0.3640053922893076,
        "Euclidean Distance": 8.261787325482196,
        "r2 score": 0.5272962133416441,
        "Execution Time": 0.28437137603759766
    },
    "vintage_score": {
        "original": {
            "Tmean_apr_sep": 20.354001429188713,
            "Tmin_aug_sep": 16.15245901639344,
            "prec_jun_sep": 125.0,
            "vintage_score": -4.14670757438347
        },
        "missing": {
            "Tmean_apr_sep": 20.275245942535907,
            "Tmin_aug_sep": 16.081666666666663,
            "prec_jun_sep": 125.0,
            "vintage_score": -3.7076603686328724
        },
        "filled": {
            "Tmean_apr_sep": 20.278358378870678,
            "Tmin_aug_sep": 16.23549682167949,
            "prec_jun_sep": 125.0,
            "vintage_score": -3.7866089212190275
        },
        "Deviation missing": 10.587850671285272,
        "Deviation filled": 8.683965452229451,
        "Improvement": 1.9038852190558213
    }
}