{
    "dataset": "Report(Bertelegni2023)",
    "gap_parameters": {
        "gap_type": "overlap",
        "perc": "0.0 %",
        "length": 6,
        "seed": 2023
    },
    "algorithm": "Naive",
    "algorithm_parameters": {},
    "metrics": {
        "Missing value percentage": 1.4804660726525016,
        "Missing value percentage between 4 and 9": 0.1366120218579235,
        "Mean absolute error": 0.23246653963076305,
        "Mean square error": 0.07836758327494175,
        "Root mean square error": 0.2799421070059696,
        "Mean relative error": 0.3113766562691746,
        "Euclidean Distance": 1.3714306393684952,
        "r2 score": 0.6923538190859873,
        "Execution Time": 0.2264416217803955
    },
    "vintage_score": {
        "original": {
            "Tmean_apr_sep": 20.354001429188713,
            "Tmin_aug_sep": 16.15245901639344,
            "prec_jun_sep": 125.0,
            "vintage_score": -4.14670757438347
        },
        "missing": {
            "Tmean_apr_sep": 20.347952552443118,
            "Tmin_aug_sep": 16.15245901639344,
            "prec_jun_sep": 125.0,
            "vintage_score": -4.1149108870538385
        },
        "filled": {
            "Tmean_apr_sep": 20.3109631147541,
            "Tmin_aug_sep": 16.15245901639344,
            "prec_jun_sep": 125.0,
            "vintage_score": -3.9215521622107303
        },
        "Deviation missing": 0.7667935768139831,
        "Deviation filled": 5.429739332564715,
        "Improvement": -4.662945755750732
    }
}