{
    "dataset": "Report(Rebutti2023)",
    "gap_parameters": {
        "gap_type": "overlap",
        "perc": "50.0 %",
        "length": 12,
        "seed": 2024
    },
    "algorithm": "Nonstationary_Transformer",
    "algorithm_parameters": {
        "n_layers": 2,
        "d_model": 256,
        "d_ffn": 128,
        "n_heads": 2,
        "n_projector_hidden_layers": 2,
        "d_projector_hidden": [
            32,
            32
        ],
        "dropout": 0.4,
        "epochs": 100,
        "batch_size": 32,
        "ORT_weight": 1,
        "MIT_weight": 1,
        "num_workers": 0,
        "patience": 10,
        "lr": 0.008561435614770999,
        "device": "cuda"
    },
    "metrics": {
        "Missing value percentage": 0.22618231665524333,
        "Missing value percentage between 4 and 9": 0.273224043715847,
        "Mean absolute error": 0.11188734056856942,
        "Mean square error": 0.018559187737406543,
        "Root mean square error": 0.1362321097884289,
        "Mean relative error": 0.0908109853330884,
        "Euclidean Distance": 0.9438437431034506,
        "r2 score": 0.9684416055913834,
        "Execution Time": 14.097909450531006
    },
    "vintage_score": {
        "original": {
            "Tmean_apr_sep": 20.91026867030965,
            "Tmin_aug_sep": 18.283606557377052,
            "prec_jun_sep": 120.3,
            "vintage_score": -8.122098331799663
        },
        "missing": {
            "Tmean_apr_sep": 20.900591985428047,
            "Tmin_aug_sep": 18.283606557377052,
            "prec_jun_sep": 120.3,
            "vintage_score": -8.063945574201085
        },
        "filled": {
            "Tmean_apr_sep": 20.909981402381025,
            "Tmin_aug_sep": 18.283606557377052,
            "prec_jun_sep": 120.23779670195972,
            "vintage_score": -8.11993981994624
        },
        "Deviation missing": 0.7159819448491231,
        "Deviation filled": 0.026575790703891065,
        "Improvement": 0.6894061541452321
    }
}