{
    "dataset": "Report(Rebutti2023)",
    "gap_parameters": {
        "gap_type": "overlap",
        "perc": "100.0 %",
        "length": 48,
        "seed": 2025
    },
    "algorithm": "Nonstationary_Transformer",
    "algorithm_parameters": {
        "n_layers": 2,
        "d_model": 256,
        "d_ffn": 128,
        "n_heads": 2,
        "n_projector_hidden_layers": 2,
        "d_projector_hidden": [
            32,
            32
        ],
        "dropout": 0.4,
        "epochs": 100,
        "batch_size": 32,
        "ORT_weight": 1,
        "MIT_weight": 1,
        "num_workers": 0,
        "patience": 10,
        "lr": 0.008561435614770999,
        "device": "cuda"
    },
    "metrics": {
        "Missing value percentage": 0.7196710075394106,
        "Missing value percentage between 4 and 9": 1.092896174863388,
        "Mean absolute error": 0.1271688357231186,
        "Mean square error": 0.030295495521214136,
        "Root mean square error": 0.17405601259713535,
        "Mean relative error": 0.10476974850891192,
        "Euclidean Distance": 2.411790857448702,
        "r2 score": 0.9534192191751186,
        "Execution Time": 14.002578496932983
    },
    "vintage_score": {
        "original": {
            "Tmean_apr_sep": 20.91026867030965,
            "Tmin_aug_sep": 18.283606557377052,
            "prec_jun_sep": 120.3,
            "vintage_score": -8.122098331799663
        },
        "missing": {
            "Tmean_apr_sep": 20.840417915417916,
            "Tmin_aug_sep": 18.15666666666667,
            "prec_jun_sep": 120.3,
            "vintage_score": -7.653273278762782
        },
        "filled": {
            "Tmean_apr_sep": 20.895391552760344,
            "Tmin_aug_sep": 18.19985549284249,
            "prec_jun_sep": 120.24605741758214,
            "vintage_score": -7.998126734673008
        },
        "Deviation missing": 5.772215921116533,
        "Deviation filled": 1.526349375028875,
        "Improvement": 4.245866546087658
    }
}