{
    "dataset": "Report(Rebutti2023)",
    "gap_parameters": {
        "gap_type": "overlap",
        "perc": "0.0 %",
        "length": 12,
        "seed": 2025
    },
    "algorithm": "Nonstationary_Transformer",
    "algorithm_parameters": {
        "n_layers": 2,
        "d_model": 256,
        "d_ffn": 128,
        "n_heads": 2,
        "n_projector_hidden_layers": 2,
        "d_projector_hidden": [
            32,
            32
        ],
        "dropout": 0.4,
        "epochs": 100,
        "batch_size": 32,
        "ORT_weight": 1,
        "MIT_weight": 1,
        "num_workers": 0,
        "patience": 10,
        "lr": 0.008561435614770999,
        "device": "cuda"
    },
    "metrics": {
        "Missing value percentage": 0.22618231665524333,
        "Missing value percentage between 4 and 9": 0.273224043715847,
        "Mean absolute error": 0.16629879876881054,
        "Mean square error": 0.04459431083515912,
        "Root mean square error": 0.21117365090171436,
        "Mean relative error": 0.1551940840691489,
        "Euclidean Distance": 1.4630539703263454,
        "r2 score": 0.8987504754853991,
        "Execution Time": 13.300686836242676
    },
    "vintage_score": {
        "original": {
            "Tmean_apr_sep": 20.91026867030965,
            "Tmin_aug_sep": 18.283606557377052,
            "prec_jun_sep": 120.3,
            "vintage_score": -8.122098331799663
        },
        "missing": {
            "Tmean_apr_sep": 20.923507617155156,
            "Tmin_aug_sep": 18.324590163934428,
            "prec_jun_sep": 120.3,
            "vintage_score": -8.218622958597166
        },
        "filled": {
            "Tmean_apr_sep": 20.90542192567312,
            "Tmin_aug_sep": 18.24709396659583,
            "prec_jun_sep": 120.15674411691721,
            "vintage_score": -8.077034521768894
        },
        "Deviation missing": 1.1884198252019407,
        "Deviation filled": 0.5548296534940309,
        "Improvement": 0.6335901717079098
    }
}