{
    "dataset": "Report(Rebutti2023)",
    "gap_parameters": {
        "gap_type": "overlap",
        "perc": "50.0 %",
        "length": 3,
        "seed": 2025
    },
    "algorithm": "Nonstationary_Transformer",
    "algorithm_parameters": {
        "n_layers": 2,
        "d_model": 256,
        "d_ffn": 128,
        "n_heads": 2,
        "n_projector_hidden_layers": 2,
        "d_projector_hidden": [
            32,
            32
        ],
        "dropout": 0.4,
        "epochs": 100,
        "batch_size": 32,
        "ORT_weight": 1,
        "MIT_weight": 1,
        "num_workers": 0,
        "patience": 10,
        "lr": 0.008561435614770999,
        "device": "cuda"
    },
    "metrics": {
        "Missing value percentage": 0.10281014393420151,
        "Missing value percentage between 4 and 9": 0.06830601092896176,
        "Mean absolute error": 0.4208284073086041,
        "Mean square error": 0.23025476638139292,
        "Root mean square error": 0.47984869113231193,
        "Mean relative error": 0.34266346291900623,
        "Euclidean Distance": 1.6622446259732486,
        "r2 score": 0.5811850895494316,
        "Execution Time": 11.783939838409424
    },
    "vintage_score": {
        "original": {
            "Tmean_apr_sep": 20.91026867030965,
            "Tmin_aug_sep": 18.283606557377052,
            "prec_jun_sep": 120.3,
            "vintage_score": -8.122098331799663
        },
        "missing": {
            "Tmean_apr_sep": 20.911426362700418,
            "Tmin_aug_sep": 18.283606557377052,
            "prec_jun_sep": 120.3,
            "vintage_score": -8.129064086950137
        },
        "filled": {
            "Tmean_apr_sep": 20.906862293771148,
            "Tmin_aug_sep": 18.25563325733394,
            "prec_jun_sep": 120.25540942255716,
            "vintage_score": -8.089866195822822
        },
        "Deviation missing": 0.08576299948502669,
        "Deviation filled": 0.3968449366174943,
        "Improvement": -0.3110819371324676
    }
}