{
    "dataset": "Report(Rebutti2023)",
    "gap_parameters": {
        "gap_type": "overlap",
        "perc": "50.0 %",
        "length": 6,
        "seed": 2024
    },
    "algorithm": "Nonstationary_Transformer",
    "algorithm_parameters": {
        "n_layers": 2,
        "d_model": 256,
        "d_ffn": 128,
        "n_heads": 2,
        "n_projector_hidden_layers": 2,
        "d_projector_hidden": [
            32,
            32
        ],
        "dropout": 0.4,
        "epochs": 100,
        "batch_size": 32,
        "ORT_weight": 1,
        "MIT_weight": 1,
        "num_workers": 0,
        "patience": 10,
        "lr": 0.008561435614770999,
        "device": "cuda"
    },
    "metrics": {
        "Missing value percentage": 0.1439342015078821,
        "Missing value percentage between 4 and 9": 0.1366120218579235,
        "Mean absolute error": 0.13753667861371008,
        "Mean square error": 0.03040038086237285,
        "Root mean square error": 0.17435704993596574,
        "Mean relative error": 0.10910429208935188,
        "Euclidean Distance": 0.8541716108001827,
        "r2 score": 0.9512235207651478,
        "Execution Time": 14.854274272918701
    },
    "vintage_score": {
        "original": {
            "Tmean_apr_sep": 20.91026867030965,
            "Tmin_aug_sep": 18.283606557377052,
            "prec_jun_sep": 120.3,
            "vintage_score": -8.122098331799663
        },
        "missing": {
            "Tmean_apr_sep": 20.90640558591378,
            "Tmin_aug_sep": 18.283606557377052,
            "prec_jun_sep": 120.3,
            "vintage_score": -8.098867589492698
        },
        "filled": {
            "Tmean_apr_sep": 20.91194580886152,
            "Tmin_aug_sep": 18.283606557377052,
            "prec_jun_sep": 120.20404876518928,
            "vintage_score": -8.131526359512947
        },
        "Deviation missing": 0.2860189738901724,
        "Deviation filled": 0.11607871917003566,
        "Improvement": 0.16994025472013674
    }
}