{
    "dataset": "Report(Rebutti2023)",
    "gap_parameters": {
        "gap_type": "overlap",
        "perc": "0.0 %",
        "length": 48,
        "seed": 2025
    },
    "algorithm": "Nonstationary_Transformer",
    "algorithm_parameters": {
        "n_layers": 2,
        "d_model": 256,
        "d_ffn": 128,
        "n_heads": 2,
        "n_projector_hidden_layers": 2,
        "d_projector_hidden": [
            32,
            32
        ],
        "dropout": 0.4,
        "epochs": 100,
        "batch_size": 32,
        "ORT_weight": 1,
        "MIT_weight": 1,
        "num_workers": 0,
        "patience": 10,
        "lr": 0.008561435614770999,
        "device": "cuda"
    },
    "metrics": {
        "Missing value percentage": 0.7196710075394106,
        "Missing value percentage between 4 and 9": 1.092896174863388,
        "Mean absolute error": 0.30058245341018525,
        "Mean square error": 0.12938137278838516,
        "Root mean square error": 0.3596962229276048,
        "Mean relative error": 0.2476388800047163,
        "Euclidean Distance": 4.984097067209875,
        "r2 score": 0.8010699193067196,
        "Execution Time": 11.757503747940063
    },
    "vintage_score": {
        "original": {
            "Tmean_apr_sep": 20.91026867030965,
            "Tmin_aug_sep": 18.283606557377052,
            "prec_jun_sep": 120.3,
            "vintage_score": -8.122098331799663
        },
        "missing": {
            "Tmean_apr_sep": 20.840417915417916,
            "Tmin_aug_sep": 18.15666666666667,
            "prec_jun_sep": 120.3,
            "vintage_score": -7.653273278762782
        },
        "filled": {
            "Tmean_apr_sep": 20.883323701855208,
            "Tmin_aug_sep": 18.170633808739858,
            "prec_jun_sep": 121.12039226731854,
            "vintage_score": -7.919967390540933
        },
        "Deviation missing": 5.772215921116533,
        "Deviation filled": 2.4886541999540484,
        "Improvement": 3.283561721162485
    }
}