{
    "dataset": "Report(Rebutti2023)",
    "gap_parameters": {
        "gap_type": "overlap",
        "perc": "100.0 %",
        "length": 24,
        "seed": 2025
    },
    "algorithm": "Nonstationary_Transformer",
    "algorithm_parameters": {
        "n_layers": 2,
        "d_model": 256,
        "d_ffn": 128,
        "n_heads": 2,
        "n_projector_hidden_layers": 2,
        "d_projector_hidden": [
            32,
            32
        ],
        "dropout": 0.4,
        "epochs": 100,
        "batch_size": 32,
        "ORT_weight": 1,
        "MIT_weight": 1,
        "num_workers": 0,
        "patience": 10,
        "lr": 0.008561435614770999,
        "device": "cuda"
    },
    "metrics": {
        "Missing value percentage": 0.39067854694996573,
        "Missing value percentage between 4 and 9": 0.546448087431694,
        "Mean absolute error": 0.4899180854104061,
        "Mean square error": 0.32924808048224014,
        "Root mean square error": 0.5738014294877978,
        "Mean relative error": 0.3678625954371881,
        "Euclidean Distance": 5.622082863698771,
        "r2 score": 0.5751968985035358,
        "Execution Time": 13.874011039733887
    },
    "vintage_score": {
        "original": {
            "Tmean_apr_sep": 20.91026867030965,
            "Tmin_aug_sep": 18.283606557377052,
            "prec_jun_sep": 120.3,
            "vintage_score": -8.122098331799663
        },
        "missing": {
            "Tmean_apr_sep": 20.90110324557046,
            "Tmin_aug_sep": 18.324590163934428,
            "prec_jun_sep": 120.3,
            "vintage_score": -8.083773045041255
        },
        "filled": {
            "Tmean_apr_sep": 20.884727170400247,
            "Tmin_aug_sep": 18.09975003617655,
            "prec_jun_sep": 121.58371669817897,
            "vintage_score": -7.902581747168028
        },
        "Deviation missing": 0.47186435318514125,
        "Deviation filled": 2.702707793775191,
        "Improvement": -2.23084344059005
    }
}