{
    "dataset": "Report(Rebutti2023)",
    "gap_parameters": {
        "gap_type": "overlap",
        "perc": "0.0 %",
        "length": 12,
        "seed": 2024
    },
    "algorithm": "Nonstationary_Transformer",
    "algorithm_parameters": {
        "n_layers": 2,
        "d_model": 256,
        "d_ffn": 128,
        "n_heads": 2,
        "n_projector_hidden_layers": 2,
        "d_projector_hidden": [
            32,
            32
        ],
        "dropout": 0.4,
        "epochs": 100,
        "batch_size": 32,
        "ORT_weight": 1,
        "MIT_weight": 1,
        "num_workers": 0,
        "patience": 10,
        "lr": 0.008561435614770999,
        "device": "cuda"
    },
    "metrics": {
        "Missing value percentage": 0.22618231665524333,
        "Missing value percentage between 4 and 9": 0.273224043715847,
        "Mean absolute error": 0.579195948300867,
        "Mean square error": 0.47014289053522,
        "Root mean square error": 0.6856696657540131,
        "Mean relative error": 0.4700920988813772,
        "Euclidean Distance": 4.7504587931789315,
        "r2 score": 0.2005601226818109,
        "Execution Time": 14.05248236656189
    },
    "vintage_score": {
        "original": {
            "Tmean_apr_sep": 20.91026867030965,
            "Tmin_aug_sep": 18.283606557377052,
            "prec_jun_sep": 120.3,
            "vintage_score": -8.122098331799663
        },
        "missing": {
            "Tmean_apr_sep": 20.900591985428047,
            "Tmin_aug_sep": 18.283606557377052,
            "prec_jun_sep": 120.3,
            "vintage_score": -8.063945574201085
        },
        "filled": {
            "Tmean_apr_sep": 20.89336840103412,
            "Tmin_aug_sep": 18.204280192550307,
            "prec_jun_sep": 120.15097753712554,
            "vintage_score": -7.987150311155915
        },
        "Deviation missing": 0.7159819448491231,
        "Deviation filled": 1.6614920816139196,
        "Improvement": -0.9455101367647964
    }
}