{
    "dataset": "Report(Rebutti2023)",
    "gap_parameters": {
        "gap_type": "overlap",
        "perc": "100.0 %",
        "length": 12,
        "seed": 2025
    },
    "algorithm": "Nonstationary_Transformer",
    "algorithm_parameters": {
        "n_layers": 2,
        "d_model": 256,
        "d_ffn": 128,
        "n_heads": 2,
        "n_projector_hidden_layers": 2,
        "d_projector_hidden": [
            32,
            32
        ],
        "dropout": 0.4,
        "epochs": 100,
        "batch_size": 32,
        "ORT_weight": 1,
        "MIT_weight": 1,
        "num_workers": 0,
        "patience": 10,
        "lr": 0.008561435614770999,
        "device": "cuda"
    },
    "metrics": {
        "Missing value percentage": 0.22618231665524333,
        "Missing value percentage between 4 and 9": 0.273224043715847,
        "Mean absolute error": 0.17714306090247392,
        "Mean square error": 0.04226438369488262,
        "Root mean square error": 0.20558303357739086,
        "Mean relative error": 0.16531421326851437,
        "Euclidean Distance": 1.4243210373207327,
        "r2 score": 0.9040404779697669,
        "Execution Time": 14.275102138519287
    },
    "vintage_score": {
        "original": {
            "Tmean_apr_sep": 20.91026867030965,
            "Tmin_aug_sep": 18.283606557377052,
            "prec_jun_sep": 120.3,
            "vintage_score": -8.122098331799663
        },
        "missing": {
            "Tmean_apr_sep": 20.923507617155156,
            "Tmin_aug_sep": 18.324590163934428,
            "prec_jun_sep": 120.3,
            "vintage_score": -8.218622958597166
        },
        "filled": {
            "Tmean_apr_sep": 20.910791370403864,
            "Tmin_aug_sep": 18.26393324144857,
            "prec_jun_sep": 119.56385044395665,
            "vintage_score": -8.112106055283192
        },
        "Deviation missing": 1.1884198252019407,
        "Deviation filled": 0.12302580082475512,
        "Improvement": 1.0653940243771856
    }
}