{
    "dataset": "Report(Torrevilla2023)",
    "gap_parameters": {
        "gap_type": "overlap",
        "perc": "100.0 %",
        "length": 12,
        "seed": 2023
    },
    "algorithm": "Nonstationary_Transformer",
    "algorithm_parameters": {
        "n_layers": 2,
        "d_model": 32,
        "d_ffn": 64,
        "n_heads": 4,
        "n_projector_hidden_layers": 2,
        "d_projector_hidden": [
            64,
            64
        ],
        "dropout": 0.2,
        "epochs": 100,
        "batch_size": 32,
        "ORT_weight": 1,
        "MIT_weight": 1,
        "num_workers": 0,
        "patience": 10,
        "lr": 0.007037859132857435,
        "device": "cuda"
    },
    "metrics": {
        "Missing value percentage": 0.42152159013022616,
        "Missing value percentage between 4 and 9": 0.273224043715847,
        "Mean absolute error": 0.14364136680711206,
        "Mean square error": 0.032090777520923076,
        "Root mean square error": 0.179138989393496,
        "Mean relative error": 0.31504709216968646,
        "Euclidean Distance": 1.2411113249843222,
        "r2 score": 0.8605851819837639,
        "Execution Time": 18.174501419067383
    },
    "vintage_score": {
        "original": {
            "Tmean_apr_sep": 20.869581056466302,
            "Tmin_aug_sep": 17.044262295081968,
            "prec_jun_sep": 144.89999999999998,
            "vintage_score": -7.541854756514482
        },
        "missing": {
            "Tmean_apr_sep": 20.86752016653656,
            "Tmin_aug_sep": 17.049180327868854,
            "prec_jun_sep": 144.89999999999998,
            "vintage_score": -7.531583883627377
        },
        "filled": {
            "Tmean_apr_sep": 20.865471457232463,
            "Tmin_aug_sep": 16.99634217672346,
            "prec_jun_sep": 144.56089383313952,
            "vintage_score": -7.495428877760958
        },
        "Deviation missing": 0.13618497330823426,
        "Deviation filled": 0.6155764099464089,
        "Improvement": -0.4793914366381747
    }
}