{
    "dataset": "Report(Torrevilla2023)",
    "gap_parameters": {
        "gap_type": "overlap",
        "perc": "50.0 %",
        "length": 3,
        "seed": 2025
    },
    "algorithm": "Nonstationary_Transformer",
    "algorithm_parameters": {
        "n_layers": 2,
        "d_model": 32,
        "d_ffn": 64,
        "n_heads": 4,
        "n_projector_hidden_layers": 2,
        "d_projector_hidden": [
            64,
            64
        ],
        "dropout": 0.2,
        "epochs": 100,
        "batch_size": 32,
        "ORT_weight": 1,
        "MIT_weight": 1,
        "num_workers": 0,
        "patience": 10,
        "lr": 0.007037859132857435,
        "device": "cuda"
    },
    "metrics": {
        "Missing value percentage": 0.2981494174091844,
        "Missing value percentage between 4 and 9": 0.06830601092896176,
        "Mean absolute error": 0.23233773209250602,
        "Mean square error": 0.07603280339718878,
        "Root mean square error": 0.2757404638372627,
        "Mean relative error": 0.20523145602820225,
        "Euclidean Distance": 0.9551929861375351,
        "r2 score": 0.8390104060928096,
        "Execution Time": 17.855762243270874
    },
    "vintage_score": {
        "original": {
            "Tmean_apr_sep": 20.869581056466302,
            "Tmin_aug_sep": 17.044262295081968,
            "prec_jun_sep": 144.89999999999998,
            "vintage_score": -7.541854756514482
        },
        "missing": {
            "Tmean_apr_sep": 20.87050521249559,
            "Tmin_aug_sep": 17.044262295081968,
            "prec_jun_sep": 144.89999999999998,
            "vintage_score": -7.547364129850763
        },
        "filled": {
            "Tmean_apr_sep": 20.871187144949964,
            "Tmin_aug_sep": 17.044262295081968,
            "prec_jun_sep": 144.90572574637676,
            "vintage_score": -7.551469837229519
        },
        "Deviation missing": 0.0730506422378675,
        "Deviation filled": 0.12748960335958864,
        "Improvement": -0.05443896112172114
    }
}