{
    "dataset": "Report(Torrevilla2023)",
    "gap_parameters": {
        "gap_type": "overlap",
        "perc": "0.0 %",
        "length": 6,
        "seed": 2024
    },
    "algorithm": "Nonstationary_Transformer",
    "algorithm_parameters": {
        "n_layers": 2,
        "d_model": 32,
        "d_ffn": 64,
        "n_heads": 4,
        "n_projector_hidden_layers": 2,
        "d_projector_hidden": [
            64,
            64
        ],
        "dropout": 0.2,
        "epochs": 100,
        "batch_size": 32,
        "ORT_weight": 1,
        "MIT_weight": 1,
        "num_workers": 0,
        "patience": 10,
        "lr": 0.007037859132857435,
        "device": "cuda"
    },
    "metrics": {
        "Missing value percentage": 0.339273474982865,
        "Missing value percentage between 4 and 9": 0.1366120218579235,
        "Mean absolute error": 0.07140511912623214,
        "Mean square error": 0.011725172894763207,
        "Root mean square error": 0.10828283748943415,
        "Mean relative error": 0.05739518007211127,
        "Euclidean Distance": 0.5304753994996646,
        "r2 score": 0.9796155288438196,
        "Execution Time": 17.240418195724487
    },
    "vintage_score": {
        "original": {
            "Tmean_apr_sep": 20.869581056466302,
            "Tmin_aug_sep": 17.044262295081968,
            "prec_jun_sep": 144.89999999999998,
            "vintage_score": -7.541854756514482
        },
        "missing": {
            "Tmean_apr_sep": 20.864609896782028,
            "Tmin_aug_sep": 17.044262295081968,
            "prec_jun_sep": 144.89999999999998,
            "vintage_score": -7.5122389948607236
        },
        "filled": {
            "Tmean_apr_sep": 20.86917970562444,
            "Tmin_aug_sep": 17.044262295081968,
            "prec_jun_sep": 144.93150313071965,
            "vintage_score": -7.539680395896767
        },
        "Deviation missing": 0.3926853885402266,
        "Deviation filled": 0.02883058197106225,
        "Improvement": 0.36385480656916436
    }
}