{
    "dataset": "Report(Torrevilla2023)",
    "gap_parameters": {
        "gap_type": "overlap",
        "perc": "0.0 %",
        "length": 3,
        "seed": 2024
    },
    "algorithm": "Nonstationary_Transformer",
    "algorithm_parameters": {
        "n_layers": 2,
        "d_model": 32,
        "d_ffn": 64,
        "n_heads": 4,
        "n_projector_hidden_layers": 2,
        "d_projector_hidden": [
            64,
            64
        ],
        "dropout": 0.2,
        "epochs": 100,
        "batch_size": 32,
        "ORT_weight": 1,
        "MIT_weight": 1,
        "num_workers": 0,
        "patience": 10,
        "lr": 0.007037859132857435,
        "device": "cuda"
    },
    "metrics": {
        "Missing value percentage": 0.2981494174091844,
        "Missing value percentage between 4 and 9": 0.06830601092896176,
        "Mean absolute error": 0.05864525451195947,
        "Mean square error": 0.00798489214798929,
        "Root mean square error": 0.08935822372892878,
        "Mean relative error": 0.051407682166212096,
        "Euclidean Distance": 0.3095459671452359,
        "r2 score": 0.9832691787260366,
        "Execution Time": 17.686564683914185
    },
    "vintage_score": {
        "original": {
            "Tmean_apr_sep": 20.869581056466302,
            "Tmin_aug_sep": 17.044262295081968,
            "prec_jun_sep": 144.89999999999998,
            "vintage_score": -7.541854756514482
        },
        "missing": {
            "Tmean_apr_sep": 20.86843937028363,
            "Tmin_aug_sep": 17.044262295081968,
            "prec_jun_sep": 144.89999999999998,
            "vintage_score": -7.535050174578799
        },
        "filled": {
            "Tmean_apr_sep": 20.870101693414597,
            "Tmin_aug_sep": 17.044262295081968,
            "prec_jun_sep": 144.90027925480013,
            "vintage_score": -7.544960332589085
        },
        "Deviation missing": 0.09022425060367173,
        "Deviation filled": 0.04117788229639794,
        "Improvement": 0.04904636830727379
    }
}