{
    "dataset": "Report(Torrevilla2023)",
    "gap_parameters": {
        "gap_type": "overlap",
        "perc": "50.0 %",
        "length": 3,
        "seed": 2023
    },
    "algorithm": "Nonstationary_Transformer",
    "algorithm_parameters": {
        "n_layers": 2,
        "d_model": 32,
        "d_ffn": 64,
        "n_heads": 4,
        "n_projector_hidden_layers": 2,
        "d_projector_hidden": [
            64,
            64
        ],
        "dropout": 0.2,
        "epochs": 100,
        "batch_size": 32,
        "ORT_weight": 1,
        "MIT_weight": 1,
        "num_workers": 0,
        "patience": 10,
        "lr": 0.007037859132857435,
        "device": "cuda"
    },
    "metrics": {
        "Missing value percentage": 0.2981494174091844,
        "Missing value percentage between 4 and 9": 0.06830601092896176,
        "Mean absolute error": 0.07532011696038021,
        "Mean square error": 0.00926776257565074,
        "Root mean square error": 0.09626921925335605,
        "Mean relative error": 0.08663432376176054,
        "Euclidean Distance": 0.3334863579036152,
        "r2 score": 0.9670118019385859,
        "Execution Time": 18.594202041625977
    },
    "vintage_score": {
        "original": {
            "Tmean_apr_sep": 20.869581056466302,
            "Tmin_aug_sep": 17.044262295081968,
            "prec_jun_sep": 144.89999999999998,
            "vintage_score": -7.541854756514482
        },
        "missing": {
            "Tmean_apr_sep": 20.865781941191777,
            "Tmin_aug_sep": 17.044262295081968,
            "prec_jun_sep": 144.89999999999998,
            "vintage_score": -7.519218444377856
        },
        "filled": {
            "Tmean_apr_sep": 20.870050074801703,
            "Tmin_aug_sep": 17.044262295081968,
            "prec_jun_sep": 144.95758306656234,
            "vintage_score": -7.5450490327435205
        },
        "Deviation missing": 0.30014250960048616,
        "Deviation filled": 0.04235398760867554,
        "Improvement": 0.2577885219918106
    }
}