{
    "dataset": "Report(Torrevilla2023)",
    "gap_parameters": {
        "gap_type": "overlap",
        "perc": "100.0 %",
        "length": 12,
        "seed": 2024
    },
    "algorithm": "CDMissingValueRecovery",
    "algorithm_parameters": {
        "truncation": 2,
        "eps": 9.042666231981757e-05
    },
    "metrics": {
        "Missing value percentage": 0.42152159013022616,
        "Missing value percentage between 4 and 9": 0.273224043715847,
        "Mean absolute error": 0.1020865168126672,
        "Mean square error": 0.01849953688176161,
        "Root mean square error": 0.1360130026201966,
        "Mean relative error": 0.08666537441133243,
        "Euclidean Distance": 0.9423257241127272,
        "r2 score": 0.9667620150926428,
        "Execution Time": 0.2995874881744385
    },
    "vintage_score": {
        "original": {
            "Tmean_apr_sep": 20.869581056466302,
            "Tmin_aug_sep": 17.044262295081968,
            "prec_jun_sep": 144.89999999999998,
            "vintage_score": -7.541854756514482
        },
        "missing": {
            "Tmean_apr_sep": 20.85922131147541,
            "Tmin_aug_sep": 17.044262295081968,
            "prec_jun_sep": 144.89999999999998,
            "vintage_score": -7.480174318273072
        },
        "filled": {
            "Tmean_apr_sep": 20.87161197221985,
            "Tmin_aug_sep": 17.044262295081968,
            "prec_jun_sep": 144.5685030259179,
            "vintage_score": -7.551670328652648
        },
        "Deviation missing": 0.8178417674794396,
        "Deviation filled": 0.13014798686871284,
        "Improvement": 0.6876937806107267
    }
}