{
    "dataset": "Report(Torrevilla2023)",
    "gap_parameters": {
        "gap_type": "overlap",
        "perc": "50.0 %",
        "length": 3,
        "seed": 2025
    },
    "algorithm": "CDMissingValueRecovery",
    "algorithm_parameters": {
        "truncation": 2,
        "eps": 9.042666231981757e-05
    },
    "metrics": {
        "Missing value percentage": 0.2981494174091844,
        "Missing value percentage between 4 and 9": 0.06830601092896176,
        "Mean absolute error": 0.04766933845290484,
        "Mean square error": 0.004385731809139121,
        "Root mean square error": 0.06622485793974284,
        "Mean relative error": 0.042107873096977624,
        "Euclidean Distance": 0.2294096373513411,
        "r2 score": 0.9907137820599515,
        "Execution Time": 0.28453683853149414
    },
    "vintage_score": {
        "original": {
            "Tmean_apr_sep": 20.869581056466302,
            "Tmin_aug_sep": 17.044262295081968,
            "prec_jun_sep": 144.89999999999998,
            "vintage_score": -7.541854756514482
        },
        "missing": {
            "Tmean_apr_sep": 20.87050521249559,
            "Tmin_aug_sep": 17.044262295081968,
            "prec_jun_sep": 144.89999999999998,
            "vintage_score": -7.547364129850763
        },
        "filled": {
            "Tmean_apr_sep": 20.86963659675251,
            "Tmin_aug_sep": 17.044262295081968,
            "prec_jun_sep": 144.87716825791293,
            "vintage_score": -7.54202787821356
        },
        "Deviation missing": 0.0730506422378675,
        "Deviation filled": 0.0022954790919056662,
        "Improvement": 0.07075516314596184
    }
}