{
    "dataset": "Report(Torrevilla2023)",
    "gap_parameters": {
        "gap_type": "overlap",
        "perc": "50.0 %",
        "length": 6,
        "seed": 2024
    },
    "algorithm": "CDMissingValueRecovery",
    "algorithm_parameters": {
        "truncation": 2,
        "eps": 9.042666231981757e-05
    },
    "metrics": {
        "Missing value percentage": 0.339273474982865,
        "Missing value percentage between 4 and 9": 0.1366120218579235,
        "Mean absolute error": 0.07015604482096616,
        "Mean square error": 0.006238125292802392,
        "Root mean square error": 0.07898180355501128,
        "Mean relative error": 0.05639117860062781,
        "Euclidean Distance": 0.3869302353490402,
        "r2 score": 0.989154881873293,
        "Execution Time": 0.3292250633239746
    },
    "vintage_score": {
        "original": {
            "Tmean_apr_sep": 20.869581056466302,
            "Tmin_aug_sep": 17.044262295081968,
            "prec_jun_sep": 144.89999999999998,
            "vintage_score": -7.541854756514482
        },
        "missing": {
            "Tmean_apr_sep": 20.864609896782028,
            "Tmin_aug_sep": 17.044262295081968,
            "prec_jun_sep": 144.89999999999998,
            "vintage_score": -7.5122389948607236
        },
        "filled": {
            "Tmean_apr_sep": 20.87016651439615,
            "Tmin_aug_sep": 17.044262295081968,
            "prec_jun_sep": 144.73553114205257,
            "vintage_score": -7.54420704463854
        },
        "Deviation missing": 0.3926853885402266,
        "Deviation filled": 0.03118978288498893,
        "Improvement": 0.3614956056552377
    }
}