{
    "dataset": "Report(Torrevilla2023)",
    "gap_parameters": {
        "gap_type": "overlap",
        "perc": "100.0 %",
        "length": 48,
        "seed": 2025
    },
    "algorithm": "CDMissingValueRecovery",
    "algorithm_parameters": {
        "truncation": 2,
        "eps": 9.042666231981757e-05
    },
    "metrics": {
        "Missing value percentage": 0.9150102810143934,
        "Missing value percentage between 4 and 9": 1.092896174863388,
        "Mean absolute error": 0.09096891884913107,
        "Mean square error": 0.014553683981847632,
        "Root mean square error": 0.1206386504477219,
        "Mean relative error": 0.07971726822927037,
        "Euclidean Distance": 1.671618175455974,
        "r2 score": 0.9773957709214218,
        "Execution Time": 0.3106272220611572
    },
    "vintage_score": {
        "original": {
            "Tmean_apr_sep": 20.869581056466302,
            "Tmin_aug_sep": 17.044262295081968,
            "prec_jun_sep": 144.89999999999998,
            "vintage_score": -7.541854756514482
        },
        "missing": {
            "Tmean_apr_sep": 20.8014319014319,
            "Tmin_aug_sep": 16.973333333333336,
            "prec_jun_sep": 144.89999999999998,
            "vintage_score": -7.1097756987421405
        },
        "filled": {
            "Tmean_apr_sep": 20.874515270269384,
            "Tmin_aug_sep": 17.078225870077034,
            "prec_jun_sep": 143.98040871173657,
            "vintage_score": -7.578809572067371
        },
        "Deviation missing": 5.729082191607064,
        "Deviation filled": 0.48999638346214774,
        "Improvement": 5.239085808144916
    }
}