{
    "dataset": "Report(Torrevilla2023)",
    "gap_parameters": {
        "gap_type": "overlap",
        "perc": "0.0 %",
        "length": 48,
        "seed": 2023
    },
    "algorithm": "CDMissingValueRecovery",
    "algorithm_parameters": {
        "truncation": 2,
        "eps": 9.042666231981757e-05
    },
    "metrics": {
        "Missing value percentage": 0.9150102810143934,
        "Missing value percentage between 4 and 9": 1.092896174863388,
        "Mean absolute error": 0.07069827281677725,
        "Mean square error": 0.008443579926436186,
        "Root mean square error": 0.09188895432224804,
        "Mean relative error": 0.15859098973661523,
        "Euclidean Distance": 1.2732507003240783,
        "r2 score": 0.9674641136462835,
        "Execution Time": 0.2658720016479492
    },
    "vintage_score": {
        "original": {
            "Tmean_apr_sep": 20.869581056466302,
            "Tmin_aug_sep": 17.044262295081968,
            "prec_jun_sep": 144.89999999999998,
            "vintage_score": -7.541854756514482
        },
        "missing": {
            "Tmean_apr_sep": 20.882315323565322,
            "Tmin_aug_sep": 17.175,
            "prec_jun_sep": 144.89999999999998,
            "vintage_score": -7.67133109084682
        },
        "filled": {
            "Tmean_apr_sep": 20.8732188134602,
            "Tmin_aug_sep": 17.038119170168297,
            "prec_jun_sep": 143.81492612963416,
            "vintage_score": -7.553529550293234
        },
        "Deviation missing": 1.7167704565047408,
        "Deviation filled": 0.15480003468202336,
        "Improvement": 1.5619704218227175
    }
}