{
    "dataset": "Report(Torrevilla2023)",
    "gap_parameters": {
        "gap_type": "overlap",
        "perc": "0.0 %",
        "length": 6,
        "seed": 2023
    },
    "algorithm": "CDMissingValueRecovery",
    "algorithm_parameters": {
        "truncation": 2,
        "eps": 9.042666231981757e-05
    },
    "metrics": {
        "Missing value percentage": 0.339273474982865,
        "Missing value percentage between 4 and 9": 0.1366120218579235,
        "Mean absolute error": 0.041342946903865196,
        "Mean square error": 0.0025902098944090984,
        "Root mean square error": 0.050894104711735506,
        "Mean relative error": 0.05483658596570238,
        "Euclidean Distance": 0.24932917491906345,
        "r2 score": 0.9894345869363587,
        "Execution Time": 0.35137271881103516
    },
    "vintage_score": {
        "original": {
            "Tmean_apr_sep": 20.869581056466302,
            "Tmin_aug_sep": 17.044262295081968,
            "prec_jun_sep": 144.89999999999998,
            "vintage_score": -7.541854756514482
        },
        "missing": {
            "Tmean_apr_sep": 20.86311475409836,
            "Tmin_aug_sep": 17.044262295081968,
            "prec_jun_sep": 144.89999999999998,
            "vintage_score": -7.5033382235152715
        },
        "filled": {
            "Tmean_apr_sep": 20.869125604277134,
            "Tmin_aug_sep": 17.044262295081968,
            "prec_jun_sep": 144.84470528687768,
            "vintage_score": -7.538757467649248
        },
        "Deviation missing": 0.5107037226610713,
        "Deviation filled": 0.04106799938780228,
        "Improvement": 0.4696357232732691
    }
}