{
    "dataset": "Report(Torrevilla2023)",
    "gap_parameters": {
        "gap_type": "overlap",
        "perc": "0.0 %",
        "length": 24,
        "seed": 2024
    },
    "algorithm": "CDMissingValueRecovery",
    "algorithm_parameters": {
        "truncation": 2,
        "eps": 9.042666231981757e-05
    },
    "metrics": {
        "Missing value percentage": 0.5860178204249485,
        "Missing value percentage between 4 and 9": 0.546448087431694,
        "Mean absolute error": 0.09249888223854108,
        "Mean square error": 0.016671338267186586,
        "Root mean square error": 0.1291175366369208,
        "Mean relative error": 0.09524942438270646,
        "Euclidean Distance": 1.2650883264222816,
        "r2 score": 0.9618545243001712,
        "Execution Time": 0.3178679943084717
    },
    "vintage_score": {
        "original": {
            "Tmean_apr_sep": 20.869581056466302,
            "Tmin_aug_sep": 17.044262295081968,
            "prec_jun_sep": 144.89999999999998,
            "vintage_score": -7.541854756514482
        },
        "missing": {
            "Tmean_apr_sep": 20.859688069216755,
            "Tmin_aug_sep": 17.044262295081968,
            "prec_jun_sep": 144.89999999999998,
            "vintage_score": -7.482950191659228
        },
        "filled": {
            "Tmean_apr_sep": 20.87277161232927,
            "Tmin_aug_sep": 17.044262295081968,
            "prec_jun_sep": 144.38462224642143,
            "vintage_score": -7.557314841162196
        },
        "Deviation missing": 0.7810355245090576,
        "Deviation filled": 0.20499048505753428,
        "Improvement": 0.5760450394515233
    }
}