{
    "dataset": "Report(Torrevilla2023)",
    "gap_parameters": {
        "gap_type": "overlap",
        "perc": "100.0 %",
        "length": 24,
        "seed": 2025
    },
    "algorithm": "CDMissingValueRecovery",
    "algorithm_parameters": {
        "truncation": 2,
        "eps": 9.042666231981757e-05
    },
    "metrics": {
        "Missing value percentage": 0.5860178204249485,
        "Missing value percentage between 4 and 9": 0.546448087431694,
        "Mean absolute error": 0.09264525285749903,
        "Mean square error": 0.014479662638873843,
        "Root mean square error": 0.12033146986085495,
        "Mean relative error": 0.07437245697384838,
        "Euclidean Distance": 1.1790028046327554,
        "r2 score": 0.9817831647533171,
        "Execution Time": 0.32483887672424316
    },
    "vintage_score": {
        "original": {
            "Tmean_apr_sep": 20.869581056466302,
            "Tmin_aug_sep": 17.044262295081968,
            "prec_jun_sep": 144.89999999999998,
            "vintage_score": -7.541854756514482
        },
        "missing": {
            "Tmean_apr_sep": 20.86091861235304,
            "Tmin_aug_sep": 17.114754098360656,
            "prec_jun_sep": 144.89999999999998,
            "vintage_score": -7.519093919835285
        },
        "filled": {
            "Tmean_apr_sep": 20.871374659342287,
            "Tmin_aug_sep": 17.072021885741588,
            "prec_jun_sep": 144.4754448886408,
            "vintage_score": -7.560962236600432
        },
        "Deviation missing": 0.3017936225772133,
        "Deviation filled": 0.25335253333332947,
        "Improvement": 0.04844108924388385
    }
}