{
    "dataset": "Report(Torrevilla2023)",
    "gap_parameters": {
        "gap_type": "overlap",
        "perc": "100.0 %",
        "length": 48,
        "seed": 2024
    },
    "algorithm": "Saits",
    "algorithm_parameters": {
        "n_layers": 2,
        "d_model": 64,
        "d_ffn": 256,
        "n_heads": 1,
        "d_k": 64,
        "d_v": 64,
        "dropout": 0.3,
        "epochs": 100,
        "batch_size": 32,
        "ORT_weight": 1,
        "MIT_weight": 1,
        "attn_dropout": 0.4,
        "diagonal_attention_mask": true,
        "num_workers": 0,
        "patience": 10,
        "lr": 0.008610459441905952,
        "device": "cuda"
    },
    "metrics": {
        "Missing value percentage": 0.9150102810143934,
        "Missing value percentage between 4 and 9": 1.092896174863388,
        "Mean absolute error": 0.4212734728298229,
        "Mean square error": 5.759051365808048,
        "Root mean square error": 2.3998023597388283,
        "Mean relative error": 0.398369184436492,
        "Euclidean Distance": 33.25263692153076,
        "r2 score": -0.04814608573041568,
        "Execution Time": 12.19296669960022
    },
    "vintage_score": {
        "original": {
            "Tmean_apr_sep": 20.869581056466302,
            "Tmin_aug_sep": 17.044262295081968,
            "prec_jun_sep": 144.89999999999998,
            "vintage_score": -7.541854756514482
        },
        "missing": {
            "Tmean_apr_sep": 20.842032967032967,
            "Tmin_aug_sep": 17.008333333333336,
            "prec_jun_sep": 107.89999999999998,
            "vintage_score": -7.1075015348478985
        },
        "filled": {
            "Tmean_apr_sep": 20.876074342928085,
            "Tmin_aug_sep": 17.027715355889942,
            "prec_jun_sep": 107.70578932208943,
            "vintage_score": -7.316513565444637
        },
        "Deviation missing": 5.759236098937056,
        "Deviation filled": 2.987874976976984,
        "Improvement": 2.7713611219600724
    }
}