{
    "dataset": "Report(Torrevilla2023)",
    "gap_parameters": {
        "gap_type": "overlap",
        "perc": "0.0 %",
        "length": 48,
        "seed": 2024
    },
    "algorithm": "Saits",
    "algorithm_parameters": {
        "n_layers": 2,
        "d_model": 64,
        "d_ffn": 256,
        "n_heads": 1,
        "d_k": 64,
        "d_v": 64,
        "dropout": 0.3,
        "epochs": 100,
        "batch_size": 32,
        "ORT_weight": 1,
        "MIT_weight": 1,
        "attn_dropout": 0.4,
        "diagonal_attention_mask": true,
        "num_workers": 0,
        "patience": 10,
        "lr": 0.008610459441905952,
        "device": "cuda"
    },
    "metrics": {
        "Missing value percentage": 0.9150102810143934,
        "Missing value percentage between 4 and 9": 1.092896174863388,
        "Mean absolute error": 0.1649828785833473,
        "Mean square error": 0.05241395618711642,
        "Root mean square error": 0.22894094475894086,
        "Mean relative error": 0.22181611870136783,
        "Euclidean Distance": 3.17229878604245,
        "r2 score": 0.8591617184136807,
        "Execution Time": 12.327048063278198
    },
    "vintage_score": {
        "original": {
            "Tmean_apr_sep": 20.869581056466302,
            "Tmin_aug_sep": 17.044262295081968,
            "prec_jun_sep": 144.89999999999998,
            "vintage_score": -7.541854756514482
        },
        "missing": {
            "Tmean_apr_sep": 20.842032967032967,
            "Tmin_aug_sep": 17.008333333333336,
            "prec_jun_sep": 144.89999999999998,
            "vintage_score": -7.363467534847899
        },
        "filled": {
            "Tmean_apr_sep": 20.887093477778716,
            "Tmin_aug_sep": 17.029658148494793,
            "prec_jun_sep": 144.8948683810855,
            "vintage_score": -7.640445495379822
        },
        "Deviation missing": 2.365296434706541,
        "Deviation filled": 1.3072479124605227,
        "Improvement": 1.058048522246018
    }
}