{
    "dataset": "Report(Torrevilla2023)",
    "gap_parameters": {
        "gap_type": "overlap",
        "perc": "0.0 %",
        "length": 12,
        "seed": 2025
    },
    "algorithm": "Saits",
    "algorithm_parameters": {
        "n_layers": 2,
        "d_model": 64,
        "d_ffn": 256,
        "n_heads": 1,
        "d_k": 64,
        "d_v": 64,
        "dropout": 0.3,
        "epochs": 100,
        "batch_size": 32,
        "ORT_weight": 1,
        "MIT_weight": 1,
        "attn_dropout": 0.4,
        "diagonal_attention_mask": true,
        "num_workers": 0,
        "patience": 10,
        "lr": 0.008610459441905952,
        "device": "cuda"
    },
    "metrics": {
        "Missing value percentage": 0.42152159013022616,
        "Missing value percentage between 4 and 9": 0.273224043715847,
        "Mean absolute error": 0.26287570956431916,
        "Mean square error": 0.09668366325605221,
        "Root mean square error": 0.3109399672863754,
        "Mean relative error": 0.30184344946610037,
        "Euclidean Distance": 2.1542552857752497,
        "r2 score": 0.7094942404202331,
        "Execution Time": 14.789945602416992
    },
    "vintage_score": {
        "original": {
            "Tmean_apr_sep": 20.869581056466302,
            "Tmin_aug_sep": 17.044262295081968,
            "prec_jun_sep": 144.89999999999998,
            "vintage_score": -7.541854756514482
        },
        "missing": {
            "Tmean_apr_sep": 20.88937294490573,
            "Tmin_aug_sep": 17.114754098360656,
            "prec_jun_sep": 144.89999999999998,
            "vintage_score": -7.68892212312258
        },
        "filled": {
            "Tmean_apr_sep": 20.87764811106479,
            "Tmin_aug_sep": 17.09235544273015,
            "prec_jun_sep": 144.81910917909482,
            "vintage_score": -7.609091463178032
        },
        "Deviation missing": 1.9500158960375755,
        "Deviation filled": 0.8915142075027719,
        "Improvement": 1.0585016885348035
    }
}