{
    "dataset": "Report(Torrevilla2023)",
    "gap_parameters": {
        "gap_type": "overlap",
        "perc": "100.0 %",
        "length": 12,
        "seed": 2023
    },
    "algorithm": "Saits",
    "algorithm_parameters": {
        "n_layers": 2,
        "d_model": 64,
        "d_ffn": 256,
        "n_heads": 1,
        "d_k": 64,
        "d_v": 64,
        "dropout": 0.3,
        "epochs": 100,
        "batch_size": 32,
        "ORT_weight": 1,
        "MIT_weight": 1,
        "attn_dropout": 0.4,
        "diagonal_attention_mask": true,
        "num_workers": 0,
        "patience": 10,
        "lr": 0.008610459441905952,
        "device": "cuda"
    },
    "metrics": {
        "Missing value percentage": 0.42152159013022616,
        "Missing value percentage between 4 and 9": 0.273224043715847,
        "Mean absolute error": 0.2031116367834502,
        "Mean square error": 0.059162253742976255,
        "Root mean square error": 0.24323292076315708,
        "Mean relative error": 0.4454826069733779,
        "Euclidean Distance": 1.6851671073406695,
        "r2 score": 0.7429761608727089,
        "Execution Time": 11.671097755432129
    },
    "vintage_score": {
        "original": {
            "Tmean_apr_sep": 20.869581056466302,
            "Tmin_aug_sep": 17.044262295081968,
            "prec_jun_sep": 144.89999999999998,
            "vintage_score": -7.541854756514482
        },
        "missing": {
            "Tmean_apr_sep": 20.86752016653656,
            "Tmin_aug_sep": 17.049180327868854,
            "prec_jun_sep": 144.89999999999998,
            "vintage_score": -7.531583883627377
        },
        "filled": {
            "Tmean_apr_sep": 20.876303279272665,
            "Tmin_aug_sep": 17.049180327868854,
            "prec_jun_sep": 144.87890515852035,
            "vintage_score": -7.583820926777861
        },
        "Deviation missing": 0.13618497330823426,
        "Deviation filled": 0.5564436285003961,
        "Improvement": -0.4202586551921618
    }
}