{
    "dataset": "Report(Torrevilla2023)",
    "gap_parameters": {
        "gap_type": "overlap",
        "perc": "0.0 %",
        "length": 24,
        "seed": 2024
    },
    "algorithm": "Saits",
    "algorithm_parameters": {
        "n_layers": 2,
        "d_model": 64,
        "d_ffn": 256,
        "n_heads": 1,
        "d_k": 64,
        "d_v": 64,
        "dropout": 0.3,
        "epochs": 100,
        "batch_size": 32,
        "ORT_weight": 1,
        "MIT_weight": 1,
        "attn_dropout": 0.4,
        "diagonal_attention_mask": true,
        "num_workers": 0,
        "patience": 10,
        "lr": 0.008610459441905952,
        "device": "cuda"
    },
    "metrics": {
        "Missing value percentage": 0.5860178204249485,
        "Missing value percentage between 4 and 9": 0.546448087431694,
        "Mean absolute error": 0.0821005619487883,
        "Mean square error": 0.014407809032333645,
        "Root mean square error": 0.12003253322467891,
        "Mean relative error": 0.08454190015996196,
        "Euclidean Distance": 1.176073835736534,
        "r2 score": 0.9670336765697811,
        "Execution Time": 12.916579484939575
    },
    "vintage_score": {
        "original": {
            "Tmean_apr_sep": 20.869581056466302,
            "Tmin_aug_sep": 17.044262295081968,
            "prec_jun_sep": 144.89999999999998,
            "vintage_score": -7.541854756514482
        },
        "missing": {
            "Tmean_apr_sep": 20.859688069216755,
            "Tmin_aug_sep": 17.044262295081968,
            "prec_jun_sep": 144.89999999999998,
            "vintage_score": -7.482950191659228
        },
        "filled": {
            "Tmean_apr_sep": 20.86947554046048,
            "Tmin_aug_sep": 17.044262295081968,
            "prec_jun_sep": 144.90387018940595,
            "vintage_score": -7.541252568627186
        },
        "Deviation missing": 0.7810355245090576,
        "Deviation filled": 0.007984612628286921,
        "Improvement": 0.7730509118807707
    }
}