{
    "dataset": "33UVP_lai_field_timeseries",
    "gap_parameters": {
        "gap_type": "custom_single",
        "seed": 2024
    },
    "algorithm": "CDMissingValueRecovery",
    "algorithm_parameters": {
        "truncation": 4,
        "eps": 0.006045438877570083
    },
    "metrics": {
        "Missing value percentage": 29.255729093549448,
        "Mean absolute error": 0.6467982106695737,
        "Mean square error": 0.8044025619458087,
        "Root mean square error": 0.8968849212389562,
        "Mean relative error": 0.8126377862336479,
        "Euclidean Distance": 212.34969841041976,
        "r2 score": 0.18919464881666814,
        "Execution Time": 12.09133267402649
    }
}