{
    "dataset": "Report(Torrevilla2023)",
    "gap_parameters": {
        "gap_type": "overlap",
        "perc": "100.0 %",
        "length": 48,
        "seed": 2024
    },
    "algorithm": "SoftImpute",
    "algorithm_parameters": {
        "max_rank": 2
    },
    "metrics": {
        "Missing value percentage": 0.9150102810143934,
        "Missing value percentage between 4 and 9": 1.092896174863388,
        "Mean absolute error": 0.17888803196798075,
        "Mean square error": 0.4506647573790329,
        "Root mean square error": 0.671315691295111,
        "Mean relative error": 0.16916203843036923,
        "Euclidean Distance": 9.302023081930875,
        "r2 score": 0.91797911297893,
        "Execution Time": 0.31269097328186035
    },
    "vintage_score": {
        "original": {
            "Tmean_apr_sep": 20.869581056466302,
            "Tmin_aug_sep": 17.044262295081968,
            "prec_jun_sep": 144.89999999999998,
            "vintage_score": -7.541854756514482
        },
        "missing": {
            "Tmean_apr_sep": 20.842032967032967,
            "Tmin_aug_sep": 17.008333333333336,
            "prec_jun_sep": 107.89999999999998,
            "vintage_score": -7.1075015348478985
        },
        "filled": {
            "Tmean_apr_sep": 20.86851450918503,
            "Tmin_aug_sep": 17.03082985638138,
            "prec_jun_sep": 156.0272535889863,
            "vintage_score": -7.606983772866926
        },
        "Deviation missing": 5.759236098937056,
        "Deviation filled": 0.8635676296495455,
        "Improvement": 4.895668469287511
    }
}