{
    "dataset": "Report(Torrevilla2023)",
    "gap_parameters": {
        "gap_type": "overlap",
        "perc": "100.0 %",
        "length": 6,
        "seed": 2023
    },
    "algorithm": "SoftImpute",
    "algorithm_parameters": {
        "max_rank": 2
    },
    "metrics": {
        "Missing value percentage": 0.339273474982865,
        "Missing value percentage between 4 and 9": 0.1366120218579235,
        "Mean absolute error": 0.05005367735033312,
        "Mean square error": 0.00407303435967794,
        "Root mean square error": 0.06382032873370318,
        "Mean relative error": 0.06639035159500109,
        "Euclidean Distance": 0.31265448122851947,
        "r2 score": 0.9833861763383394,
        "Execution Time": 0.30703210830688477
    },
    "vintage_score": {
        "original": {
            "Tmean_apr_sep": 20.869581056466302,
            "Tmin_aug_sep": 17.044262295081968,
            "prec_jun_sep": 144.89999999999998,
            "vintage_score": -7.541854756514482
        },
        "missing": {
            "Tmean_apr_sep": 20.86311475409836,
            "Tmin_aug_sep": 17.044262295081968,
            "prec_jun_sep": 144.89999999999998,
            "vintage_score": -7.5033382235152715
        },
        "filled": {
            "Tmean_apr_sep": 20.86886513748194,
            "Tmin_aug_sep": 17.044262295081968,
            "prec_jun_sep": 144.8864740609684,
            "vintage_score": -7.537494016998835
        },
        "Deviation missing": 0.5107037226610713,
        "Deviation filled": 0.05782051837951898,
        "Improvement": 0.4528832042815524
    }
}