{
    "dataset": "Report(Torrevilla2023)",
    "gap_parameters": {
        "gap_type": "overlap",
        "perc": "100.0 %",
        "length": 24,
        "seed": 2024
    },
    "algorithm": "SoftImpute",
    "algorithm_parameters": {
        "max_rank": 2
    },
    "metrics": {
        "Missing value percentage": 0.5860178204249485,
        "Missing value percentage between 4 and 9": 0.546448087431694,
        "Mean absolute error": 0.07910338670604028,
        "Mean square error": 0.014199858203757649,
        "Root mean square error": 0.11916315791282828,
        "Mean relative error": 0.08145560106383193,
        "Euclidean Distance": 1.1675557321005061,
        "r2 score": 0.9675094861989227,
        "Execution Time": 0.2957289218902588
    },
    "vintage_score": {
        "original": {
            "Tmean_apr_sep": 20.869581056466302,
            "Tmin_aug_sep": 17.044262295081968,
            "prec_jun_sep": 144.89999999999998,
            "vintage_score": -7.541854756514482
        },
        "missing": {
            "Tmean_apr_sep": 20.859688069216755,
            "Tmin_aug_sep": 17.044262295081968,
            "prec_jun_sep": 144.89999999999998,
            "vintage_score": -7.482950191659228
        },
        "filled": {
            "Tmean_apr_sep": 20.87160068707759,
            "Tmin_aug_sep": 17.044262295081968,
            "prec_jun_sep": 144.87606936081144,
            "vintage_score": -7.553730772015939
        },
        "Deviation missing": 0.7810355245090576,
        "Deviation filled": 0.15746810147992804,
        "Improvement": 0.6235674230291295
    }
}