{
    "dataset": "Report(Torrevilla2023)",
    "gap_parameters": {
        "gap_type": "overlap",
        "perc": "0.0 %",
        "length": 6,
        "seed": 2025
    },
    "algorithm": "SoftImpute",
    "algorithm_parameters": {
        "max_rank": 2
    },
    "metrics": {
        "Missing value percentage": 0.339273474982865,
        "Missing value percentage between 4 and 9": 0.1366120218579235,
        "Mean absolute error": 0.08707584195752446,
        "Mean square error": 0.014505250306030315,
        "Root mean square error": 0.12043774452400839,
        "Mean relative error": 0.08920691810780933,
        "Euclidean Distance": 0.5900220397110112,
        "r2 score": 0.9628478734274796,
        "Execution Time": 0.2831301689147949
    },
    "vintage_score": {
        "original": {
            "Tmean_apr_sep": 20.869581056466302,
            "Tmin_aug_sep": 17.044262295081968,
            "prec_jun_sep": 144.89999999999998,
            "vintage_score": -7.541854756514482
        },
        "missing": {
            "Tmean_apr_sep": 20.874607136943204,
            "Tmin_aug_sep": 17.044262295081968,
            "prec_jun_sep": 144.89999999999998,
            "vintage_score": -7.571831827318164
        },
        "filled": {
            "Tmean_apr_sep": 20.870482921348998,
            "Tmin_aug_sep": 17.044262295081968,
            "prec_jun_sep": 144.86921338740046,
            "vintage_score": -7.54701824532998
        },
        "Deviation missing": 0.39747610861622884,
        "Deviation filled": 0.06846444253037068,
        "Improvement": 0.3290116660858582
    }
}