{
    "dataset": "Report(Torrevilla2023)",
    "gap_parameters": {
        "gap_type": "overlap",
        "perc": "0.0 %",
        "length": 3,
        "seed": 2024
    },
    "algorithm": "SoftImpute",
    "algorithm_parameters": {
        "max_rank": 2
    },
    "metrics": {
        "Missing value percentage": 0.2981494174091844,
        "Missing value percentage between 4 and 9": 0.06830601092896176,
        "Mean absolute error": 0.042995599842371064,
        "Mean square error": 0.003156327752996998,
        "Root mean square error": 0.05618120462393983,
        "Mean relative error": 0.03768939447251449,
        "Euclidean Distance": 0.19461740167818276,
        "r2 score": 0.9933865161183497,
        "Execution Time": 0.3332829475402832
    },
    "vintage_score": {
        "original": {
            "Tmean_apr_sep": 20.869581056466302,
            "Tmin_aug_sep": 17.044262295081968,
            "prec_jun_sep": 144.89999999999998,
            "vintage_score": -7.541854756514482
        },
        "missing": {
            "Tmean_apr_sep": 20.86843937028363,
            "Tmin_aug_sep": 17.044262295081968,
            "prec_jun_sep": 144.89999999999998,
            "vintage_score": -7.535050174578799
        },
        "filled": {
            "Tmean_apr_sep": 20.86951041755266,
            "Tmin_aug_sep": 17.044262295081968,
            "prec_jun_sep": 144.90003528217187,
            "vintage_score": -7.541433933114746
        },
        "Deviation missing": 0.09022425060367173,
        "Deviation filled": 0.005579839619326254,
        "Improvement": 0.08464441098434547
    }
}