{
    "dataset": "Report(Torrevilla2023)",
    "gap_parameters": {
        "gap_type": "overlap",
        "perc": "0.0 %",
        "length": 3,
        "seed": 2023
    },
    "algorithm": "SoftImpute",
    "algorithm_parameters": {
        "max_rank": 2
    },
    "metrics": {
        "Missing value percentage": 0.2981494174091844,
        "Missing value percentage between 4 and 9": 0.06830601092896176,
        "Mean absolute error": 0.04335523172553674,
        "Mean square error": 0.0033663983949063746,
        "Root mean square error": 0.0580206721342176,
        "Mean relative error": 0.049867835229890245,
        "Euclidean Distance": 0.20098950405152965,
        "r2 score": 0.9880174512350409,
        "Execution Time": 0.3185410499572754
    },
    "vintage_score": {
        "original": {
            "Tmean_apr_sep": 20.869581056466302,
            "Tmin_aug_sep": 17.044262295081968,
            "prec_jun_sep": 144.89999999999998,
            "vintage_score": -7.541854756514482
        },
        "missing": {
            "Tmean_apr_sep": 20.865781941191777,
            "Tmin_aug_sep": 17.044262295081968,
            "prec_jun_sep": 144.89999999999998,
            "vintage_score": -7.519218444377856
        },
        "filled": {
            "Tmean_apr_sep": 20.869322004390682,
            "Tmin_aug_sep": 17.044262295081968,
            "prec_jun_sep": 144.889716872451,
            "vintage_score": -7.540239482198928
        },
        "Deviation missing": 0.30014250960048616,
        "Deviation filled": 0.02141746782062037,
        "Improvement": 0.2787250417798658
    }
}