{
    "dataset": "Report(Torrevilla2023)",
    "gap_parameters": {
        "gap_type": "overlap",
        "perc": "0.0 %",
        "length": 24,
        "seed": 2023
    },
    "algorithm": "SoftImpute",
    "algorithm_parameters": {
        "max_rank": 2
    },
    "metrics": {
        "Missing value percentage": 0.5860178204249485,
        "Missing value percentage between 4 and 9": 0.546448087431694,
        "Mean absolute error": 0.050633199529832404,
        "Mean square error": 0.004978831933568895,
        "Root mean square error": 0.07056083852654314,
        "Mean relative error": 0.12218928727931223,
        "Euclidean Distance": 0.6913522008517936,
        "r2 score": 0.9794208184446127,
        "Execution Time": 0.3162205219268799
    },
    "vintage_score": {
        "original": {
            "Tmean_apr_sep": 20.869581056466302,
            "Tmin_aug_sep": 17.044262295081968,
            "prec_jun_sep": 144.89999999999998,
            "vintage_score": -7.541854756514482
        },
        "missing": {
            "Tmean_apr_sep": 20.8824043715847,
            "Tmin_aug_sep": 17.142622950819668,
            "prec_jun_sep": 144.89999999999998,
            "vintage_score": -7.658624466284493
        },
        "filled": {
            "Tmean_apr_sep": 20.86956441823918,
            "Tmin_aug_sep": 17.032860988455752,
            "prec_jun_sep": 144.852452746611,
            "vintage_score": -7.536764651864473
        },
        "Deviation missing": 1.5482890288910474,
        "Deviation filled": 0.06749141708956914,
        "Improvement": 1.4807976118014783
    }
}