{
    "dataset": "Report(Torrevilla2023)",
    "gap_parameters": {
        "gap_type": "overlap",
        "perc": "100.0 %",
        "length": 6,
        "seed": 2024
    },
    "algorithm": "SoftImpute",
    "algorithm_parameters": {
        "max_rank": 2
    },
    "metrics": {
        "Missing value percentage": 0.339273474982865,
        "Missing value percentage between 4 and 9": 0.1366120218579235,
        "Mean absolute error": 0.04650719945201722,
        "Mean square error": 0.0037669113083984677,
        "Root mean square error": 0.06137516849995988,
        "Mean relative error": 0.037382321041706724,
        "Euclidean Distance": 0.3006756914044882,
        "r2 score": 0.9934511417781965,
        "Execution Time": 0.35622072219848633
    },
    "vintage_score": {
        "original": {
            "Tmean_apr_sep": 20.869581056466302,
            "Tmin_aug_sep": 17.044262295081968,
            "prec_jun_sep": 144.89999999999998,
            "vintage_score": -7.541854756514482
        },
        "missing": {
            "Tmean_apr_sep": 20.864609896782028,
            "Tmin_aug_sep": 17.044262295081968,
            "prec_jun_sep": 144.89999999999998,
            "vintage_score": -7.5122389948607236
        },
        "filled": {
            "Tmean_apr_sep": 20.869841085195567,
            "Tmin_aug_sep": 17.044262295081968,
            "prec_jun_sep": 144.90090665802745,
            "vintage_score": -7.543411077616696
        },
        "Deviation missing": 0.3926853885402266,
        "Deviation filled": 0.02063578724941272,
        "Improvement": 0.3720496012908139
    }
}