{
    "dataset": "Report(Torrevilla2023)",
    "gap_parameters": {
        "gap_type": "overlap",
        "perc": "50.0 %",
        "length": 3,
        "seed": 2023
    },
    "algorithm": "SoftImpute",
    "algorithm_parameters": {
        "max_rank": 2
    },
    "metrics": {
        "Missing value percentage": 0.2981494174091844,
        "Missing value percentage between 4 and 9": 0.06830601092896176,
        "Mean absolute error": 0.042773800285798275,
        "Mean square error": 0.003361522168313507,
        "Root mean square error": 0.0579786354471499,
        "Mean relative error": 0.04919906410169264,
        "Euclidean Distance": 0.20084388469596343,
        "r2 score": 0.9880348079516512,
        "Execution Time": 0.28030943870544434
    },
    "vintage_score": {
        "original": {
            "Tmean_apr_sep": 20.869581056466302,
            "Tmin_aug_sep": 17.044262295081968,
            "prec_jun_sep": 144.89999999999998,
            "vintage_score": -7.541854756514482
        },
        "missing": {
            "Tmean_apr_sep": 20.865781941191777,
            "Tmin_aug_sep": 17.044262295081968,
            "prec_jun_sep": 144.89999999999998,
            "vintage_score": -7.519218444377856
        },
        "filled": {
            "Tmean_apr_sep": 20.86932197104506,
            "Tmin_aug_sep": 17.044262295081968,
            "prec_jun_sep": 144.89386158461832,
            "vintage_score": -7.540267956559802
        },
        "Deviation missing": 0.30014250960048616,
        "Deviation filled": 0.021039916650599465,
        "Improvement": 0.2791025929498867
    }
}