{
    "dataset": "Report(Torrevilla2023)",
    "gap_parameters": {
        "gap_type": "overlap",
        "perc": "50.0 %",
        "length": 12,
        "seed": 2023
    },
    "algorithm": "SoftImpute",
    "algorithm_parameters": {
        "max_rank": 2
    },
    "metrics": {
        "Missing value percentage": 0.42152159013022616,
        "Missing value percentage between 4 and 9": 0.273224043715847,
        "Mean absolute error": 0.055008308247957334,
        "Mean square error": 0.004677684250843626,
        "Root mean square error": 0.0683935980252803,
        "Mean relative error": 0.12064914128786104,
        "Euclidean Distance": 0.47384474676891664,
        "r2 score": 0.9796783204101681,
        "Execution Time": 0.36299586296081543
    },
    "vintage_score": {
        "original": {
            "Tmean_apr_sep": 20.869581056466302,
            "Tmin_aug_sep": 17.044262295081968,
            "prec_jun_sep": 144.89999999999998,
            "vintage_score": -7.541854756514482
        },
        "missing": {
            "Tmean_apr_sep": 20.86752016653656,
            "Tmin_aug_sep": 17.049180327868854,
            "prec_jun_sep": 144.89999999999998,
            "vintage_score": -7.531583883627377
        },
        "filled": {
            "Tmean_apr_sep": 20.869038746020994,
            "Tmin_aug_sep": 17.031872148717962,
            "prec_jun_sep": 144.84306233976395,
            "vintage_score": -7.5331620771338805
        },
        "Deviation missing": 0.13618497330823426,
        "Deviation filled": 0.11525917246142851,
        "Improvement": 0.020925800846805745
    }
}