{
    "dataset": "Report(Torrevilla2023)",
    "gap_parameters": {
        "gap_type": "overlap",
        "perc": "0.0 %",
        "length": 12,
        "seed": 2023
    },
    "algorithm": "SoftImpute",
    "algorithm_parameters": {
        "max_rank": 2
    },
    "metrics": {
        "Missing value percentage": 0.42152159013022616,
        "Missing value percentage between 4 and 9": 0.273224043715847,
        "Mean absolute error": 0.05431614707620277,
        "Mean square error": 0.004668998556391806,
        "Root mean square error": 0.0683300706599357,
        "Mean relative error": 0.11913103150290708,
        "Euclidean Distance": 0.47340461627112523,
        "r2 score": 0.9797160544448313,
        "Execution Time": 0.3389768600463867
    },
    "vintage_score": {
        "original": {
            "Tmean_apr_sep": 20.869581056466302,
            "Tmin_aug_sep": 17.044262295081968,
            "prec_jun_sep": 144.89999999999998,
            "vintage_score": -7.541854756514482
        },
        "missing": {
            "Tmean_apr_sep": 20.86752016653656,
            "Tmin_aug_sep": 17.049180327868854,
            "prec_jun_sep": 144.89999999999998,
            "vintage_score": -7.531583883627377
        },
        "filled": {
            "Tmean_apr_sep": 20.869038988520487,
            "Tmin_aug_sep": 17.031875516550624,
            "prec_jun_sep": 144.862775801007,
            "vintage_score": -7.533301277300012
        },
        "Deviation missing": 0.13618497330823426,
        "Deviation filled": 0.11341347043420076,
        "Improvement": 0.022771502874033497
    }
}