{
    "dataset": "Report(Torrevilla2023)",
    "gap_parameters": {
        "gap_type": "overlap",
        "perc": "50.0 %",
        "length": 12,
        "seed": 2025
    },
    "algorithm": "SoftImpute",
    "algorithm_parameters": {
        "max_rank": 2
    },
    "metrics": {
        "Missing value percentage": 0.42152159013022616,
        "Missing value percentage between 4 and 9": 0.273224043715847,
        "Mean absolute error": 0.08770415108361707,
        "Mean square error": 0.015152210014706879,
        "Root mean square error": 0.12309431349460007,
        "Mean relative error": 0.10070509572546765,
        "Euclidean Distance": 0.8528224203818432,
        "r2 score": 0.9544720986835485,
        "Execution Time": 0.35963892936706543
    },
    "vintage_score": {
        "original": {
            "Tmean_apr_sep": 20.869581056466302,
            "Tmin_aug_sep": 17.044262295081968,
            "prec_jun_sep": 144.89999999999998,
            "vintage_score": -7.541854756514482
        },
        "missing": {
            "Tmean_apr_sep": 20.88937294490573,
            "Tmin_aug_sep": 17.114754098360656,
            "prec_jun_sep": 144.89999999999998,
            "vintage_score": -7.68892212312258
        },
        "filled": {
            "Tmean_apr_sep": 20.871833580700997,
            "Tmin_aug_sep": 17.068745403517877,
            "prec_jun_sep": 144.8813908166917,
            "vintage_score": -7.565167657984489
        },
        "Deviation missing": 1.9500158960375755,
        "Deviation filled": 0.30911363613665077,
        "Improvement": 1.6409022599009249
    }
}