{
    "dataset": "Report(Bertelegni2023)",
    "gap_parameters": {
        "gap_type": "overlap",
        "perc": "0.0 %",
        "length": 24,
        "seed": 2024
    },
    "algorithm": "SoftImpute",
    "algorithm_parameters": {
        "max_rank": 3
    },
    "metrics": {
        "Missing value percentage": 1.7272104180945853,
        "Missing value percentage between 4 and 9": 0.546448087431694,
        "Mean absolute error": 0.1798802062441416,
        "Mean square error": 0.05280859303822526,
        "Root mean square error": 0.22980120330021175,
        "Mean relative error": 0.1616038553008584,
        "Euclidean Distance": 2.251582761452414,
        "r2 score": 0.9110618072004899,
        "Execution Time": 0.37798094749450684
    },
    "vintage_score": {
        "original": {
            "Tmean_apr_sep": 20.354001429188713,
            "Tmin_aug_sep": 16.15245901639344,
            "prec_jun_sep": 125.0,
            "vintage_score": -4.14670757438347
        },
        "missing": {
            "Tmean_apr_sep": 20.337084307148643,
            "Tmin_aug_sep": 16.15245901639344,
            "prec_jun_sep": 125.0,
            "vintage_score": -4.057905418629332
        },
        "filled": {
            "Tmean_apr_sep": 20.301625162384138,
            "Tmin_aug_sep": 16.15245901639344,
            "prec_jun_sep": 124.82081073142157,
            "vintage_score": -3.871793021137478
        },
        "Deviation missing": 2.1415099608836274,
        "Deviation filled": 6.629706780972279,
        "Improvement": -4.4881968200886515
    }
}