{
    "dataset": "Report(Bertelegni2023)",
    "gap_parameters": {
        "gap_type": "overlap",
        "perc": "100.0 %",
        "length": 24,
        "seed": 2025
    },
    "algorithm": "SoftImpute",
    "algorithm_parameters": {
        "max_rank": 3
    },
    "metrics": {
        "Missing value percentage": 1.7272104180945853,
        "Missing value percentage between 4 and 9": 0.546448087431694,
        "Mean absolute error": 0.1387676073965909,
        "Mean square error": 0.030279161417908304,
        "Root mean square error": 0.17400908429708004,
        "Mean relative error": 0.10960394013472793,
        "Euclidean Distance": 1.7049338685471727,
        "r2 score": 0.9650252359474251,
        "Execution Time": 0.33408379554748535
    },
    "vintage_score": {
        "original": {
            "Tmean_apr_sep": 20.354001429188713,
            "Tmin_aug_sep": 16.15245901639344,
            "prec_jun_sep": 125.0,
            "vintage_score": -4.14670757438347
        },
        "missing": {
            "Tmean_apr_sep": 20.353955891848095,
            "Tmin_aug_sep": 16.277049180327868,
            "prec_jun_sep": 125.0,
            "vintage_score": -4.197412933990904
        },
        "filled": {
            "Tmean_apr_sep": 20.310248461862237,
            "Tmin_aug_sep": 16.1911411912943,
            "prec_jun_sep": 124.86283326425081,
            "vintage_score": -3.932702900735478
        },
        "Deviation missing": 1.2227859982379665,
        "Deviation filled": 5.160833500052383,
        "Improvement": -3.9380475018144163
    }
}