{
    "dataset": "Report(Bertelegni2023)",
    "gap_parameters": {
        "gap_type": "overlap",
        "perc": "0.0 %",
        "length": 24,
        "seed": 2025
    },
    "algorithm": "SoftImpute",
    "algorithm_parameters": {
        "max_rank": 3
    },
    "metrics": {
        "Missing value percentage": 1.7272104180945853,
        "Missing value percentage between 4 and 9": 0.546448087431694,
        "Mean absolute error": 0.13711469978925583,
        "Mean square error": 0.03024759392620407,
        "Root mean square error": 0.17391835419588145,
        "Mean relative error": 0.10829841076918353,
        "Euclidean Distance": 1.7040448987381818,
        "r2 score": 0.9650616988322074,
        "Execution Time": 0.2922177314758301
    },
    "vintage_score": {
        "original": {
            "Tmean_apr_sep": 20.354001429188713,
            "Tmin_aug_sep": 16.15245901639344,
            "prec_jun_sep": 125.0,
            "vintage_score": -4.14670757438347
        },
        "missing": {
            "Tmean_apr_sep": 20.353955891848095,
            "Tmin_aug_sep": 16.277049180327868,
            "prec_jun_sep": 125.0,
            "vintage_score": -4.197412933990904
        },
        "filled": {
            "Tmean_apr_sep": 20.31025114345001,
            "Tmin_aug_sep": 16.191154583684096,
            "prec_jun_sep": 125.02311187272602,
            "vintage_score": -3.9338311320912283
        },
        "Deviation missing": 1.2227859982379665,
        "Deviation filled": 5.13362561679773,
        "Improvement": -3.910839618559763
    }
}