{
    "dataset": "Report(Bertelegni2023)",
    "gap_parameters": {
        "gap_type": "overlap",
        "perc": "100.0 %",
        "length": 12,
        "seed": 2024
    },
    "algorithm": "SoftImpute",
    "algorithm_parameters": {
        "max_rank": 3
    },
    "metrics": {
        "Missing value percentage": 1.562714187799863,
        "Missing value percentage between 4 and 9": 0.273224043715847,
        "Mean absolute error": 0.2346668606592424,
        "Mean square error": 0.07948501284680418,
        "Root mean square error": 0.2819308653673879,
        "Mean relative error": 0.1688959947430618,
        "Euclidean Distance": 1.9532743321527266,
        "r2 score": 0.8931829142197226,
        "Execution Time": 0.4115138053894043
    },
    "vintage_score": {
        "original": {
            "Tmean_apr_sep": 20.354001429188713,
            "Tmin_aug_sep": 16.15245901639344,
            "prec_jun_sep": 125.0,
            "vintage_score": -4.14670757438347
        },
        "missing": {
            "Tmean_apr_sep": 20.33799505396103,
            "Tmin_aug_sep": 16.15245901639344,
            "prec_jun_sep": 125.0,
            "vintage_score": -4.0626762555019695
        },
        "filled": {
            "Tmean_apr_sep": 20.303799940950864,
            "Tmin_aug_sep": 16.15245901639344,
            "prec_jun_sep": 124.95188721464037,
            "vintage_score": -3.8839892656980055
        },
        "Deviation missing": 2.0264587597304597,
        "Deviation filled": 6.335588029125133,
        "Improvement": -4.309129269394673
    }
}