{
    "dataset": "Report(Bertelegni2023)",
    "gap_parameters": {
        "gap_type": "overlap",
        "perc": "0.0 %",
        "length": 48,
        "seed": 2025
    },
    "algorithm": "SoftImpute",
    "algorithm_parameters": {
        "max_rank": 3
    },
    "metrics": {
        "Missing value percentage": 2.0562028786840303,
        "Missing value percentage between 4 and 9": 1.092896174863388,
        "Mean absolute error": 0.1613635181345198,
        "Mean square error": 0.04266854880640266,
        "Root mean square error": 0.20656366768239437,
        "Mean relative error": 0.1321283693147781,
        "Euclidean Distance": 2.8622301393894505,
        "r2 score": 0.9432651174703757,
        "Execution Time": 0.3669447898864746
    },
    "vintage_score": {
        "original": {
            "Tmean_apr_sep": 20.354001429188713,
            "Tmin_aug_sep": 16.15245901639344,
            "prec_jun_sep": 125.0,
            "vintage_score": -4.14670757438347
        },
        "missing": {
            "Tmean_apr_sep": 20.275245942535907,
            "Tmin_aug_sep": 16.081666666666663,
            "prec_jun_sep": 125.0,
            "vintage_score": -3.7076603686328724
        },
        "filled": {
            "Tmean_apr_sep": 20.30153618385769,
            "Tmin_aug_sep": 16.207408408480088,
            "prec_jun_sep": 125.01545856099213,
            "vintage_score": -3.8951466430414428
        },
        "Deviation missing": 10.587850671285272,
        "Deviation filled": 6.066522098063039,
        "Improvement": 4.521328573222233
    }
}