{
    "dataset": "Report(Bertelegni2023)",
    "gap_parameters": {
        "gap_type": "overlap",
        "perc": "50.0 %",
        "length": 48,
        "seed": 2023
    },
    "algorithm": "SoftImpute",
    "algorithm_parameters": {
        "max_rank": 3
    },
    "metrics": {
        "Missing value percentage": 2.0562028786840303,
        "Missing value percentage between 4 and 9": 1.092896174863388,
        "Mean absolute error": 0.14785340567891403,
        "Mean square error": 0.036193814660710144,
        "Root mean square error": 0.19024672049922475,
        "Mean relative error": 0.30768502930893454,
        "Euclidean Distance": 2.6361358870241087,
        "r2 score": 0.8873552145762049,
        "Execution Time": 0.3875298500061035
    },
    "vintage_score": {
        "original": {
            "Tmean_apr_sep": 20.354001429188713,
            "Tmin_aug_sep": 16.15245901639344,
            "prec_jun_sep": 125.0,
            "vintage_score": -4.14670757438347
        },
        "missing": {
            "Tmean_apr_sep": 20.365752658042624,
            "Tmin_aug_sep": 16.31,
            "prec_jun_sep": 125.0,
            "vintage_score": -4.273039935105288
        },
        "filled": {
            "Tmean_apr_sep": 20.312405857647434,
            "Tmin_aug_sep": 16.22211932656816,
            "prec_jun_sep": 124.98277056368187,
            "vintage_score": -3.957424047055042
        },
        "Deviation missing": 3.046570283910153,
        "Deviation filled": 4.5646702578628355,
        "Improvement": -1.5180999739526824
    }
}