{
    "dataset": "Report(Bertelegni2023)",
    "gap_parameters": {
        "gap_type": "overlap",
        "perc": "50.0 %",
        "length": 3,
        "seed": 2024
    },
    "algorithm": "SoftImpute",
    "algorithm_parameters": {
        "max_rank": 3
    },
    "metrics": {
        "Missing value percentage": 1.4393420150788212,
        "Missing value percentage between 4 and 9": 0.06830601092896176,
        "Mean absolute error": 0.20430073867618048,
        "Mean square error": 0.05774138814924816,
        "Root mean square error": 0.24029437810578957,
        "Mean relative error": 0.15828377940702038,
        "Euclidean Distance": 0.8324041433048226,
        "r2 score": 0.9079349146961042,
        "Execution Time": 0.4254722595214844
    },
    "vintage_score": {
        "original": {
            "Tmean_apr_sep": 20.354001429188713,
            "Tmin_aug_sep": 16.15245901639344,
            "prec_jun_sep": 125.0,
            "vintage_score": -4.14670757438347
        },
        "missing": {
            "Tmean_apr_sep": 20.352632056302948,
            "Tmin_aug_sep": 16.15245901639344,
            "prec_jun_sep": 125.0,
            "vintage_score": -4.139504941214341
        },
        "filled": {
            "Tmean_apr_sep": 20.30931196445578,
            "Tmin_aug_sep": 16.15245901639344,
            "prec_jun_sep": 124.99395405659172,
            "vintage_score": -3.912922428295815
        },
        "Deviation missing": 0.17369522783867733,
        "Deviation filled": 5.637849833730174,
        "Improvement": -5.464154605891497
    }
}