{
    "dataset": "Report(Bertelegni2023)",
    "gap_parameters": {
        "gap_type": "overlap",
        "perc": "100.0 %",
        "length": 6,
        "seed": 2025
    },
    "algorithm": "SoftImpute",
    "algorithm_parameters": {
        "max_rank": 3
    },
    "metrics": {
        "Missing value percentage": 1.4804660726525016,
        "Missing value percentage between 4 and 9": 0.1366120218579235,
        "Mean absolute error": 0.1503374327203117,
        "Mean square error": 0.029997249204792582,
        "Root mean square error": 0.17319713971308123,
        "Mean relative error": 0.16461415346561373,
        "Euclidean Distance": 0.8484892344131726,
        "r2 score": 0.908236941144159,
        "Execution Time": 0.3745112419128418
    },
    "vintage_score": {
        "original": {
            "Tmean_apr_sep": 20.354001429188713,
            "Tmin_aug_sep": 16.15245901639344,
            "prec_jun_sep": 125.0,
            "vintage_score": -4.14670757438347
        },
        "missing": {
            "Tmean_apr_sep": 20.360622558514763,
            "Tmin_aug_sep": 16.15245901639344,
            "prec_jun_sep": 125.0,
            "vintage_score": -4.181569341076795
        },
        "filled": {
            "Tmean_apr_sep": 20.312983760658646,
            "Tmin_aug_sep": 16.15245901639344,
            "prec_jun_sep": 124.95771353869819,
            "vintage_score": -3.93177437859444
        },
        "Deviation missing": 0.8407095525299564,
        "Deviation filled": 5.183225292200303,
        "Improvement": -4.342515739670347
    }
}