{
    "dataset": "Report(Bertelegni2023)",
    "gap_parameters": {
        "gap_type": "overlap",
        "perc": "0.0 %",
        "length": 12,
        "seed": 2024
    },
    "algorithm": "SoftImpute",
    "algorithm_parameters": {
        "max_rank": 3
    },
    "metrics": {
        "Missing value percentage": 1.562714187799863,
        "Missing value percentage between 4 and 9": 0.273224043715847,
        "Mean absolute error": 0.23613392177303985,
        "Mean square error": 0.07951475838281763,
        "Root mean square error": 0.28198361367784763,
        "Mean relative error": 0.1699518777316849,
        "Euclidean Distance": 1.9536397831676457,
        "r2 score": 0.8931429402503147,
        "Execution Time": 0.4030430316925049
    },
    "vintage_score": {
        "original": {
            "Tmean_apr_sep": 20.354001429188713,
            "Tmin_aug_sep": 16.15245901639344,
            "prec_jun_sep": 125.0,
            "vintage_score": -4.14670757438347
        },
        "missing": {
            "Tmean_apr_sep": 20.33799505396103,
            "Tmin_aug_sep": 16.15245901639344,
            "prec_jun_sep": 125.0,
            "vintage_score": -4.0626762555019695
        },
        "filled": {
            "Tmean_apr_sep": 20.30380056310742,
            "Tmin_aug_sep": 16.15245901639344,
            "prec_jun_sep": 124.91507227654046,
            "vintage_score": -3.883737810541902
        },
        "Deviation missing": 2.0264587597304597,
        "Deviation filled": 6.341652000398557,
        "Improvement": -4.315193240668097
    }
}