{
    "dataset": "Report(Bertelegni2023)",
    "gap_parameters": {
        "gap_type": "overlap",
        "perc": "50.0 %",
        "length": 12,
        "seed": 2023
    },
    "algorithm": "SoftImpute",
    "algorithm_parameters": {
        "max_rank": 3
    },
    "metrics": {
        "Missing value percentage": 1.562714187799863,
        "Missing value percentage between 4 and 9": 0.273224043715847,
        "Mean absolute error": 0.1152871864625442,
        "Mean square error": 0.023521840392794237,
        "Root mean square error": 0.15336831613079097,
        "Mean relative error": 0.2705930710282471,
        "Euclidean Distance": 1.0625668632392726,
        "r2 score": 0.9105894656652083,
        "Execution Time": 0.3727996349334717
    },
    "vintage_score": {
        "original": {
            "Tmean_apr_sep": 20.354001429188713,
            "Tmin_aug_sep": 16.15245901639344,
            "prec_jun_sep": 125.0,
            "vintage_score": -4.14670757438347
        },
        "missing": {
            "Tmean_apr_sep": 20.354973976677655,
            "Tmin_aug_sep": 16.17868852459016,
            "prec_jun_sep": 125.0,
            "vintage_score": -4.162549776100519
        },
        "filled": {
            "Tmean_apr_sep": 20.312867050049924,
            "Tmin_aug_sep": 16.17868852459016,
            "prec_jun_sep": 125.02649798645598,
            "vintage_score": -3.942368002107628
        },
        "Deviation missing": 0.38204289627065946,
        "Deviation filled": 4.927754576622707,
        "Improvement": -4.545711680352047
    }
}