{
    "dataset": "Report(Bertelegni2023)",
    "gap_parameters": {
        "gap_type": "overlap",
        "perc": "100.0 %",
        "length": 3,
        "seed": 2024
    },
    "algorithm": "SoftImpute",
    "algorithm_parameters": {
        "max_rank": 3
    },
    "metrics": {
        "Missing value percentage": 1.4393420150788212,
        "Missing value percentage between 4 and 9": 0.06830601092896176,
        "Mean absolute error": 0.2044842503032763,
        "Mean square error": 0.05774061623901973,
        "Root mean square error": 0.2402927719242086,
        "Mean relative error": 0.15842595664088688,
        "Euclidean Distance": 0.8323985793286138,
        "r2 score": 0.9079361454593974,
        "Execution Time": 0.30039334297180176
    },
    "vintage_score": {
        "original": {
            "Tmean_apr_sep": 20.354001429188713,
            "Tmin_aug_sep": 16.15245901639344,
            "prec_jun_sep": 125.0,
            "vintage_score": -4.14670757438347
        },
        "missing": {
            "Tmean_apr_sep": 20.352632056302948,
            "Tmin_aug_sep": 16.15245901639344,
            "prec_jun_sep": 125.0,
            "vintage_score": -4.139504941214341
        },
        "filled": {
            "Tmean_apr_sep": 20.309311991311205,
            "Tmin_aug_sep": 16.15245901639344,
            "prec_jun_sep": 124.99599263814335,
            "vintage_score": -3.912936670852446
        },
        "Deviation missing": 0.17369522783867733,
        "Deviation filled": 5.6375063671033265,
        "Improvement": -5.463811139264649
    }
}