{
    "dataset": "Report(Bertelegni2023)",
    "gap_parameters": {
        "gap_type": "overlap",
        "perc": "100.0 %",
        "length": 6,
        "seed": 2024
    },
    "algorithm": "SoftImpute",
    "algorithm_parameters": {
        "max_rank": 3
    },
    "metrics": {
        "Missing value percentage": 1.4804660726525016,
        "Missing value percentage between 4 and 9": 0.1366120218579235,
        "Mean absolute error": 0.24132697160598177,
        "Mean square error": 0.08022951043956886,
        "Root mean square error": 0.2832481428704677,
        "Mean relative error": 0.16695527637724067,
        "Euclidean Distance": 1.3876268412472184,
        "r2 score": 0.8994453661474464,
        "Execution Time": 0.32419252395629883
    },
    "vintage_score": {
        "original": {
            "Tmean_apr_sep": 20.354001429188713,
            "Tmin_aug_sep": 16.15245901639344,
            "prec_jun_sep": 125.0,
            "vintage_score": -4.14670757438347
        },
        "missing": {
            "Tmean_apr_sep": 20.347588253718165,
            "Tmin_aug_sep": 16.15245901639344,
            "prec_jun_sep": 125.0,
            "vintage_score": -4.112997490985549
        },
        "filled": {
            "Tmean_apr_sep": 20.30723943847157,
            "Tmin_aug_sep": 16.15245901639344,
            "prec_jun_sep": 124.98015185875911,
            "vintage_score": -3.9020526315193536
        },
        "Deviation missing": 0.8129361136089441,
        "Deviation filled": 5.899980610532717,
        "Improvement": -5.087044496923773
    }
}