{
    "dataset": "Report(Bertelegni2023)",
    "gap_parameters": {
        "gap_type": "overlap",
        "perc": "50.0 %",
        "length": 24,
        "seed": 2023
    },
    "algorithm": "SoftImpute",
    "algorithm_parameters": {
        "max_rank": 3
    },
    "metrics": {
        "Missing value percentage": 1.7272104180945853,
        "Missing value percentage between 4 and 9": 0.546448087431694,
        "Mean absolute error": 0.14108295015243183,
        "Mean square error": 0.03201253728084867,
        "Root mean square error": 0.1789204775335922,
        "Mean relative error": 0.3006720182636293,
        "Euclidean Distance": 1.7530554979696176,
        "r2 score": 0.8989711043280301,
        "Execution Time": 0.33257007598876953
    },
    "vintage_score": {
        "original": {
            "Tmean_apr_sep": 20.354001429188713,
            "Tmin_aug_sep": 16.15245901639344,
            "prec_jun_sep": 125.0,
            "vintage_score": -4.14670757438347
        },
        "missing": {
            "Tmean_apr_sep": 20.36559068237633,
            "Tmin_aug_sep": 16.270491803278688,
            "prec_jun_sep": 125.0,
            "vintage_score": -4.256030355559972
        },
        "filled": {
            "Tmean_apr_sep": 20.311810381998452,
            "Tmin_aug_sep": 16.2100330960805,
            "prec_jun_sep": 124.99228630811945,
            "vintage_score": -3.949449055644237
        },
        "Deviation missing": 2.636375466933086,
        "Deviation filled": 4.756991304566753,
        "Improvement": -2.1206158376336672
    }
}