{
    "dataset": "Report(Bertelegni2023)",
    "gap_parameters": {
        "gap_type": "overlap",
        "perc": "0.0 %",
        "length": 12,
        "seed": 2023
    },
    "algorithm": "SoftImpute",
    "algorithm_parameters": {
        "max_rank": 3
    },
    "metrics": {
        "Missing value percentage": 1.562714187799863,
        "Missing value percentage between 4 and 9": 0.273224043715847,
        "Mean absolute error": 0.11578132272196513,
        "Mean square error": 0.02352451528492722,
        "Root mean square error": 0.15337703636766234,
        "Mean relative error": 0.2717528690252827,
        "Euclidean Distance": 1.0626272788125337,
        "r2 score": 0.9105792979431718,
        "Execution Time": 0.5060727596282959
    },
    "vintage_score": {
        "original": {
            "Tmean_apr_sep": 20.354001429188713,
            "Tmin_aug_sep": 16.15245901639344,
            "prec_jun_sep": 125.0,
            "vintage_score": -4.14670757438347
        },
        "missing": {
            "Tmean_apr_sep": 20.354973976677655,
            "Tmin_aug_sep": 16.17868852459016,
            "prec_jun_sep": 125.0,
            "vintage_score": -4.162549776100519
        },
        "filled": {
            "Tmean_apr_sep": 20.31286695262556,
            "Tmin_aug_sep": 16.17868852459016,
            "prec_jun_sep": 124.96154075641087,
            "vintage_score": -3.9419181209086105
        },
        "Deviation missing": 0.38204289627065946,
        "Deviation filled": 4.938603694650625,
        "Improvement": -4.556560798379965
    }
}