{
    "dataset": "Report(Bertelegni2023)",
    "gap_parameters": {
        "gap_type": "overlap",
        "perc": "0.0 %",
        "length": 48,
        "seed": 2024
    },
    "algorithm": "SoftImpute",
    "algorithm_parameters": {
        "max_rank": 3
    },
    "metrics": {
        "Missing value percentage": 2.0562028786840303,
        "Missing value percentage between 4 and 9": 1.092896174863388,
        "Mean absolute error": 0.13676874251722207,
        "Mean square error": 0.034405534542216634,
        "Root mean square error": 0.18548728943573636,
        "Mean relative error": 0.1664961614038081,
        "Euclidean Distance": 2.5701872756874407,
        "r2 score": 0.9311189066342357,
        "Execution Time": 0.33862948417663574
    },
    "vintage_score": {
        "original": {
            "Tmean_apr_sep": 20.354001429188713,
            "Tmin_aug_sep": 16.15245901639344,
            "prec_jun_sep": 125.0,
            "vintage_score": -4.14670757438347
        },
        "missing": {
            "Tmean_apr_sep": 20.317645209935172,
            "Tmin_aug_sep": 16.10833333333333,
            "prec_jun_sep": 125.0,
            "vintage_score": -3.9383016709991523
        },
        "filled": {
            "Tmean_apr_sep": 20.298449391918734,
            "Tmin_aug_sep": 16.1409205117615,
            "prec_jun_sep": 124.65287878825359,
            "vintage_score": -3.8494390209333744
        },
        "Deviation missing": 5.025816256534636,
        "Deviation filled": 7.168785069062728,
        "Improvement": -2.1429688125280917
    }
}