{
    "dataset": "Report(Bertelegni2023)",
    "gap_parameters": {
        "gap_type": "overlap",
        "perc": "100.0 %",
        "length": 3,
        "seed": 2025
    },
    "algorithm": "SoftImpute",
    "algorithm_parameters": {
        "max_rank": 3
    },
    "metrics": {
        "Missing value percentage": 1.4393420150788212,
        "Missing value percentage between 4 and 9": 0.06830601092896176,
        "Mean absolute error": 0.16608026570884235,
        "Mean square error": 0.036453837466815374,
        "Root mean square error": 0.1909288806514493,
        "Mean relative error": 0.16501798538101023,
        "Euclidean Distance": 0.6613970438411566,
        "r2 score": 0.9037460127826531,
        "Execution Time": 0.36591219902038574
    },
    "vintage_score": {
        "original": {
            "Tmean_apr_sep": 20.354001429188713,
            "Tmin_aug_sep": 16.15245901639344,
            "prec_jun_sep": 125.0,
            "vintage_score": -4.14670757438347
        },
        "missing": {
            "Tmean_apr_sep": 20.356307994485302,
            "Tmin_aug_sep": 16.15245901639344,
            "prec_jun_sep": 125.0,
            "vintage_score": -4.158845413171321
        },
        "filled": {
            "Tmean_apr_sep": 20.312053548679337,
            "Tmin_aug_sep": 16.15245901639344,
            "prec_jun_sep": 124.98252805316733,
            "vintage_score": -3.9271048498706023
        },
        "Deviation missing": 0.29271026640106024,
        "Deviation filled": 5.295833394895659,
        "Improvement": -5.003123128494599
    }
}