{
    "dataset": "Report(Bertelegni2023)",
    "gap_parameters": {
        "gap_type": "overlap",
        "perc": "50.0 %",
        "length": 12,
        "seed": 2025
    },
    "algorithm": "SoftImpute",
    "algorithm_parameters": {
        "max_rank": 3
    },
    "metrics": {
        "Missing value percentage": 1.562714187799863,
        "Missing value percentage between 4 and 9": 0.273224043715847,
        "Mean absolute error": 0.15743119753665202,
        "Mean square error": 0.03654607569544612,
        "Root mean square error": 0.19117027932041664,
        "Mean relative error": 0.18283856725925934,
        "Euclidean Distance": 1.3244665467203958,
        "r2 score": 0.891762200620096,
        "Execution Time": 0.3344564437866211
    },
    "vintage_score": {
        "original": {
            "Tmean_apr_sep": 20.354001429188713,
            "Tmin_aug_sep": 16.15245901639344,
            "prec_jun_sep": 125.0,
            "vintage_score": -4.14670757438347
        },
        "missing": {
            "Tmean_apr_sep": 20.37561865531414,
            "Tmin_aug_sep": 16.26229508196721,
            "prec_jun_sep": 125.0,
            "vintage_score": -4.305659316513385
        },
        "filled": {
            "Tmean_apr_sep": 20.3137563142204,
            "Tmin_aug_sep": 16.19121292603445,
            "prec_jun_sep": 124.93914646780826,
            "vintage_score": -3.951513976473592
        },
        "Deviation missing": 3.8332035543535468,
        "Deviation filled": 4.707194669710923,
        "Improvement": -0.8739911153573758
    }
}