{
    "dataset": "Report(Bertelegni2023)",
    "gap_parameters": {
        "gap_type": "overlap",
        "perc": "100.0 %",
        "length": 6,
        "seed": 2024
    },
    "algorithm": "Naive",
    "algorithm_parameters": {},
    "metrics": {
        "Missing value percentage": 1.4804660726525016,
        "Missing value percentage between 4 and 9": 0.1366120218579235,
        "Mean absolute error": 0.2550527196400323,
        "Mean square error": 0.09216812478156294,
        "Root mean square error": 0.303592036755846,
        "Mean relative error": 0.1764510490265191,
        "Euclidean Distance": 1.4872911600482273,
        "r2 score": 0.8844822560986783,
        "Execution Time": 0.28139257431030273
    },
    "vintage_score": {
        "original": {
            "Tmean_apr_sep": 20.354001429188713,
            "Tmin_aug_sep": 16.15245901639344,
            "prec_jun_sep": 125.0,
            "vintage_score": -4.14670757438347
        },
        "missing": {
            "Tmean_apr_sep": 20.347588253718165,
            "Tmin_aug_sep": 16.15245901639344,
            "prec_jun_sep": 125.0,
            "vintage_score": -4.112997490985549
        },
        "filled": {
            "Tmean_apr_sep": 20.310576047358836,
            "Tmin_aug_sep": 16.15245901639344,
            "prec_jun_sep": 125.0,
            "vintage_score": -3.9195386279086506
        },
        "Deviation missing": 0.8129361136089441,
        "Deviation filled": 5.478296754711347,
        "Improvement": -4.665360641102403
    }
}