{
    "dataset": "Report(Bertelegni2023)",
    "gap_parameters": {
        "gap_type": "overlap",
        "perc": "100.0 %",
        "length": 24,
        "seed": 2024
    },
    "algorithm": "Naive",
    "algorithm_parameters": {},
    "metrics": {
        "Missing value percentage": 1.7272104180945853,
        "Missing value percentage between 4 and 9": 0.546448087431694,
        "Mean absolute error": 0.35841788491128956,
        "Mean square error": 0.2511705240925459,
        "Root mean square error": 0.5011691571640716,
        "Mean relative error": 0.3220015877223855,
        "Euclidean Distance": 4.910434839490761,
        "r2 score": 0.5769883041358987,
        "Execution Time": 0.2755556106567383
    },
    "vintage_score": {
        "original": {
            "Tmean_apr_sep": 20.354001429188713,
            "Tmin_aug_sep": 16.15245901639344,
            "prec_jun_sep": 125.0,
            "vintage_score": -4.14670757438347
        },
        "missing": {
            "Tmean_apr_sep": 20.337084307148643,
            "Tmin_aug_sep": 16.15245901639344,
            "prec_jun_sep": 125.0,
            "vintage_score": -4.057905418629332
        },
        "filled": {
            "Tmean_apr_sep": 20.30285746812386,
            "Tmin_aug_sep": 16.15245901639344,
            "prec_jun_sep": 125.0,
            "vintage_score": -3.879428866068281
        },
        "Deviation missing": 2.1415099608836274,
        "Deviation filled": 6.445564427217362,
        "Improvement": -4.304054466333735
    }
}