{
    "dataset": "Report(Torrevilla2023)",
    "gap_parameters": {
        "gap_type": "overlap",
        "perc": "100.0 %",
        "length": 48,
        "seed": 2024
    },
    "algorithm": "Naive",
    "algorithm_parameters": {},
    "metrics": {
        "Missing value percentage": 0.9150102810143934,
        "Missing value percentage between 4 and 9": 1.092896174863388,
        "Mean absolute error": 0.5618898143522286,
        "Mean square error": 5.871985383291403,
        "Root mean square error": 2.423217980968985,
        "Mean relative error": 0.5313403324046734,
        "Euclidean Distance": 33.57709328682212,
        "r2 score": -0.06870005214817843,
        "Execution Time": 0.2669949531555176
    },
    "vintage_score": {
        "original": {
            "Tmean_apr_sep": 20.869581056466302,
            "Tmin_aug_sep": 17.044262295081968,
            "prec_jun_sep": 144.89999999999998,
            "vintage_score": -7.541854756514482
        },
        "missing": {
            "Tmean_apr_sep": 20.842032967032967,
            "Tmin_aug_sep": 17.008333333333336,
            "prec_jun_sep": 107.89999999999998,
            "vintage_score": -7.1075015348478985
        },
        "filled": {
            "Tmean_apr_sep": 20.8433970856102,
            "Tmin_aug_sep": 17.03817330210773,
            "prec_jun_sep": 107.89999999999998,
            "vintage_score": -7.127784691735343
        },
        "Deviation missing": 5.759236098937056,
        "Deviation filled": 5.490294869726506,
        "Improvement": 0.26894122921054997
    }
}