{
    "dataset": "Report(Torrevilla2023)",
    "gap_parameters": {
        "gap_type": "overlap",
        "perc": "50.0 %",
        "length": 12,
        "seed": 2024
    },
    "algorithm": "Naive",
    "algorithm_parameters": {},
    "metrics": {
        "Missing value percentage": 0.42152159013022616,
        "Missing value percentage between 4 and 9": 0.273224043715847,
        "Mean absolute error": 0.3899253899978123,
        "Mean square error": 0.25853922084107395,
        "Root mean square error": 0.5084675219137147,
        "Mean relative error": 0.33102343944849016,
        "Euclidean Distance": 3.5227663278128185,
        "r2 score": 0.5354844407619993,
        "Execution Time": 0.2862381935119629
    },
    "vintage_score": {
        "original": {
            "Tmean_apr_sep": 20.869581056466302,
            "Tmin_aug_sep": 17.044262295081968,
            "prec_jun_sep": 144.89999999999998,
            "vintage_score": -7.541854756514482
        },
        "missing": {
            "Tmean_apr_sep": 20.85922131147541,
            "Tmin_aug_sep": 17.044262295081968,
            "prec_jun_sep": 144.89999999999998,
            "vintage_score": -7.480174318273072
        },
        "filled": {
            "Tmean_apr_sep": 20.857331511839707,
            "Tmin_aug_sep": 17.044262295081968,
            "prec_jun_sep": 144.89999999999998,
            "vintage_score": -7.468938440143148
        },
        "Deviation missing": 0.8178417674794396,
        "Deviation filled": 0.9668220712995079,
        "Improvement": -0.14898030382006833
    }
}