{
    "dataset": "Report(Barbieri2023)",
    "gap_parameters": {
        "gap_type": "overlap",
        "perc": "50.0 %",
        "length": 6,
        "seed": 2025
    },
    "algorithm": "CDMissingValueRecovery",
    "algorithm_parameters": {
        "truncation": 1,
        "eps": 5.673247685737722e-05
    },
    "metrics": {
        "Missing value percentage": 5.44893762851268,
        "Missing value percentage between 4 and 9": 0.1366120218579235,
        "Mean absolute error": 0.06926900792220364,
        "Mean square error": 0.00760847868399738,
        "Root mean square error": 0.08722659390345,
        "Mean relative error": 0.0609141994497746,
        "Euclidean Distance": 0.42732129412883774,
        "r2 score": 0.9845501034048116,
        "Execution Time": 0.33348870277404785
    },
    "vintage_score": {
        "original": {
            "Tmean_apr_sep": 21.284699453551912,
            "Tmin_aug_sep": 18.38196721311475,
            "prec_jun_sep": 132.3,
            "vintage_score": -10.593158555185312
        },
        "missing": {
            "Tmean_apr_sep": 21.287715267428382,
            "Tmin_aug_sep": 18.38196721311475,
            "prec_jun_sep": 132.3,
            "vintage_score": -10.612841775918639
        },
        "filled": {
            "Tmean_apr_sep": 21.283822413685655,
            "Tmin_aug_sep": 18.38196721311475,
            "prec_jun_sep": 132.31666303159687,
            "vintage_score": -10.587551998842343
        },
        "Deviation missing": 0.18581068744309906,
        "Deviation filled": 0.052926200563891045,
        "Improvement": 0.132884486879208
    }
}