{
    "dataset": "Report(Barbieri2023)",
    "gap_parameters": {
        "gap_type": "overlap",
        "perc": "50.0 %",
        "length": 3,
        "seed": 2023
    },
    "algorithm": "CDMissingValueRecovery",
    "algorithm_parameters": {
        "truncation": 1,
        "eps": 5.673247685737722e-05
    },
    "metrics": {
        "Missing value percentage": 5.407813570938999,
        "Missing value percentage between 4 and 9": 0.06830601092896176,
        "Mean absolute error": 0.13919142818961622,
        "Mean square error": 0.026315811984763845,
        "Root mean square error": 0.16222149051455495,
        "Mean relative error": 0.17381432515255865,
        "Euclidean Distance": 0.5619517273015473,
        "r2 score": 0.8905419752970398,
        "Execution Time": 0.33101916313171387
    },
    "vintage_score": {
        "original": {
            "Tmean_apr_sep": 21.284699453551912,
            "Tmin_aug_sep": 18.38196721311475,
            "prec_jun_sep": 132.3,
            "vintage_score": -10.593158555185312
        },
        "missing": {
            "Tmean_apr_sep": 21.281430523028884,
            "Tmin_aug_sep": 18.38196721311475,
            "prec_jun_sep": 132.3,
            "vintage_score": -10.571837275373468
        },
        "filled": {
            "Tmean_apr_sep": 21.285710869318898,
            "Tmin_aug_sep": 18.38196721311475,
            "prec_jun_sep": 132.3059267270145,
            "vintage_score": -10.599799356294625
        },
        "Deviation missing": 0.2012740553326912,
        "Deviation filled": 0.06268952810172411,
        "Improvement": 0.1385845272309671
    }
}