{
    "dataset": "Report(Barbieri2023)",
    "gap_parameters": {
        "gap_type": "overlap",
        "perc": "0.0 %",
        "length": 3,
        "seed": 2023
    },
    "algorithm": "CDMissingValueRecovery",
    "algorithm_parameters": {
        "truncation": 1,
        "eps": 5.673247685737722e-05
    },
    "metrics": {
        "Missing value percentage": 5.407813570938999,
        "Missing value percentage between 4 and 9": 0.06830601092896176,
        "Mean absolute error": 0.1400818747074529,
        "Mean square error": 0.026321833214072613,
        "Root mean square error": 0.16224004812028567,
        "Mean relative error": 0.1749262640312329,
        "Euclidean Distance": 0.5620160127335321,
        "r2 score": 0.8905169305875396,
        "Execution Time": 0.34456348419189453
    },
    "vintage_score": {
        "original": {
            "Tmean_apr_sep": 21.284699453551912,
            "Tmin_aug_sep": 18.38196721311475,
            "prec_jun_sep": 132.3,
            "vintage_score": -10.593158555185312
        },
        "missing": {
            "Tmean_apr_sep": 21.281430523028884,
            "Tmin_aug_sep": 18.38196721311475,
            "prec_jun_sep": 132.3,
            "vintage_score": -10.571837275373468
        },
        "filled": {
            "Tmean_apr_sep": 21.285710822362397,
            "Tmin_aug_sep": 18.38196721311475,
            "prec_jun_sep": 132.28563887244587,
            "vintage_score": -10.599658698478862
        },
        "Deviation missing": 0.2012740553326912,
        "Deviation filled": 0.06136171057657314,
        "Improvement": 0.13991234475611805
    }
}