{
    "dataset": "Report(Barbieri2023)",
    "gap_parameters": {
        "gap_type": "overlap",
        "perc": "50.0 %",
        "length": 6,
        "seed": 2023
    },
    "algorithm": "CDMissingValueRecovery",
    "algorithm_parameters": {
        "truncation": 1,
        "eps": 5.673247685737722e-05
    },
    "metrics": {
        "Missing value percentage": 5.44893762851268,
        "Missing value percentage between 4 and 9": 0.1366120218579235,
        "Mean absolute error": 0.11130434524664931,
        "Mean square error": 0.017203525150915274,
        "Root mean square error": 0.1311622093093711,
        "Mean relative error": 0.15966267374919468,
        "Euclidean Distance": 0.642560972688183,
        "r2 score": 0.9178087677225892,
        "Execution Time": 0.33122801780700684
    },
    "vintage_score": {
        "original": {
            "Tmean_apr_sep": 21.284699453551912,
            "Tmin_aug_sep": 18.38196721311475,
            "prec_jun_sep": 132.3,
            "vintage_score": -10.593158555185312
        },
        "missing": {
            "Tmean_apr_sep": 21.27895415907711,
            "Tmin_aug_sep": 18.38196721311475,
            "prec_jun_sep": 132.3,
            "vintage_score": -10.55569509398424
        },
        "filled": {
            "Tmean_apr_sep": 21.286109125538466,
            "Tmin_aug_sep": 18.38196721311475,
            "prec_jun_sep": 132.45838478337134,
            "vintage_score": -10.60345318706456
        },
        "Deviation missing": 0.35365713640463436,
        "Deviation filled": 0.09718189174284032,
        "Improvement": 0.25647524466179406
    }
}