{
    "dataset": "Report(Barbieri2023)",
    "gap_parameters": {
        "gap_type": "overlap",
        "perc": "50.0 %",
        "length": 12,
        "seed": 2025
    },
    "algorithm": "CDMissingValueRecovery",
    "algorithm_parameters": {
        "truncation": 1,
        "eps": 5.673247685737722e-05
    },
    "metrics": {
        "Missing value percentage": 5.531185743660041,
        "Missing value percentage between 4 and 9": 0.273224043715847,
        "Mean absolute error": 0.06852814394088676,
        "Mean square error": 0.006616798392213732,
        "Root mean square error": 0.08134370530172406,
        "Mean relative error": 0.06772364469462036,
        "Euclidean Distance": 0.5635657218339897,
        "r2 score": 0.9841327944271112,
        "Execution Time": 0.3464205265045166
    },
    "vintage_score": {
        "original": {
            "Tmean_apr_sep": 21.284699453551912,
            "Tmin_aug_sep": 18.38196721311475,
            "prec_jun_sep": 132.3,
            "vintage_score": -10.593158555185312
        },
        "missing": {
            "Tmean_apr_sep": 21.299132129255078,
            "Tmin_aug_sep": 18.447540983606554,
            "prec_jun_sep": 132.3,
            "vintage_score": -10.714280858445449
        },
        "filled": {
            "Tmean_apr_sep": 21.283902248883592,
            "Tmin_aug_sep": 18.38483945527956,
            "prec_jun_sep": 132.03591837206386,
            "vintage_score": -10.58730507082879
        },
        "Deviation missing": 1.1434012115380623,
        "Deviation filled": 0.05525721460721422,
        "Improvement": 1.0881439969308482
    }
}