{
    "dataset": "Report(Barbieri2023)",
    "gap_parameters": {
        "gap_type": "overlap",
        "perc": "50.0 %",
        "length": 24,
        "seed": 2025
    },
    "algorithm": "CDMissingValueRecovery",
    "algorithm_parameters": {
        "truncation": 1,
        "eps": 5.673247685737722e-05
    },
    "metrics": {
        "Missing value percentage": 5.6956819739547635,
        "Missing value percentage between 4 and 9": 0.546448087431694,
        "Mean absolute error": 0.08433689923638568,
        "Mean square error": 0.009776578322615935,
        "Root mean square error": 0.09887658126480676,
        "Mean relative error": 0.06402342191515102,
        "Euclidean Distance": 0.9687886864384512,
        "r2 score": 0.9878203475352824,
        "Execution Time": 0.3481919765472412
    },
    "vintage_score": {
        "original": {
            "Tmean_apr_sep": 21.284699453551912,
            "Tmin_aug_sep": 18.38196721311475,
            "prec_jun_sep": 132.3,
            "vintage_score": -10.593158555185312
        },
        "missing": {
            "Tmean_apr_sep": 21.27610324557046,
            "Tmin_aug_sep": 18.447540983606554,
            "prec_jun_sep": 132.3,
            "vintage_score": -10.563934838011932
        },
        "filled": {
            "Tmean_apr_sep": 21.28638638319091,
            "Tmin_aug_sep": 18.384891570575764,
            "prec_jun_sep": 131.71434735183007,
            "vintage_score": -10.601311290178216
        },
        "Deviation missing": 0.2758734991186867,
        "Deviation filled": 0.07696226720701696,
        "Improvement": 0.19891123191166973
    }
}