{
    "dataset": "Report(Barbieri2023)",
    "gap_parameters": {
        "gap_type": "overlap",
        "perc": "100.0 %",
        "length": 24,
        "seed": 2023
    },
    "algorithm": "CDMissingValueRecovery",
    "algorithm_parameters": {
        "truncation": 1,
        "eps": 5.673247685737722e-05
    },
    "metrics": {
        "Missing value percentage": 5.6956819739547635,
        "Missing value percentage between 4 and 9": 0.546448087431694,
        "Mean absolute error": 0.10872854179775844,
        "Mean square error": 0.01853994930546316,
        "Root mean square error": 0.13616148245911236,
        "Mean relative error": 0.2742075351970102,
        "Euclidean Distance": 1.3341046185829963,
        "r2 score": 0.9083253384178182,
        "Execution Time": 0.307938814163208
    },
    "vintage_score": {
        "original": {
            "Tmean_apr_sep": 21.284699453551912,
            "Tmin_aug_sep": 18.38196721311475,
            "prec_jun_sep": 132.3,
            "vintage_score": -10.593158555185312
        },
        "missing": {
            "Tmean_apr_sep": 21.296205221615057,
            "Tmin_aug_sep": 18.5,
            "prec_jun_sep": 132.3,
            "vintage_score": -10.716582835392103
        },
        "filled": {
            "Tmean_apr_sep": 21.288108251174435,
            "Tmin_aug_sep": 18.385780573655317,
            "prec_jun_sep": 132.98415477038583,
            "vintage_score": -10.621699826401994
        },
        "Deviation missing": 1.1651320006569272,
        "Deviation filled": 0.2694311717132834,
        "Improvement": 0.8957008289436439
    }
}