{
    "dataset": "Report(Barbieri2023)",
    "gap_parameters": {
        "gap_type": "overlap",
        "perc": "100.0 %",
        "length": 12,
        "seed": 2023
    },
    "algorithm": "CDMissingValueRecovery",
    "algorithm_parameters": {
        "truncation": 1,
        "eps": 5.673247685737722e-05
    },
    "metrics": {
        "Missing value percentage": 5.531185743660041,
        "Missing value percentage between 4 and 9": 0.273224043715847,
        "Mean absolute error": 0.08523200596866745,
        "Mean square error": 0.010904653343309674,
        "Root mean square error": 0.10442534818380868,
        "Mean relative error": 0.18937341205163055,
        "Euclidean Distance": 0.7234800346097155,
        "r2 score": 0.9401264637218507,
        "Execution Time": 0.3382422924041748
    },
    "vintage_score": {
        "original": {
            "Tmean_apr_sep": 21.284699453551912,
            "Tmin_aug_sep": 18.38196721311475,
            "prec_jun_sep": 132.3,
            "vintage_score": -10.593158555185312
        },
        "missing": {
            "Tmean_apr_sep": 21.281407754358572,
            "Tmin_aug_sep": 18.38196721311475,
            "prec_jun_sep": 132.3,
            "vintage_score": -10.571688819836254
        },
        "filled": {
            "Tmean_apr_sep": 21.2854742151488,
            "Tmin_aug_sep": 18.38196721311475,
            "prec_jun_sep": 132.59803346633862,
            "vintage_score": -10.600275784728694
        },
        "Deviation missing": 0.2026754837776734,
        "Deviation filled": 0.06718703875057837,
        "Improvement": 0.135488445027095
    }
}