{
    "dataset": "Report(Torrevilla2023)",
    "gap_parameters": {
        "gap_type": "overlap",
        "perc": "0.0 %",
        "length": 3,
        "seed": 2024
    },
    "algorithm": "Autoformer",
    "algorithm_parameters": {
        "n_layers": 2,
        "d_model": 64,
        "d_ffn": 64,
        "n_heads": 2,
        "factor": 3,
        "moving_avg_window_size": 25,
        "dropout": 0.1,
        "epochs": 100,
        "batch_size": 32,
        "ORT_weight": 1,
        "MIT_weight": 1,
        "num_workers": 0,
        "patience": 10,
        "lr": 0.0009696220076141339,
        "device": "cuda"
    },
    "metrics": {
        "Missing value percentage": 0.2981494174091844,
        "Missing value percentage between 4 and 9": 0.06830601092896176,
        "Mean absolute error": 0.5153132701608827,
        "Mean square error": 0.36250042257144766,
        "Root mean square error": 0.602080079865999,
        "Mean relative error": 0.4517170405162066,
        "Euclidean Distance": 2.085666577106162,
        "r2 score": 0.24044937998237836,
        "Execution Time": 8.936286211013794
    },
    "vintage_score": {
        "original": {
            "Tmean_apr_sep": 20.869581056466302,
            "Tmin_aug_sep": 17.044262295081968,
            "prec_jun_sep": 144.89999999999998,
            "vintage_score": -7.541854756514482
        },
        "missing": {
            "Tmean_apr_sep": 20.86843937028363,
            "Tmin_aug_sep": 17.044262295081968,
            "prec_jun_sep": 144.89999999999998,
            "vintage_score": -7.535050174578799
        },
        "filled": {
            "Tmean_apr_sep": 20.865912146794518,
            "Tmin_aug_sep": 17.015326484906158,
            "prec_jun_sep": 144.89700233972343,
            "vintage_score": -7.508141334953308
        },
        "Deviation missing": 0.09022425060367173,
        "Deviation filled": 0.44701764552086065,
        "Improvement": -0.3567933949171889
    }
}