{
    "dataset": "Report(Torrevilla2023)",
    "gap_parameters": {
        "gap_type": "overlap",
        "perc": "100.0 %",
        "length": 6,
        "seed": 2025
    },
    "algorithm": "Autoformer",
    "algorithm_parameters": {
        "n_layers": 2,
        "d_model": 64,
        "d_ffn": 64,
        "n_heads": 2,
        "factor": 3,
        "moving_avg_window_size": 25,
        "dropout": 0.1,
        "epochs": 100,
        "batch_size": 32,
        "ORT_weight": 1,
        "MIT_weight": 1,
        "num_workers": 0,
        "patience": 10,
        "lr": 0.0009696220076141339,
        "device": "cuda"
    },
    "metrics": {
        "Missing value percentage": 0.339273474982865,
        "Missing value percentage between 4 and 9": 0.1366120218579235,
        "Mean absolute error": 0.8095956313676437,
        "Mean square error": 0.8829320145960003,
        "Root mean square error": 0.9396446214372752,
        "Mean relative error": 0.8294095074393102,
        "Euclidean Distance": 4.603299724144072,
        "r2 score": -1.261443358034565,
        "Execution Time": 8.461713790893555
    },
    "vintage_score": {
        "original": {
            "Tmean_apr_sep": 20.869581056466302,
            "Tmin_aug_sep": 17.044262295081968,
            "prec_jun_sep": 144.89999999999998,
            "vintage_score": -7.541854756514482
        },
        "missing": {
            "Tmean_apr_sep": 20.874607136943204,
            "Tmin_aug_sep": 17.044262295081968,
            "prec_jun_sep": 144.89999999999998,
            "vintage_score": -7.571831827318164
        },
        "filled": {
            "Tmean_apr_sep": 20.858218376300574,
            "Tmin_aug_sep": 16.84913241668611,
            "prec_jun_sep": 144.91233354815077,
            "vintage_score": -7.394507439969999
        },
        "Deviation missing": 0.39747610861622884,
        "Deviation filled": 1.9537278468165638,
        "Improvement": -1.556251738200335
    }
}