{
    "dataset": "Report(Torrevilla2023)",
    "gap_parameters": {
        "gap_type": "overlap",
        "perc": "50.0 %",
        "length": 6,
        "seed": 2024
    },
    "algorithm": "Autoformer",
    "algorithm_parameters": {
        "n_layers": 2,
        "d_model": 64,
        "d_ffn": 64,
        "n_heads": 2,
        "factor": 3,
        "moving_avg_window_size": 25,
        "dropout": 0.1,
        "epochs": 100,
        "batch_size": 32,
        "ORT_weight": 1,
        "MIT_weight": 1,
        "num_workers": 0,
        "patience": 10,
        "lr": 0.0009696220076141339,
        "device": "cuda"
    },
    "metrics": {
        "Missing value percentage": 0.339273474982865,
        "Missing value percentage between 4 and 9": 0.1366120218579235,
        "Mean absolute error": 0.5807597366674712,
        "Mean square error": 0.46471008335683184,
        "Root mean square error": 0.6816964745081434,
        "Mean relative error": 0.46681260493011256,
        "Euclidean Distance": 3.339617043998372,
        "r2 score": 0.1920912915148255,
        "Execution Time": 8.834710121154785
    },
    "vintage_score": {
        "original": {
            "Tmean_apr_sep": 20.869581056466302,
            "Tmin_aug_sep": 17.044262295081968,
            "prec_jun_sep": 144.89999999999998,
            "vintage_score": -7.541854756514482
        },
        "missing": {
            "Tmean_apr_sep": 20.864609896782028,
            "Tmin_aug_sep": 17.044262295081968,
            "prec_jun_sep": 144.89999999999998,
            "vintage_score": -7.5122389948607236
        },
        "filled": {
            "Tmean_apr_sep": 20.861016361790217,
            "Tmin_aug_sep": 16.991612990554643,
            "prec_jun_sep": 144.9426486000625,
            "vintage_score": -7.46961809421893
        },
        "Deviation missing": 0.3926853885402266,
        "Deviation filled": 0.9578103083085172,
        "Improvement": -0.5651249197682906
    }
}