{
    "dataset": "Report(Torrevilla2023)",
    "gap_parameters": {
        "gap_type": "overlap",
        "perc": "0.0 %",
        "length": 12,
        "seed": 2025
    },
    "algorithm": "Autoformer",
    "algorithm_parameters": {
        "n_layers": 2,
        "d_model": 64,
        "d_ffn": 64,
        "n_heads": 2,
        "factor": 3,
        "moving_avg_window_size": 25,
        "dropout": 0.1,
        "epochs": 100,
        "batch_size": 32,
        "ORT_weight": 1,
        "MIT_weight": 1,
        "num_workers": 0,
        "patience": 10,
        "lr": 0.0009696220076141339,
        "device": "cuda"
    },
    "metrics": {
        "Missing value percentage": 0.42152159013022616,
        "Missing value percentage between 4 and 9": 0.273224043715847,
        "Mean absolute error": 0.8760991079053733,
        "Mean square error": 1.0107843608398894,
        "Root mean square error": 1.005377720481158,
        "Mean relative error": 1.0059688559380875,
        "Euclidean Distance": 6.965461170684659,
        "r2 score": -2.0371074970492495,
        "Execution Time": 8.911572456359863
    },
    "vintage_score": {
        "original": {
            "Tmean_apr_sep": 20.869581056466302,
            "Tmin_aug_sep": 17.044262295081968,
            "prec_jun_sep": 144.89999999999998,
            "vintage_score": -7.541854756514482
        },
        "missing": {
            "Tmean_apr_sep": 20.88937294490573,
            "Tmin_aug_sep": 17.114754098360656,
            "prec_jun_sep": 144.89999999999998,
            "vintage_score": -7.68892212312258
        },
        "filled": {
            "Tmean_apr_sep": 20.842510330991576,
            "Tmin_aug_sep": 16.82175119207919,
            "prec_jun_sep": 145.25611629923924,
            "vintage_score": -7.292465520803972
        },
        "Deviation missing": 1.9500158960375755,
        "Deviation filled": 3.3067361247588716,
        "Improvement": -1.356720228721296
    }
}