{
    "dataset": "Report(Torrevilla2023)",
    "gap_parameters": {
        "gap_type": "overlap",
        "perc": "100.0 %",
        "length": 3,
        "seed": 2024
    },
    "algorithm": "Autoformer",
    "algorithm_parameters": {
        "n_layers": 2,
        "d_model": 64,
        "d_ffn": 64,
        "n_heads": 2,
        "factor": 3,
        "moving_avg_window_size": 25,
        "dropout": 0.1,
        "epochs": 100,
        "batch_size": 32,
        "ORT_weight": 1,
        "MIT_weight": 1,
        "num_workers": 0,
        "patience": 10,
        "lr": 0.0009696220076141339,
        "device": "cuda"
    },
    "metrics": {
        "Missing value percentage": 0.2981494174091844,
        "Missing value percentage between 4 and 9": 0.06830601092896176,
        "Mean absolute error": 0.6037688130828952,
        "Mean square error": 0.4933402002991975,
        "Root mean square error": 0.7023818052165058,
        "Mean relative error": 0.529256041313743,
        "Euclidean Distance": 2.4331219458939715,
        "r2 score": -0.03370046401261173,
        "Execution Time": 8.479990243911743
    },
    "vintage_score": {
        "original": {
            "Tmean_apr_sep": 20.869581056466302,
            "Tmin_aug_sep": 17.044262295081968,
            "prec_jun_sep": 144.89999999999998,
            "vintage_score": -7.541854756514482
        },
        "missing": {
            "Tmean_apr_sep": 20.86843937028363,
            "Tmin_aug_sep": 17.044262295081968,
            "prec_jun_sep": 144.89999999999998,
            "vintage_score": -7.535050174578799
        },
        "filled": {
            "Tmean_apr_sep": 20.864990847533686,
            "Tmin_aug_sep": 16.980987708964282,
            "prec_jun_sep": 144.89477874456034,
            "vintage_score": -7.488598228690677
        },
        "Deviation missing": 0.09022425060367173,
        "Deviation filled": 0.7061462934936996,
        "Improvement": -0.6159220428900278
    }
}