{
    "dataset": "Report(Torrevilla2023)",
    "gap_parameters": {
        "gap_type": "overlap",
        "perc": "0.0 %",
        "length": 6,
        "seed": 2024
    },
    "algorithm": "Autoformer",
    "algorithm_parameters": {
        "n_layers": 2,
        "d_model": 64,
        "d_ffn": 64,
        "n_heads": 2,
        "factor": 3,
        "moving_avg_window_size": 25,
        "dropout": 0.1,
        "epochs": 100,
        "batch_size": 32,
        "ORT_weight": 1,
        "MIT_weight": 1,
        "num_workers": 0,
        "patience": 10,
        "lr": 0.0009696220076141339,
        "device": "cuda"
    },
    "metrics": {
        "Missing value percentage": 0.339273474982865,
        "Missing value percentage between 4 and 9": 0.1366120218579235,
        "Mean absolute error": 0.5408920005527365,
        "Mean square error": 0.4007459853307685,
        "Root mean square error": 0.6330450105093385,
        "Mean relative error": 0.4347670608378545,
        "Euclidean Distance": 3.101274519925452,
        "r2 score": 0.3032942838242806,
        "Execution Time": 9.368878841400146
    },
    "vintage_score": {
        "original": {
            "Tmean_apr_sep": 20.869581056466302,
            "Tmin_aug_sep": 17.044262295081968,
            "prec_jun_sep": 144.89999999999998,
            "vintage_score": -7.541854756514482
        },
        "missing": {
            "Tmean_apr_sep": 20.864609896782028,
            "Tmin_aug_sep": 17.044262295081968,
            "prec_jun_sep": 144.89999999999998,
            "vintage_score": -7.5122389948607236
        },
        "filled": {
            "Tmean_apr_sep": 20.861694940132505,
            "Tmin_aug_sep": 16.992026663893448,
            "prec_jun_sep": 144.858664861845,
            "vintage_score": -7.473243597541796
        },
        "Deviation missing": 0.3926853885402266,
        "Deviation filled": 0.9097385349859936,
        "Improvement": -0.5170531464457669
    }
}