{
    "dataset": "Report(Torrevilla2023)",
    "gap_parameters": {
        "gap_type": "overlap",
        "perc": "0.0 %",
        "length": 24,
        "seed": 2025
    },
    "algorithm": "Autoformer",
    "algorithm_parameters": {
        "n_layers": 2,
        "d_model": 64,
        "d_ffn": 64,
        "n_heads": 2,
        "factor": 3,
        "moving_avg_window_size": 25,
        "dropout": 0.1,
        "epochs": 100,
        "batch_size": 32,
        "ORT_weight": 1,
        "MIT_weight": 1,
        "num_workers": 0,
        "patience": 10,
        "lr": 0.0009696220076141339,
        "device": "cuda"
    },
    "metrics": {
        "Missing value percentage": 0.5860178204249485,
        "Missing value percentage between 4 and 9": 0.546448087431694,
        "Mean absolute error": 1.043501961204515,
        "Mean square error": 1.5031583858923496,
        "Root mean square error": 1.2260335990063036,
        "Mean relative error": 0.8376878719428887,
        "Euclidean Distance": 12.012626900294,
        "r2 score": -0.8911206254181441,
        "Execution Time": 8.428905248641968
    },
    "vintage_score": {
        "original": {
            "Tmean_apr_sep": 20.869581056466302,
            "Tmin_aug_sep": 17.044262295081968,
            "prec_jun_sep": 144.89999999999998,
            "vintage_score": -7.541854756514482
        },
        "missing": {
            "Tmean_apr_sep": 20.86091861235304,
            "Tmin_aug_sep": 17.114754098360656,
            "prec_jun_sep": 144.89999999999998,
            "vintage_score": -7.519093919835285
        },
        "filled": {
            "Tmean_apr_sep": 20.80356906319923,
            "Tmin_aug_sep": 16.76486205642725,
            "prec_jun_sep": 145.5914768823485,
            "vintage_score": -7.041860133543224
        },
        "Deviation missing": 0.3017936225772133,
        "Deviation filled": 6.629597613761705,
        "Improvement": -6.327803991184492
    }
}