{
    "dataset": "Report(Torrevilla2023)",
    "gap_parameters": {
        "gap_type": "overlap",
        "perc": "0.0 %",
        "length": 48,
        "seed": 2025
    },
    "algorithm": "Autoformer",
    "algorithm_parameters": {
        "n_layers": 2,
        "d_model": 64,
        "d_ffn": 64,
        "n_heads": 2,
        "factor": 3,
        "moving_avg_window_size": 25,
        "dropout": 0.1,
        "epochs": 100,
        "batch_size": 32,
        "ORT_weight": 1,
        "MIT_weight": 1,
        "num_workers": 0,
        "patience": 10,
        "lr": 0.0009696220076141339,
        "device": "cuda"
    },
    "metrics": {
        "Missing value percentage": 0.9150102810143934,
        "Missing value percentage between 4 and 9": 1.092896174863388,
        "Mean absolute error": 1.040330398498061,
        "Mean square error": 1.5716569483814633,
        "Root mean square error": 1.253657428638886,
        "Mean relative error": 0.9116553046175488,
        "Euclidean Distance": 17.371186893509684,
        "r2 score": -1.4410378663206074,
        "Execution Time": 8.55699872970581
    },
    "vintage_score": {
        "original": {
            "Tmean_apr_sep": 20.869581056466302,
            "Tmin_aug_sep": 17.044262295081968,
            "prec_jun_sep": 144.89999999999998,
            "vintage_score": -7.541854756514482
        },
        "missing": {
            "Tmean_apr_sep": 20.8014319014319,
            "Tmin_aug_sep": 16.973333333333336,
            "prec_jun_sep": 144.89999999999998,
            "vintage_score": -7.1097756987421405
        },
        "filled": {
            "Tmean_apr_sep": 20.741324614914028,
            "Tmin_aug_sep": 16.485333312541997,
            "prec_jun_sep": 145.16337727998473,
            "vintage_score": -6.56177741820639
        },
        "Deviation missing": 5.729082191607064,
        "Deviation filled": 12.995176517573794,
        "Improvement": -7.266094325966731
    }
}