{
    "dataset": "Report(Torrevilla2023)",
    "gap_parameters": {
        "gap_type": "overlap",
        "perc": "0.0 %",
        "length": 12,
        "seed": 2023
    },
    "algorithm": "Autoformer",
    "algorithm_parameters": {
        "n_layers": 2,
        "d_model": 64,
        "d_ffn": 64,
        "n_heads": 2,
        "factor": 3,
        "moving_avg_window_size": 25,
        "dropout": 0.1,
        "epochs": 100,
        "batch_size": 32,
        "ORT_weight": 1,
        "MIT_weight": 1,
        "num_workers": 0,
        "patience": 10,
        "lr": 0.0009696220076141339,
        "device": "cuda"
    },
    "metrics": {
        "Missing value percentage": 0.42152159013022616,
        "Missing value percentage between 4 and 9": 0.273224043715847,
        "Mean absolute error": 0.24877225766600589,
        "Mean square error": 0.1270235275054594,
        "Root mean square error": 0.3564036019816009,
        "Mean relative error": 0.5456295643260517,
        "Euclidean Distance": 2.46923658653078,
        "r2 score": 0.4481603956336738,
        "Execution Time": 8.645959854125977
    },
    "vintage_score": {
        "original": {
            "Tmean_apr_sep": 20.869581056466302,
            "Tmin_aug_sep": 17.044262295081968,
            "prec_jun_sep": 144.89999999999998,
            "vintage_score": -7.541854756514482
        },
        "missing": {
            "Tmean_apr_sep": 20.86752016653656,
            "Tmin_aug_sep": 17.049180327868854,
            "prec_jun_sep": 144.89999999999998,
            "vintage_score": -7.531583883627377
        },
        "filled": {
            "Tmean_apr_sep": 20.861219559060704,
            "Tmin_aug_sep": 16.859078520951496,
            "prec_jun_sep": 144.95043242058688,
            "vintage_score": -7.416687499541865
        },
        "Deviation missing": 0.13618497330823426,
        "Deviation filled": 1.6596349441031086,
        "Improvement": -1.5234499707948743
    }
}