{
    "dataset": "Report(Bertelegni2023)",
    "gap_parameters": {
        "gap_type": "overlap",
        "perc": "50.0 %",
        "length": 24,
        "seed": 2025
    },
    "algorithm": "Saits",
    "algorithm_parameters": {
        "n_layers": 3,
        "d_model": 128,
        "d_ffn": 128,
        "n_heads": 2,
        "d_k": 64,
        "d_v": 128,
        "dropout": 0.2,
        "epochs": 100,
        "batch_size": 32,
        "ORT_weight": 1,
        "MIT_weight": 1,
        "attn_dropout": 0.4,
        "diagonal_attention_mask": false,
        "num_workers": 0,
        "patience": 10,
        "lr": 0.0022511528688296573,
        "device": "cuda"
    },
    "metrics": {
        "Missing value percentage": 1.7272104180945853,
        "Missing value percentage between 4 and 9": 0.546448087431694,
        "Mean absolute error": 0.16870934361891715,
        "Mean square error": 0.05368591107642277,
        "Root mean square error": 0.2317022034345439,
        "Mean relative error": 0.13325306348570304,
        "Euclidean Distance": 2.270208682772718,
        "r2 score": 0.9379886369067378,
        "Execution Time": 13.576497554779053
    },
    "vintage_score": {
        "original": {
            "Tmean_apr_sep": 20.354001429188713,
            "Tmin_aug_sep": 16.15245901639344,
            "prec_jun_sep": 125.0,
            "vintage_score": -4.14670757438347
        },
        "missing": {
            "Tmean_apr_sep": 20.353955891848095,
            "Tmin_aug_sep": 16.277049180327868,
            "prec_jun_sep": 125.0,
            "vintage_score": -4.197412933990904
        },
        "filled": {
            "Tmean_apr_sep": 20.32234784729609,
            "Tmin_aug_sep": 16.208796400177217,
            "prec_jun_sep": 124.90583375313678,
            "vintage_score": -4.003251739443783
        },
        "Deviation missing": 1.2227859982379665,
        "Deviation filled": 3.459511729881641,
        "Improvement": -2.2367257316436744
    }
}