{
    "dataset": "Report(Bertelegni2023)",
    "gap_parameters": {
        "gap_type": "overlap",
        "perc": "50.0 %",
        "length": 3,
        "seed": 2023
    },
    "algorithm": "Saits",
    "algorithm_parameters": {
        "n_layers": 3,
        "d_model": 128,
        "d_ffn": 128,
        "n_heads": 2,
        "d_k": 64,
        "d_v": 128,
        "dropout": 0.2,
        "epochs": 100,
        "batch_size": 32,
        "ORT_weight": 1,
        "MIT_weight": 1,
        "attn_dropout": 0.4,
        "diagonal_attention_mask": false,
        "num_workers": 0,
        "patience": 10,
        "lr": 0.0022511528688296573,
        "device": "cuda"
    },
    "metrics": {
        "Missing value percentage": 1.4393420150788212,
        "Missing value percentage between 4 and 9": 0.06830601092896176,
        "Mean absolute error": 0.042883859374597884,
        "Mean square error": 0.003190375520968549,
        "Root mean square error": 0.05648340925412124,
        "Mean relative error": 0.04821250596370543,
        "Euclidean Distance": 0.19566426922569632,
        "r2 score": 0.9893135385074725,
        "Execution Time": 12.394198417663574
    },
    "vintage_score": {
        "original": {
            "Tmean_apr_sep": 20.354001429188713,
            "Tmin_aug_sep": 16.15245901639344,
            "prec_jun_sep": 125.0,
            "vintage_score": -4.14670757438347
        },
        "missing": {
            "Tmean_apr_sep": 20.35013400790326,
            "Tmin_aug_sep": 16.15245901639344,
            "prec_jun_sep": 125.0,
            "vintage_score": -4.126372255730871
        },
        "filled": {
            "Tmean_apr_sep": 20.3165116675618,
            "Tmin_aug_sep": 16.15245901639344,
            "prec_jun_sep": 125.01389897885863,
            "vintage_score": -3.9505343885266484
        },
        "Deviation missing": 0.4903967373590888,
        "Deviation filled": 4.730817940206173,
        "Improvement": -4.2404212028470845
    }
}