{
    "dataset": "Report(Bertelegni2023)",
    "gap_parameters": {
        "gap_type": "overlap",
        "perc": "100.0 %",
        "length": 12,
        "seed": 2025
    },
    "algorithm": "Saits",
    "algorithm_parameters": {
        "n_layers": 3,
        "d_model": 128,
        "d_ffn": 128,
        "n_heads": 2,
        "d_k": 64,
        "d_v": 128,
        "dropout": 0.2,
        "epochs": 100,
        "batch_size": 32,
        "ORT_weight": 1,
        "MIT_weight": 1,
        "attn_dropout": 0.4,
        "diagonal_attention_mask": false,
        "num_workers": 0,
        "patience": 10,
        "lr": 0.0022511528688296573,
        "device": "cuda"
    },
    "metrics": {
        "Missing value percentage": 1.562714187799863,
        "Missing value percentage between 4 and 9": 0.273224043715847,
        "Mean absolute error": 0.22155267748723542,
        "Mean square error": 0.06907750221386973,
        "Root mean square error": 0.2628259922722061,
        "Mean relative error": 0.25730842906653245,
        "Euclidean Distance": 1.820911888660683,
        "r2 score": 0.7954145093827034,
        "Execution Time": 12.77895212173462
    },
    "vintage_score": {
        "original": {
            "Tmean_apr_sep": 20.354001429188713,
            "Tmin_aug_sep": 16.15245901639344,
            "prec_jun_sep": 125.0,
            "vintage_score": -4.14670757438347
        },
        "missing": {
            "Tmean_apr_sep": 20.37561865531414,
            "Tmin_aug_sep": 16.26229508196721,
            "prec_jun_sep": 125.0,
            "vintage_score": -4.305659316513385
        },
        "filled": {
            "Tmean_apr_sep": 20.313423119057806,
            "Tmin_aug_sep": 16.21050012621684,
            "prec_jun_sep": 124.91086122066858,
            "vintage_score": -3.9574702696402255
        },
        "Deviation missing": 3.8332035543535468,
        "Deviation filled": 4.563555576290667,
        "Improvement": -0.73035202193712
    }
}