{
    "dataset": "Report(Bertelegni2023)",
    "gap_parameters": {
        "gap_type": "overlap",
        "perc": "50.0 %",
        "length": 48,
        "seed": 2025
    },
    "algorithm": "Saits",
    "algorithm_parameters": {
        "n_layers": 3,
        "d_model": 128,
        "d_ffn": 128,
        "n_heads": 2,
        "d_k": 64,
        "d_v": 128,
        "dropout": 0.2,
        "epochs": 100,
        "batch_size": 32,
        "ORT_weight": 1,
        "MIT_weight": 1,
        "attn_dropout": 0.4,
        "diagonal_attention_mask": false,
        "num_workers": 0,
        "patience": 10,
        "lr": 0.0022511528688296573,
        "device": "cuda"
    },
    "metrics": {
        "Missing value percentage": 2.0562028786840303,
        "Missing value percentage between 4 and 9": 1.092896174863388,
        "Mean absolute error": 0.34099471592856145,
        "Mean square error": 2.9298055803216076,
        "Root mean square error": 1.7116674853258176,
        "Mean relative error": 0.2438147923672056,
        "Euclidean Distance": 23.71756040198383,
        "r2 score": 0.06873175499554796,
        "Execution Time": 12.428436279296875
    },
    "vintage_score": {
        "original": {
            "Tmean_apr_sep": 20.354001429188713,
            "Tmin_aug_sep": 16.15245901639344,
            "prec_jun_sep": 125.0,
            "vintage_score": -4.14670757438347
        },
        "missing": {
            "Tmean_apr_sep": 20.275245942535907,
            "Tmin_aug_sep": 16.081666666666663,
            "prec_jun_sep": 108.2,
            "vintage_score": -3.5914379686328743
        },
        "filled": {
            "Tmean_apr_sep": 20.305812734943245,
            "Tmin_aug_sep": 16.217998344005235,
            "prec_jun_sep": 108.21083771956393,
            "vintage_score": -3.8054280214279004
        },
        "Deviation missing": 13.390614018234759,
        "Deviation filled": 8.230133107621187,
        "Improvement": 5.160480910613572
    }
}