{
    "dataset": "Report(Bertelegni2023)",
    "gap_parameters": {
        "gap_type": "overlap",
        "perc": "100.0 %",
        "length": 3,
        "seed": 2023
    },
    "algorithm": "Saits",
    "algorithm_parameters": {
        "n_layers": 3,
        "d_model": 128,
        "d_ffn": 128,
        "n_heads": 2,
        "d_k": 64,
        "d_v": 128,
        "dropout": 0.2,
        "epochs": 100,
        "batch_size": 32,
        "ORT_weight": 1,
        "MIT_weight": 1,
        "attn_dropout": 0.4,
        "diagonal_attention_mask": false,
        "num_workers": 0,
        "patience": 10,
        "lr": 0.0022511528688296573,
        "device": "cuda"
    },
    "metrics": {
        "Missing value percentage": 1.4393420150788212,
        "Missing value percentage between 4 and 9": 0.06830601092896176,
        "Mean absolute error": 0.047149438335057414,
        "Mean square error": 0.002938106965669397,
        "Root mean square error": 0.054204307630200364,
        "Mean relative error": 0.05300811564224174,
        "Euclidean Distance": 0.18776922960920864,
        "r2 score": 0.9901585356509942,
        "Execution Time": 12.588452339172363
    },
    "vintage_score": {
        "original": {
            "Tmean_apr_sep": 20.354001429188713,
            "Tmin_aug_sep": 16.15245901639344,
            "prec_jun_sep": 125.0,
            "vintage_score": -4.14670757438347
        },
        "missing": {
            "Tmean_apr_sep": 20.35013400790326,
            "Tmin_aug_sep": 16.15245901639344,
            "prec_jun_sep": 125.0,
            "vintage_score": -4.126372255730871
        },
        "filled": {
            "Tmean_apr_sep": 20.312556207169965,
            "Tmin_aug_sep": 16.15245901639344,
            "prec_jun_sep": 124.9519420817665,
            "vintage_score": -3.929509146210279
        },
        "Deviation missing": 0.4903967373590888,
        "Deviation filled": 5.237852543906085,
        "Improvement": -4.747455806546996
    }
}