{
    "dataset": "Report(Bertelegni2023)",
    "gap_parameters": {
        "gap_type": "overlap",
        "perc": "0.0 %",
        "length": 48,
        "seed": 2023
    },
    "algorithm": "Saits",
    "algorithm_parameters": {
        "n_layers": 3,
        "d_model": 128,
        "d_ffn": 128,
        "n_heads": 2,
        "d_k": 64,
        "d_v": 128,
        "dropout": 0.2,
        "epochs": 100,
        "batch_size": 32,
        "ORT_weight": 1,
        "MIT_weight": 1,
        "attn_dropout": 0.4,
        "diagonal_attention_mask": false,
        "num_workers": 0,
        "patience": 10,
        "lr": 0.0022511528688296573,
        "device": "cuda"
    },
    "metrics": {
        "Missing value percentage": 2.0562028786840303,
        "Missing value percentage between 4 and 9": 1.092896174863388,
        "Mean absolute error": 0.13487353370627955,
        "Mean square error": 0.03477203266380528,
        "Root mean square error": 0.18647260566583307,
        "Mean relative error": 0.2806737320717292,
        "Euclidean Distance": 2.5838402178638384,
        "r2 score": 0.8917801786056146,
        "Execution Time": 12.70408296585083
    },
    "vintage_score": {
        "original": {
            "Tmean_apr_sep": 20.354001429188713,
            "Tmin_aug_sep": 16.15245901639344,
            "prec_jun_sep": 125.0,
            "vintage_score": -4.14670757438347
        },
        "missing": {
            "Tmean_apr_sep": 20.365752658042624,
            "Tmin_aug_sep": 16.31,
            "prec_jun_sep": 125.0,
            "vintage_score": -4.273039935105288
        },
        "filled": {
            "Tmean_apr_sep": 20.304408235385726,
            "Tmin_aug_sep": 16.194763420946693,
            "prec_jun_sep": 124.66654659337348,
            "vintage_score": -3.902472407092091
        },
        "Deviation missing": 3.046570283910153,
        "Deviation filled": 5.8898575052689,
        "Improvement": -2.8432872213587466
    }
}