{
    "dataset": "Report(Bertelegni2023)",
    "gap_parameters": {
        "gap_type": "overlap",
        "perc": "0.0 %",
        "length": 24,
        "seed": 2024
    },
    "algorithm": "Saits",
    "algorithm_parameters": {
        "n_layers": 3,
        "d_model": 128,
        "d_ffn": 128,
        "n_heads": 2,
        "d_k": 64,
        "d_v": 128,
        "dropout": 0.2,
        "epochs": 100,
        "batch_size": 32,
        "ORT_weight": 1,
        "MIT_weight": 1,
        "attn_dropout": 0.4,
        "diagonal_attention_mask": false,
        "num_workers": 0,
        "patience": 10,
        "lr": 0.0022511528688296573,
        "device": "cuda"
    },
    "metrics": {
        "Missing value percentage": 1.7272104180945853,
        "Missing value percentage between 4 and 9": 0.546448087431694,
        "Mean absolute error": 0.1495210858661425,
        "Mean square error": 0.038627131421609076,
        "Root mean square error": 0.19653786256497519,
        "Mean relative error": 0.1343293096514685,
        "Euclidean Distance": 1.9256699136857567,
        "r2 score": 0.9349456771328795,
        "Execution Time": 12.647700548171997
    },
    "vintage_score": {
        "original": {
            "Tmean_apr_sep": 20.354001429188713,
            "Tmin_aug_sep": 16.15245901639344,
            "prec_jun_sep": 125.0,
            "vintage_score": -4.14670757438347
        },
        "missing": {
            "Tmean_apr_sep": 20.337084307148643,
            "Tmin_aug_sep": 16.15245901639344,
            "prec_jun_sep": 125.0,
            "vintage_score": -4.057905418629332
        },
        "filled": {
            "Tmean_apr_sep": 20.308183835763153,
            "Tmin_aug_sep": 16.15245901639344,
            "prec_jun_sep": 124.9977673627358,
            "vintage_score": -3.907083352195457
        },
        "Deviation missing": 2.1415099608836274,
        "Deviation filled": 5.7786621769112845,
        "Improvement": -3.637152216027657
    }
}