{
    "dataset": "Report(Torrevilla2023)",
    "gap_parameters": {
        "gap_type": "overlap",
        "perc": "100.0 %",
        "length": 24,
        "seed": 2025
    },
    "algorithm": "Naive",
    "algorithm_parameters": {},
    "metrics": {
        "Missing value percentage": 0.5860178204249485,
        "Missing value percentage between 4 and 9": 0.546448087431694,
        "Mean absolute error": 0.3984721530354331,
        "Mean square error": 0.2628495301435333,
        "Root mean square error": 0.5126885313165619,
        "Mean relative error": 0.31987988745076523,
        "Euclidean Distance": 5.023301194809989,
        "r2 score": 0.6693095202068061,
        "Execution Time": 0.24292731285095215
    },
    "vintage_score": {
        "original": {
            "Tmean_apr_sep": 20.869581056466302,
            "Tmin_aug_sep": 17.044262295081968,
            "prec_jun_sep": 144.89999999999998,
            "vintage_score": -7.541854756514482
        },
        "missing": {
            "Tmean_apr_sep": 20.86091861235304,
            "Tmin_aug_sep": 17.114754098360656,
            "prec_jun_sep": 144.89999999999998,
            "vintage_score": -7.519093919835285
        },
        "filled": {
            "Tmean_apr_sep": 20.870765027322403,
            "Tmin_aug_sep": 17.114754098360656,
            "prec_jun_sep": 144.89999999999998,
            "vintage_score": -7.577737327997255
        },
        "Deviation missing": 0.3017936225772133,
        "Deviation filled": 0.4757791371118428,
        "Improvement": -0.17398551453462946
    }
}