{
    "dataset": "Report(Torrevilla2023)",
    "gap_parameters": {
        "gap_type": "overlap",
        "perc": "0.0 %",
        "length": 24,
        "seed": 2024
    },
    "algorithm": "Naive",
    "algorithm_parameters": {},
    "metrics": {
        "Missing value percentage": 0.5860178204249485,
        "Missing value percentage between 4 and 9": 0.546448087431694,
        "Mean absolute error": 0.26764833362126594,
        "Mean square error": 0.1356896470957184,
        "Root mean square error": 0.36836075672595525,
        "Mean relative error": 0.2756071111072731,
        "Euclidean Distance": 3.609183580976327,
        "r2 score": 0.6895302552767673,
        "Execution Time": 0.2506215572357178
    },
    "vintage_score": {
        "original": {
            "Tmean_apr_sep": 20.869581056466302,
            "Tmin_aug_sep": 17.044262295081968,
            "prec_jun_sep": 144.89999999999998,
            "vintage_score": -7.541854756514482
        },
        "missing": {
            "Tmean_apr_sep": 20.859688069216755,
            "Tmin_aug_sep": 17.044262295081968,
            "prec_jun_sep": 144.89999999999998,
            "vintage_score": -7.482950191659228
        },
        "filled": {
            "Tmean_apr_sep": 20.86714480874317,
            "Tmin_aug_sep": 17.044262295081968,
            "prec_jun_sep": 144.89999999999998,
            "vintage_score": -7.527336579276636
        },
        "Deviation missing": 0.7810355245090576,
        "Deviation filled": 0.19250141651569144,
        "Improvement": 0.5885341079933661
    }
}