{
    "dataset": "Report(Torrevilla2023)",
    "gap_parameters": {
        "gap_type": "overlap",
        "perc": "50.0 %",
        "length": 6,
        "seed": 2023
    },
    "algorithm": "Naive",
    "algorithm_parameters": {},
    "metrics": {
        "Missing value percentage": 0.339273474982865,
        "Missing value percentage between 4 and 9": 0.1366120218579235,
        "Mean absolute error": 0.18874373536011851,
        "Mean square error": 0.05716289681916145,
        "Root mean square error": 0.23908763418286913,
        "Mean relative error": 0.25034650030221434,
        "Euclidean Distance": 1.1712854151144936,
        "r2 score": 0.7668337156334853,
        "Execution Time": 0.31032299995422363
    },
    "vintage_score": {
        "original": {
            "Tmean_apr_sep": 20.869581056466302,
            "Tmin_aug_sep": 17.044262295081968,
            "prec_jun_sep": 144.89999999999998,
            "vintage_score": -7.541854756514482
        },
        "missing": {
            "Tmean_apr_sep": 20.86311475409836,
            "Tmin_aug_sep": 17.044262295081968,
            "prec_jun_sep": 144.89999999999998,
            "vintage_score": -7.5033382235152715
        },
        "filled": {
            "Tmean_apr_sep": 20.866803278688526,
            "Tmin_aug_sep": 17.044262295081968,
            "prec_jun_sep": 144.89999999999998,
            "vintage_score": -7.525301964949023
        },
        "Deviation missing": 0.5107037226610713,
        "Deviation filled": 0.2194790552173042,
        "Improvement": 0.2912246674437671
    }
}