{
    "dataset": "33TUN_lai_field_timeseries",
    "gap_parameters": {
        "gap_type": "custom_single",
        "seed": 2023
    },
    "algorithm": "SoftImpute",
    "algorithm_parameters": {
        "max_rank": 1
    },
    "metrics": {
        "Missing value percentage": 51.36800171996029,
        "Mean absolute error": 0.6875460322030791,
        "Mean square error": 0.8724627853188184,
        "Root mean square error": 0.9340571638389261,
        "Mean relative error": 0.8751273133677371,
        "Euclidean Distance": 161.42983285219552,
        "r2 score": 0.11989583884281274,
        "Execution Time": 4.858079671859741
    }
}