{
    "dataset": "Report(Rebutti2023)",
    "gap_parameters": {
        "gap_type": "overlap",
        "perc": "100.0 %",
        "length": 48,
        "seed": 2023
    },
    "algorithm": "Saits",
    "algorithm_parameters": {
        "n_layers": 1,
        "d_model": 64,
        "d_ffn": 128,
        "n_heads": 1,
        "d_k": 64,
        "d_v": 32,
        "dropout": 0.5,
        "epochs": 100,
        "batch_size": 32,
        "ORT_weight": 1,
        "MIT_weight": 1,
        "attn_dropout": 0.5,
        "diagonal_attention_mask": false,
        "num_workers": 0,
        "patience": 10,
        "lr": 0.0014492869634879434,
        "device": "cuda"
    },
    "metrics": {
        "Missing value percentage": 0.7196710075394106,
        "Missing value percentage between 4 and 9": 1.092896174863388,
        "Mean absolute error": 0.09151752251829008,
        "Mean square error": 0.015139165659449031,
        "Root mean square error": 0.12304131687953047,
        "Mean relative error": 0.1750965883964554,
        "Euclidean Distance": 1.7049104981242356,
        "r2 score": 0.9447429134998704,
        "Execution Time": 6.6319944858551025
    },
    "vintage_score": {
        "original": {
            "Tmean_apr_sep": 20.91026867030965,
            "Tmin_aug_sep": 18.283606557377052,
            "prec_jun_sep": 120.3,
            "vintage_score": -8.122098331799663
        },
        "missing": {
            "Tmean_apr_sep": 20.916042429792427,
            "Tmin_aug_sep": 18.445000000000004,
            "prec_jun_sep": 120.3,
            "vintage_score": -8.222850519237056
        },
        "filled": {
            "Tmean_apr_sep": 20.907201693047416,
            "Tmin_aug_sep": 18.297281778147234,
            "prec_jun_sep": 119.89700348728843,
            "vintage_score": -8.10645720713461
        },
        "Deviation missing": 1.2404699293399133,
        "Deviation filled": 0.19257492369692078,
        "Improvement": 1.0478950056429925
    }
}