{
    "dataset": "Report(Rebutti2023)",
    "gap_parameters": {
        "gap_type": "overlap",
        "perc": "100.0 %",
        "length": 3,
        "seed": 2023
    },
    "algorithm": "Saits",
    "algorithm_parameters": {
        "n_layers": 1,
        "d_model": 64,
        "d_ffn": 128,
        "n_heads": 1,
        "d_k": 64,
        "d_v": 32,
        "dropout": 0.5,
        "epochs": 100,
        "batch_size": 32,
        "ORT_weight": 1,
        "MIT_weight": 1,
        "attn_dropout": 0.5,
        "diagonal_attention_mask": false,
        "num_workers": 0,
        "patience": 10,
        "lr": 0.0014492869634879434,
        "device": "cuda"
    },
    "metrics": {
        "Missing value percentage": 0.10281014393420151,
        "Missing value percentage between 4 and 9": 0.06830601092896176,
        "Mean absolute error": 0.0325402434643735,
        "Mean square error": 0.0015921098791892739,
        "Root mean square error": 0.03990125159928287,
        "Mean relative error": 0.03525781672610677,
        "Euclidean Distance": 0.13822199011109945,
        "r2 score": 0.9950219251410116,
        "Execution Time": 6.696221351623535
    },
    "vintage_score": {
        "original": {
            "Tmean_apr_sep": 20.91026867030965,
            "Tmin_aug_sep": 18.283606557377052,
            "prec_jun_sep": 120.3,
            "vintage_score": -8.122098331799663
        },
        "missing": {
            "Tmean_apr_sep": 20.906567135050743,
            "Tmin_aug_sep": 18.283606557377052,
            "prec_jun_sep": 120.3,
            "vintage_score": -8.099838662724466
        },
        "filled": {
            "Tmean_apr_sep": 20.910282094007158,
            "Tmin_aug_sep": 18.283606557377052,
            "prec_jun_sep": 120.21922859791944,
            "vintage_score": -8.121620314271127
        },
        "Deviation missing": 0.27406303353957107,
        "Deviation filled": 0.005885394500391862,
        "Improvement": 0.2681776390391792
    }
}