{
    "dataset": "Report(Rebutti2023)",
    "gap_parameters": {
        "gap_type": "overlap",
        "perc": "0.0 %",
        "length": 48,
        "seed": 2024
    },
    "algorithm": "Saits",
    "algorithm_parameters": {
        "n_layers": 1,
        "d_model": 64,
        "d_ffn": 128,
        "n_heads": 1,
        "d_k": 64,
        "d_v": 32,
        "dropout": 0.5,
        "epochs": 100,
        "batch_size": 32,
        "ORT_weight": 1,
        "MIT_weight": 1,
        "attn_dropout": 0.5,
        "diagonal_attention_mask": false,
        "num_workers": 0,
        "patience": 10,
        "lr": 0.0014492869634879434,
        "device": "cuda"
    },
    "metrics": {
        "Missing value percentage": 0.7196710075394106,
        "Missing value percentage between 4 and 9": 1.092896174863388,
        "Mean absolute error": 0.15480652956339486,
        "Mean square error": 0.04339647463535429,
        "Root mean square error": 0.20831820524225503,
        "Mean relative error": 0.20939030170602635,
        "Euclidean Distance": 2.886541724969183,
        "r2 score": 0.8957814631111553,
        "Execution Time": 6.744632244110107
    },
    "vintage_score": {
        "original": {
            "Tmean_apr_sep": 20.91026867030965,
            "Tmin_aug_sep": 18.283606557377052,
            "prec_jun_sep": 120.3,
            "vintage_score": -8.122098331799663
        },
        "missing": {
            "Tmean_apr_sep": 20.883550824175824,
            "Tmin_aug_sep": 18.281666666666673,
            "prec_jun_sep": 120.3,
            "vintage_score": -7.961051377554753
        },
        "filled": {
            "Tmean_apr_sep": 20.91811329644001,
            "Tmin_aug_sep": 18.283533107126253,
            "prec_jun_sep": 119.43614095437867,
            "vintage_score": -8.163328312652425
        },
        "Deviation missing": 1.9828244828602732,
        "Deviation filled": 0.5076272062767123,
        "Improvement": 1.475197276583561
    }
}