{
    "dataset": "Report(Rebutti2023)",
    "gap_parameters": {
        "gap_type": "overlap",
        "perc": "0.0 %",
        "length": 24,
        "seed": 2024
    },
    "algorithm": "Saits",
    "algorithm_parameters": {
        "n_layers": 1,
        "d_model": 64,
        "d_ffn": 128,
        "n_heads": 1,
        "d_k": 64,
        "d_v": 32,
        "dropout": 0.5,
        "epochs": 100,
        "batch_size": 32,
        "ORT_weight": 1,
        "MIT_weight": 1,
        "attn_dropout": 0.5,
        "diagonal_attention_mask": false,
        "num_workers": 0,
        "patience": 10,
        "lr": 0.0014492869634879434,
        "device": "cuda"
    },
    "metrics": {
        "Missing value percentage": 0.39067854694996573,
        "Missing value percentage between 4 and 9": 0.546448087431694,
        "Mean absolute error": 0.07318601420487149,
        "Mean square error": 0.010735829454084021,
        "Root mean square error": 0.10361384779113272,
        "Mean relative error": 0.07089558749697031,
        "Euclidean Distance": 1.0152042294987136,
        "r2 score": 0.9769875234614613,
        "Execution Time": 6.857340097427368
    },
    "vintage_score": {
        "original": {
            "Tmean_apr_sep": 20.91026867030965,
            "Tmin_aug_sep": 18.283606557377052,
            "prec_jun_sep": 120.3,
            "vintage_score": -8.122098331799663
        },
        "missing": {
            "Tmean_apr_sep": 20.89825819672131,
            "Tmin_aug_sep": 18.283606557377052,
            "prec_jun_sep": 120.3,
            "vintage_score": -8.049939529675811
        },
        "filled": {
            "Tmean_apr_sep": 20.91222940470076,
            "Tmin_aug_sep": 18.277736710684547,
            "prec_jun_sep": 120.3286605591984,
            "vintage_score": -8.131695097754857
        },
        "Deviation missing": 0.8884256158452968,
        "Deviation filled": 0.11815623947350226,
        "Improvement": 0.7702693763717945
    }
}