{
    "dataset": "Report(Torrevilla2023)",
    "gap_parameters": {
        "gap_type": "overlap",
        "perc": "100.0 %",
        "length": 3,
        "seed": 2024
    },
    "algorithm": "TimesNet",
    "algorithm_parameters": {
        "n_layers": 1,
        "d_model": 128,
        "d_ffn": 128,
        "n_heads": 1,
        "top_k": 2,
        "n_kernels": 3,
        "dropout": 0.3,
        "epochs": 100,
        "batch_size": 32,
        "attn_dropout": 0,
        "apply_nonstationary_norm": true,
        "num_workers": 0,
        "patience": 10,
        "lr": 0.009978373271498147,
        "device": "cuda"
    },
    "metrics": {
        "Missing value percentage": 0.2981494174091844,
        "Missing value percentage between 4 and 9": 0.06830601092896176,
        "Mean absolute error": 0.10525626376595802,
        "Mean square error": 0.014637586139081766,
        "Root mean square error": 0.12098589231427674,
        "Mean relative error": 0.09226629841942113,
        "Euclidean Distance": 0.419107424974786,
        "r2 score": 0.9693297250562251,
        "Execution Time": 6.8662919998168945
    },
    "vintage_score": {
        "original": {
            "Tmean_apr_sep": 20.869581056466302,
            "Tmin_aug_sep": 17.044262295081968,
            "prec_jun_sep": 144.89999999999998,
            "vintage_score": -7.541854756514482
        },
        "missing": {
            "Tmean_apr_sep": 20.86843937028363,
            "Tmin_aug_sep": 17.044262295081968,
            "prec_jun_sep": 144.89999999999998,
            "vintage_score": -7.535050174578799
        },
        "filled": {
            "Tmean_apr_sep": 20.870530113705485,
            "Tmin_aug_sep": 17.044262295081968,
            "prec_jun_sep": 144.8692503483677,
            "vintage_score": -7.547299868832738
        },
        "Deviation missing": 0.09022425060367173,
        "Deviation filled": 0.07219858369126755,
        "Improvement": 0.018025666912404176
    }
}