{
    "dataset": "Report(Torrevilla2023)",
    "gap_parameters": {
        "gap_type": "overlap",
        "perc": "0.0 %",
        "length": 3,
        "seed": 2024
    },
    "algorithm": "TimesNet",
    "algorithm_parameters": {
        "n_layers": 1,
        "d_model": 128,
        "d_ffn": 128,
        "n_heads": 1,
        "top_k": 2,
        "n_kernels": 3,
        "dropout": 0.3,
        "epochs": 100,
        "batch_size": 32,
        "attn_dropout": 0,
        "apply_nonstationary_norm": true,
        "num_workers": 0,
        "patience": 10,
        "lr": 0.009978373271498147,
        "device": "cuda"
    },
    "metrics": {
        "Missing value percentage": 0.2981494174091844,
        "Missing value percentage between 4 and 9": 0.06830601092896176,
        "Mean absolute error": 0.18034543710420325,
        "Mean square error": 0.05612143721919636,
        "Root mean square error": 0.2368996353293866,
        "Mean relative error": 0.15808851010935282,
        "Euclidean Distance": 0.8206444093701074,
        "r2 score": 0.8824082131167199,
        "Execution Time": 6.579729080200195
    },
    "vintage_score": {
        "original": {
            "Tmean_apr_sep": 20.869581056466302,
            "Tmin_aug_sep": 17.044262295081968,
            "prec_jun_sep": 144.89999999999998,
            "vintage_score": -7.541854756514482
        },
        "missing": {
            "Tmean_apr_sep": 20.86843937028363,
            "Tmin_aug_sep": 17.044262295081968,
            "prec_jun_sep": 144.89999999999998,
            "vintage_score": -7.535050174578799
        },
        "filled": {
            "Tmean_apr_sep": 20.869942973198256,
            "Tmin_aug_sep": 17.044262295081968,
            "prec_jun_sep": 145.0106313206586,
            "vintage_score": -7.544777539145997
        },
        "Deviation missing": 0.09022425060367173,
        "Deviation filled": 0.03875416228336122,
        "Improvement": 0.05147008832031051
    }
}