{
    "dataset": "Report(Torrevilla2023)",
    "gap_parameters": {
        "gap_type": "overlap",
        "perc": "100.0 %",
        "length": 24,
        "seed": 2023
    },
    "algorithm": "TimesNet",
    "algorithm_parameters": {
        "n_layers": 1,
        "d_model": 128,
        "d_ffn": 128,
        "n_heads": 1,
        "top_k": 2,
        "n_kernels": 3,
        "dropout": 0.3,
        "epochs": 100,
        "batch_size": 32,
        "attn_dropout": 0,
        "apply_nonstationary_norm": true,
        "num_workers": 0,
        "patience": 10,
        "lr": 0.009978373271498147,
        "device": "cuda"
    },
    "metrics": {
        "Missing value percentage": 0.5860178204249485,
        "Missing value percentage between 4 and 9": 0.546448087431694,
        "Mean absolute error": 0.06929985087166635,
        "Mean square error": 0.006903766364850928,
        "Root mean square error": 0.08308890638858432,
        "Mean relative error": 0.16723611119187679,
        "Euclidean Distance": 0.81410169575164,
        "r2 score": 0.9714644190979141,
        "Execution Time": 6.931791067123413
    },
    "vintage_score": {
        "original": {
            "Tmean_apr_sep": 20.869581056466302,
            "Tmin_aug_sep": 17.044262295081968,
            "prec_jun_sep": 144.89999999999998,
            "vintage_score": -7.541854756514482
        },
        "missing": {
            "Tmean_apr_sep": 20.8824043715847,
            "Tmin_aug_sep": 17.142622950819668,
            "prec_jun_sep": 144.89999999999998,
            "vintage_score": -7.658624466284493
        },
        "filled": {
            "Tmean_apr_sep": 20.86966126255785,
            "Tmin_aug_sep": 17.032519649423694,
            "prec_jun_sep": 144.39882886735285,
            "vintage_score": -7.534064190952449
        },
        "Deviation missing": 1.5482890288910474,
        "Deviation filled": 0.10329774058965287,
        "Improvement": 1.4449912883013944
    }
}