{
    "dataset": "Report(Torrevilla2023)",
    "gap_parameters": {
        "gap_type": "overlap",
        "perc": "50.0 %",
        "length": 24,
        "seed": 2024
    },
    "algorithm": "TimesNet",
    "algorithm_parameters": {
        "n_layers": 1,
        "d_model": 128,
        "d_ffn": 128,
        "n_heads": 1,
        "top_k": 2,
        "n_kernels": 3,
        "dropout": 0.3,
        "epochs": 100,
        "batch_size": 32,
        "attn_dropout": 0,
        "apply_nonstationary_norm": true,
        "num_workers": 0,
        "patience": 10,
        "lr": 0.009978373271498147,
        "device": "cuda"
    },
    "metrics": {
        "Missing value percentage": 0.5860178204249485,
        "Missing value percentage between 4 and 9": 0.546448087431694,
        "Mean absolute error": 0.327214508173579,
        "Mean square error": 0.6883602532864601,
        "Root mean square error": 0.829674787664697,
        "Mean relative error": 0.32256169660270906,
        "Euclidean Distance": 8.129119528921988,
        "r2 score": -0.4465567255282379,
        "Execution Time": 6.873784780502319
    },
    "vintage_score": {
        "original": {
            "Tmean_apr_sep": 20.869581056466302,
            "Tmin_aug_sep": 17.044262295081968,
            "prec_jun_sep": 144.89999999999998,
            "vintage_score": -7.541854756514482
        },
        "missing": {
            "Tmean_apr_sep": 20.859688069216755,
            "Tmin_aug_sep": 17.044262295081968,
            "prec_jun_sep": 141.89999999999998,
            "vintage_score": -7.462196191659245
        },
        "filled": {
            "Tmean_apr_sep": 20.88564289761755,
            "Tmin_aug_sep": 17.044262295081968,
            "prec_jun_sep": 150.87913452727628,
            "vintage_score": -7.679136465016853
        },
        "Deviation missing": 1.056219821608595,
        "Deviation filled": 1.8202645494305016,
        "Improvement": -0.7640447278219067
    }
}