{
    "dataset": "Report(Torrevilla2023)",
    "gap_parameters": {
        "gap_type": "overlap",
        "perc": "50.0 %",
        "length": 6,
        "seed": 2025
    },
    "algorithm": "TimesNet",
    "algorithm_parameters": {
        "n_layers": 1,
        "d_model": 128,
        "d_ffn": 128,
        "n_heads": 1,
        "top_k": 2,
        "n_kernels": 3,
        "dropout": 0.3,
        "epochs": 100,
        "batch_size": 32,
        "attn_dropout": 0,
        "apply_nonstationary_norm": true,
        "num_workers": 0,
        "patience": 10,
        "lr": 0.009978373271498147,
        "device": "cuda"
    },
    "metrics": {
        "Missing value percentage": 0.339273474982865,
        "Missing value percentage between 4 and 9": 0.1366120218579235,
        "Mean absolute error": 0.26879196199114014,
        "Mean square error": 0.09929241666197891,
        "Root mean square error": 0.3151069924041339,
        "Mean relative error": 0.2753703208873655,
        "Euclidean Distance": 1.5437026915463978,
        "r2 score": 0.7456835039941592,
        "Execution Time": 6.8757429122924805
    },
    "vintage_score": {
        "original": {
            "Tmean_apr_sep": 20.869581056466302,
            "Tmin_aug_sep": 17.044262295081968,
            "prec_jun_sep": 144.89999999999998,
            "vintage_score": -7.541854756514482
        },
        "missing": {
            "Tmean_apr_sep": 20.874607136943204,
            "Tmin_aug_sep": 17.044262295081968,
            "prec_jun_sep": 144.89999999999998,
            "vintage_score": -7.571831827318164
        },
        "filled": {
            "Tmean_apr_sep": 20.87342212641252,
            "Tmin_aug_sep": 17.044262295081968,
            "prec_jun_sep": 144.6850708653697,
            "vintage_score": -7.563274094163404
        },
        "Deviation missing": 0.39747610861622884,
        "Deviation filled": 0.2840062337506629,
        "Improvement": 0.11346987486556592
    }
}