{
    "dataset": "Report(Torrevilla2023)",
    "gap_parameters": {
        "gap_type": "overlap",
        "perc": "50.0 %",
        "length": 12,
        "seed": 2023
    },
    "algorithm": "TimesNet",
    "algorithm_parameters": {
        "n_layers": 1,
        "d_model": 128,
        "d_ffn": 128,
        "n_heads": 1,
        "top_k": 2,
        "n_kernels": 3,
        "dropout": 0.3,
        "epochs": 100,
        "batch_size": 32,
        "attn_dropout": 0,
        "apply_nonstationary_norm": true,
        "num_workers": 0,
        "patience": 10,
        "lr": 0.009978373271498147,
        "device": "cuda"
    },
    "metrics": {
        "Missing value percentage": 0.42152159013022616,
        "Missing value percentage between 4 and 9": 0.273224043715847,
        "Mean absolute error": 0.07843878069192976,
        "Mean square error": 0.008028343719132348,
        "Root mean square error": 0.08960102521250718,
        "Mean relative error": 0.1720389489436734,
        "Euclidean Distance": 0.620774112313296,
        "r2 score": 0.9651217525706609,
        "Execution Time": 6.721918821334839
    },
    "vintage_score": {
        "original": {
            "Tmean_apr_sep": 20.869581056466302,
            "Tmin_aug_sep": 17.044262295081968,
            "prec_jun_sep": 144.89999999999998,
            "vintage_score": -7.541854756514482
        },
        "missing": {
            "Tmean_apr_sep": 20.86752016653656,
            "Tmin_aug_sep": 17.049180327868854,
            "prec_jun_sep": 144.89999999999998,
            "vintage_score": -7.531583883627377
        },
        "filled": {
            "Tmean_apr_sep": 20.86786746135471,
            "Tmin_aug_sep": 17.034386439685427,
            "prec_jun_sep": 145.52387177490294,
            "vintage_score": -7.531919904196485
        },
        "Deviation missing": 0.13618497330823426,
        "Deviation filled": 0.13172956306822878,
        "Improvement": 0.004455410240005481
    }
}