{
    "dataset": "Report(Torrevilla2023)",
    "gap_parameters": {
        "gap_type": "overlap",
        "perc": "0.0 %",
        "length": 6,
        "seed": 2023
    },
    "algorithm": "TimesNet",
    "algorithm_parameters": {
        "n_layers": 1,
        "d_model": 128,
        "d_ffn": 128,
        "n_heads": 1,
        "top_k": 2,
        "n_kernels": 3,
        "dropout": 0.3,
        "epochs": 100,
        "batch_size": 32,
        "attn_dropout": 0,
        "apply_nonstationary_norm": true,
        "num_workers": 0,
        "patience": 10,
        "lr": 0.009978373271498147,
        "device": "cuda"
    },
    "metrics": {
        "Missing value percentage": 0.339273474982865,
        "Missing value percentage between 4 and 9": 0.1366120218579235,
        "Mean absolute error": 0.0713447890999479,
        "Mean square error": 0.009557872619501345,
        "Root mean square error": 0.09776437295610986,
        "Mean relative error": 0.09463052234233535,
        "Euclidean Distance": 0.4789456575312504,
        "r2 score": 0.9610136335079761,
        "Execution Time": 6.738078832626343
    },
    "vintage_score": {
        "original": {
            "Tmean_apr_sep": 20.869581056466302,
            "Tmin_aug_sep": 17.044262295081968,
            "prec_jun_sep": 144.89999999999998,
            "vintage_score": -7.541854756514482
        },
        "missing": {
            "Tmean_apr_sep": 20.86311475409836,
            "Tmin_aug_sep": 17.044262295081968,
            "prec_jun_sep": 144.89999999999998,
            "vintage_score": -7.5033382235152715
        },
        "filled": {
            "Tmean_apr_sep": 20.86874413606111,
            "Tmin_aug_sep": 17.044262295081968,
            "prec_jun_sep": 144.9148443023367,
            "vintage_score": -7.5369691336203175
        },
        "Deviation missing": 0.5107037226610713,
        "Deviation filled": 0.0647801244109668,
        "Improvement": 0.4459235982501045
    }
}