{
    "dataset": "Report(Barbieri2023)",
    "gap_parameters": {
        "gap_type": "overlap",
        "perc": "100.0 %",
        "length": 6,
        "seed": 2025
    },
    "algorithm": "TimesNet",
    "algorithm_parameters": {
        "n_layers": 1,
        "d_model": 64,
        "d_ffn": 128,
        "n_heads": 1,
        "top_k": 3,
        "n_kernels": 4,
        "dropout": 0.2,
        "epochs": 100,
        "batch_size": 32,
        "attn_dropout": 0.5,
        "apply_nonstationary_norm": false,
        "num_workers": 0,
        "patience": 10,
        "lr": 0.005739805989966285,
        "device": "cuda"
    },
    "metrics": {
        "Missing value percentage": 5.44893762851268,
        "Missing value percentage between 4 and 9": 0.1366120218579235,
        "Mean absolute error": 0.08917798530598574,
        "Mean square error": 0.012235630159083452,
        "Root mean square error": 0.11061478273306626,
        "Mean relative error": 0.07842187648419652,
        "Euclidean Distance": 0.5418995514096825,
        "r2 score": 0.9751541367747528,
        "Execution Time": 7.146463871002197
    },
    "vintage_score": {
        "original": {
            "Tmean_apr_sep": 21.284699453551912,
            "Tmin_aug_sep": 18.38196721311475,
            "prec_jun_sep": 132.3,
            "vintage_score": -10.593158555185312
        },
        "missing": {
            "Tmean_apr_sep": 21.287715267428382,
            "Tmin_aug_sep": 18.38196721311475,
            "prec_jun_sep": 132.3,
            "vintage_score": -10.612841775918639
        },
        "filled": {
            "Tmean_apr_sep": 21.283313588482358,
            "Tmin_aug_sep": 18.38196721311475,
            "prec_jun_sep": 132.09028080215074,
            "vintage_score": -10.582666776352
        },
        "Deviation missing": 0.18581068744309906,
        "Deviation filled": 0.0990429698437474,
        "Improvement": 0.08676771759935166
    }
}