{
    "dataset": "Report(Barbieri2023)",
    "gap_parameters": {
        "gap_type": "overlap",
        "perc": "100.0 %",
        "length": 48,
        "seed": 2024
    },
    "algorithm": "TimesNet",
    "algorithm_parameters": {
        "n_layers": 1,
        "d_model": 64,
        "d_ffn": 128,
        "n_heads": 1,
        "top_k": 3,
        "n_kernels": 4,
        "dropout": 0.2,
        "epochs": 100,
        "batch_size": 32,
        "attn_dropout": 0.5,
        "apply_nonstationary_norm": false,
        "num_workers": 0,
        "patience": 10,
        "lr": 0.005739805989966285,
        "device": "cuda"
    },
    "metrics": {
        "Missing value percentage": 6.024674434544209,
        "Missing value percentage between 4 and 9": 1.092896174863388,
        "Mean absolute error": 0.4478147179605604,
        "Mean square error": 6.0725382212846855,
        "Root mean square error": 2.4642520612317007,
        "Mean relative error": 0.42064725841881684,
        "Euclidean Distance": 34.1456781816772,
        "r2 score": 0.24228500408506104,
        "Execution Time": 7.2597129344940186
    },
    "vintage_score": {
        "original": {
            "Tmean_apr_sep": 21.284699453551912,
            "Tmin_aug_sep": 18.38196721311475,
            "prec_jun_sep": 132.3,
            "vintage_score": -10.593158555185312
        },
        "missing": {
            "Tmean_apr_sep": 21.26070283882784,
            "Tmin_aug_sep": 18.386666666666663,
            "prec_jun_sep": 93.4,
            "vintage_score": -10.169792118472714
        },
        "filled": {
            "Tmean_apr_sep": 21.27874947959454,
            "Tmin_aug_sep": 18.279658999520105,
            "prec_jun_sep": 110.40142140165678,
            "vintage_score": -10.361033067853896
        },
        "Deviation missing": 3.996602472313245,
        "Deviation filled": 2.1912773807939603,
        "Improvement": 1.8053250915192849
    }
}