{
    "dataset": "Report(Barbieri2023)",
    "gap_parameters": {
        "gap_type": "overlap",
        "perc": "50.0 %",
        "length": 48,
        "seed": 2023
    },
    "algorithm": "TimesNet",
    "algorithm_parameters": {
        "n_layers": 1,
        "d_model": 64,
        "d_ffn": 128,
        "n_heads": 1,
        "top_k": 3,
        "n_kernels": 4,
        "dropout": 0.2,
        "epochs": 100,
        "batch_size": 32,
        "attn_dropout": 0.5,
        "apply_nonstationary_norm": false,
        "num_workers": 0,
        "patience": 10,
        "lr": 0.005739805989966285,
        "device": "cuda"
    },
    "metrics": {
        "Missing value percentage": 6.024674434544209,
        "Missing value percentage between 4 and 9": 1.092896174863388,
        "Mean absolute error": 0.13060979066955405,
        "Mean square error": 0.0264525083655626,
        "Root mean square error": 0.1626422711522518,
        "Mean relative error": 0.297029669919495,
        "Euclidean Distance": 2.2536374167527584,
        "r2 score": 0.8800501845935732,
        "Execution Time": 8.076452016830444
    },
    "vintage_score": {
        "original": {
            "Tmean_apr_sep": 21.284699453551912,
            "Tmin_aug_sep": 18.38196721311475,
            "prec_jun_sep": 132.3,
            "vintage_score": -10.593158555185312
        },
        "missing": {
            "Tmean_apr_sep": 21.29297161172161,
            "Tmin_aug_sep": 18.52166666666666,
            "prec_jun_sep": 132.3,
            "vintage_score": -10.70430082876888
        },
        "filled": {
            "Tmean_apr_sep": 21.283718205495514,
            "Tmin_aug_sep": 18.400811526589624,
            "prec_jun_sep": 131.44802348264986,
            "vintage_score": -10.588568402674952
        },
        "Deviation missing": 1.0491891819099006,
        "Deviation filled": 0.04333129242281897,
        "Improvement": 1.0058578894870815
    }
}