{
    "dataset": "Report(Barbieri2023)",
    "gap_parameters": {
        "gap_type": "overlap",
        "perc": "100.0 %",
        "length": 48,
        "seed": 2025
    },
    "algorithm": "TimesNet",
    "algorithm_parameters": {
        "n_layers": 1,
        "d_model": 64,
        "d_ffn": 128,
        "n_heads": 1,
        "top_k": 3,
        "n_kernels": 4,
        "dropout": 0.2,
        "epochs": 100,
        "batch_size": 32,
        "attn_dropout": 0.5,
        "apply_nonstationary_norm": false,
        "num_workers": 0,
        "patience": 10,
        "lr": 0.005739805989966285,
        "device": "cuda"
    },
    "metrics": {
        "Missing value percentage": 6.024674434544209,
        "Missing value percentage between 4 and 9": 1.092896174863388,
        "Mean absolute error": 0.19292112305591427,
        "Mean square error": 0.07058826958402652,
        "Root mean square error": 0.2656845301932849,
        "Mean relative error": 0.16208343884945503,
        "Euclidean Distance": 3.6814328406387045,
        "r2 score": 0.8923092575915024,
        "Execution Time": 7.514401197433472
    },
    "vintage_score": {
        "original": {
            "Tmean_apr_sep": 21.284699453551912,
            "Tmin_aug_sep": 18.38196721311475,
            "prec_jun_sep": 132.3,
            "vintage_score": -10.593158555185312
        },
        "missing": {
            "Tmean_apr_sep": 21.213792457542457,
            "Tmin_aug_sep": 18.274999999999995,
            "prec_jun_sep": 132.3,
            "vintage_score": -10.090192203314103
        },
        "filled": {
            "Tmean_apr_sep": 21.29086467418473,
            "Tmin_aug_sep": 18.413426110134044,
            "prec_jun_sep": 133.18142223483653,
            "vintage_score": -10.652371319249824
        },
        "Deviation missing": 4.748030054029619,
        "Deviation filled": 0.5589717529105356,
        "Improvement": 4.189058301119084
    }
}