{
    "dataset": "Report(Barbieri2023)",
    "gap_parameters": {
        "gap_type": "overlap",
        "perc": "0.0 %",
        "length": 6,
        "seed": 2023
    },
    "algorithm": "TimesNet",
    "algorithm_parameters": {
        "n_layers": 1,
        "d_model": 64,
        "d_ffn": 128,
        "n_heads": 1,
        "top_k": 3,
        "n_kernels": 4,
        "dropout": 0.2,
        "epochs": 100,
        "batch_size": 32,
        "attn_dropout": 0.5,
        "apply_nonstationary_norm": false,
        "num_workers": 0,
        "patience": 10,
        "lr": 0.005739805989966285,
        "device": "cuda"
    },
    "metrics": {
        "Missing value percentage": 5.44893762851268,
        "Missing value percentage between 4 and 9": 0.1366120218579235,
        "Mean absolute error": 0.08116220870057453,
        "Mean square error": 0.008651673416128805,
        "Root mean square error": 0.09301437209447154,
        "Mean relative error": 0.11642470219655673,
        "Euclidean Distance": 0.4556755007536613,
        "r2 score": 0.9586659307848013,
        "Execution Time": 7.928990602493286
    },
    "vintage_score": {
        "original": {
            "Tmean_apr_sep": 21.284699453551912,
            "Tmin_aug_sep": 18.38196721311475,
            "prec_jun_sep": 132.3,
            "vintage_score": -10.593158555185312
        },
        "missing": {
            "Tmean_apr_sep": 21.27895415907711,
            "Tmin_aug_sep": 18.38196721311475,
            "prec_jun_sep": 132.3,
            "vintage_score": -10.55569509398424
        },
        "filled": {
            "Tmean_apr_sep": 21.284738867895204,
            "Tmin_aug_sep": 18.38196721311475,
            "prec_jun_sep": 131.89919924275875,
            "vintage_score": -10.5906429802873
        },
        "Deviation missing": 0.35365713640463436,
        "Deviation filled": 0.023747165539981546,
        "Improvement": 0.3299099708646528
    }
}