{
    "dataset": "Report(Barbieri2023)",
    "gap_parameters": {
        "gap_type": "overlap",
        "perc": "0.0 %",
        "length": 48,
        "seed": 2025
    },
    "algorithm": "TimesNet",
    "algorithm_parameters": {
        "n_layers": 1,
        "d_model": 64,
        "d_ffn": 128,
        "n_heads": 1,
        "top_k": 3,
        "n_kernels": 4,
        "dropout": 0.2,
        "epochs": 100,
        "batch_size": 32,
        "attn_dropout": 0.5,
        "apply_nonstationary_norm": false,
        "num_workers": 0,
        "patience": 10,
        "lr": 0.005739805989966285,
        "device": "cuda"
    },
    "metrics": {
        "Missing value percentage": 6.024674434544209,
        "Missing value percentage between 4 and 9": 1.092896174863388,
        "Mean absolute error": 0.15073877848504205,
        "Mean square error": 0.05750826488688763,
        "Root mean square error": 0.2398088090268738,
        "Mean relative error": 0.12664377647097078,
        "Euclidean Distance": 3.322888330697028,
        "r2 score": 0.9122643496321816,
        "Execution Time": 7.43706750869751
    },
    "vintage_score": {
        "original": {
            "Tmean_apr_sep": 21.284699453551912,
            "Tmin_aug_sep": 18.38196721311475,
            "prec_jun_sep": 132.3,
            "vintage_score": -10.593158555185312
        },
        "missing": {
            "Tmean_apr_sep": 21.213792457542457,
            "Tmin_aug_sep": 18.274999999999995,
            "prec_jun_sep": 132.3,
            "vintage_score": -10.090192203314103
        },
        "filled": {
            "Tmean_apr_sep": 21.274818535579563,
            "Tmin_aug_sep": 18.385944175934135,
            "prec_jun_sep": 133.5146772912742,
            "vintage_score": -10.538784911899114
        },
        "Deviation missing": 4.748030054029619,
        "Deviation filled": 0.5132901863305157,
        "Improvement": 4.234739867699103
    }
}