{
    "dataset": "Report(Barbieri2023)",
    "gap_parameters": {
        "gap_type": "overlap",
        "perc": "0.0 %",
        "length": 24,
        "seed": 2025
    },
    "algorithm": "TimesNet",
    "algorithm_parameters": {
        "n_layers": 1,
        "d_model": 64,
        "d_ffn": 128,
        "n_heads": 1,
        "top_k": 3,
        "n_kernels": 4,
        "dropout": 0.2,
        "epochs": 100,
        "batch_size": 32,
        "attn_dropout": 0.5,
        "apply_nonstationary_norm": false,
        "num_workers": 0,
        "patience": 10,
        "lr": 0.005739805989966285,
        "device": "cuda"
    },
    "metrics": {
        "Missing value percentage": 5.6956819739547635,
        "Missing value percentage between 4 and 9": 0.546448087431694,
        "Mean absolute error": 0.16322175459243235,
        "Mean square error": 0.05849374918250867,
        "Root mean square error": 0.2418548101289463,
        "Mean relative error": 0.12390798517162056,
        "Euclidean Distance": 2.3696835066145208,
        "r2 score": 0.9271285399766847,
        "Execution Time": 6.889711380004883
    },
    "vintage_score": {
        "original": {
            "Tmean_apr_sep": 21.284699453551912,
            "Tmin_aug_sep": 18.38196721311475,
            "prec_jun_sep": 132.3,
            "vintage_score": -10.593158555185312
        },
        "missing": {
            "Tmean_apr_sep": 21.27610324557046,
            "Tmin_aug_sep": 18.447540983606554,
            "prec_jun_sep": 132.3,
            "vintage_score": -10.563934838011932
        },
        "filled": {
            "Tmean_apr_sep": 21.281160096911606,
            "Tmin_aug_sep": 18.39315013731591,
            "prec_jun_sep": 131.62371398740456,
            "vintage_score": -10.56996824842156
        },
        "Deviation missing": 0.2758734991186867,
        "Deviation filled": 0.21891777266375578,
        "Improvement": 0.05695572645493091
    }
}