{
    "dataset": "Report(Barbieri2023)",
    "gap_parameters": {
        "gap_type": "overlap",
        "perc": "50.0 %",
        "length": 3,
        "seed": 2023
    },
    "algorithm": "TimesNet",
    "algorithm_parameters": {
        "n_layers": 1,
        "d_model": 64,
        "d_ffn": 128,
        "n_heads": 1,
        "top_k": 3,
        "n_kernels": 4,
        "dropout": 0.2,
        "epochs": 100,
        "batch_size": 32,
        "attn_dropout": 0.5,
        "apply_nonstationary_norm": false,
        "num_workers": 0,
        "patience": 10,
        "lr": 0.005739805989966285,
        "device": "cuda"
    },
    "metrics": {
        "Missing value percentage": 5.407813570938999,
        "Missing value percentage between 4 and 9": 0.06830601092896176,
        "Mean absolute error": 0.1250503498535637,
        "Mean square error": 0.020800303213982574,
        "Root mean square error": 0.14422310222007628,
        "Mean relative error": 0.1561557522082385,
        "Euclidean Distance": 0.49960348134076454,
        "r2 score": 0.913483190093342,
        "Execution Time": 8.166398286819458
    },
    "vintage_score": {
        "original": {
            "Tmean_apr_sep": 21.284699453551912,
            "Tmin_aug_sep": 18.38196721311475,
            "prec_jun_sep": 132.3,
            "vintage_score": -10.593158555185312
        },
        "missing": {
            "Tmean_apr_sep": 21.281430523028884,
            "Tmin_aug_sep": 18.38196721311475,
            "prec_jun_sep": 132.3,
            "vintage_score": -10.571837275373468
        },
        "filled": {
            "Tmean_apr_sep": 21.285622722640923,
            "Tmin_aug_sep": 18.38196721311475,
            "prec_jun_sep": 132.29444752124297,
            "vintage_score": -10.599144703613348
        },
        "Deviation missing": 0.2012740553326912,
        "Deviation filled": 0.05650957074654503,
        "Improvement": 0.14476448458614616
    }
}