{
    "dataset": "Report(Barbieri2023)",
    "gap_parameters": {
        "gap_type": "overlap",
        "perc": "50.0 %",
        "length": 6,
        "seed": 2025
    },
    "algorithm": "TimesNet",
    "algorithm_parameters": {
        "n_layers": 1,
        "d_model": 64,
        "d_ffn": 128,
        "n_heads": 1,
        "top_k": 3,
        "n_kernels": 4,
        "dropout": 0.2,
        "epochs": 100,
        "batch_size": 32,
        "attn_dropout": 0.5,
        "apply_nonstationary_norm": false,
        "num_workers": 0,
        "patience": 10,
        "lr": 0.005739805989966285,
        "device": "cuda"
    },
    "metrics": {
        "Missing value percentage": 5.44893762851268,
        "Missing value percentage between 4 and 9": 0.1366120218579235,
        "Mean absolute error": 0.23750807839877267,
        "Mean square error": 0.062379033929515555,
        "Root mean square error": 0.24975795068328766,
        "Mean relative error": 0.2088612915427371,
        "Euclidean Distance": 1.2235590767545452,
        "r2 score": 0.8733321516762897,
        "Execution Time": 7.595988750457764
    },
    "vintage_score": {
        "original": {
            "Tmean_apr_sep": 21.284699453551912,
            "Tmin_aug_sep": 18.38196721311475,
            "prec_jun_sep": 132.3,
            "vintage_score": -10.593158555185312
        },
        "missing": {
            "Tmean_apr_sep": 21.287715267428382,
            "Tmin_aug_sep": 18.38196721311475,
            "prec_jun_sep": 132.3,
            "vintage_score": -10.612841775918639
        },
        "filled": {
            "Tmean_apr_sep": 21.282086597142424,
            "Tmin_aug_sep": 18.38196721311475,
            "prec_jun_sep": 131.53982978211516,
            "vintage_score": -10.570856433122657
        },
        "Deviation missing": 0.18581068744309906,
        "Deviation filled": 0.21053326018365043,
        "Improvement": -0.02472257274055137
    }
}