{
    "dataset": "Report(Barbieri2023)",
    "gap_parameters": {
        "gap_type": "overlap",
        "perc": "0.0 %",
        "length": 48,
        "seed": 2023
    },
    "algorithm": "TimesNet",
    "algorithm_parameters": {
        "n_layers": 1,
        "d_model": 64,
        "d_ffn": 128,
        "n_heads": 1,
        "top_k": 3,
        "n_kernels": 4,
        "dropout": 0.2,
        "epochs": 100,
        "batch_size": 32,
        "attn_dropout": 0.5,
        "apply_nonstationary_norm": false,
        "num_workers": 0,
        "patience": 10,
        "lr": 0.005739805989966285,
        "device": "cuda"
    },
    "metrics": {
        "Missing value percentage": 6.024674434544209,
        "Missing value percentage between 4 and 9": 1.092896174863388,
        "Mean absolute error": 0.11265323749365959,
        "Mean square error": 0.019445393695993764,
        "Root mean square error": 0.13944674143196664,
        "Mean relative error": 0.25619330508508525,
        "Euclidean Distance": 1.932230728880695,
        "r2 score": 0.9118241887647868,
        "Execution Time": 7.4854981899261475
    },
    "vintage_score": {
        "original": {
            "Tmean_apr_sep": 21.284699453551912,
            "Tmin_aug_sep": 18.38196721311475,
            "prec_jun_sep": 132.3,
            "vintage_score": -10.593158555185312
        },
        "missing": {
            "Tmean_apr_sep": 21.29297161172161,
            "Tmin_aug_sep": 18.52166666666666,
            "prec_jun_sep": 132.3,
            "vintage_score": -10.70430082876888
        },
        "filled": {
            "Tmean_apr_sep": 21.28957196469841,
            "Tmin_aug_sep": 18.42084794842877,
            "prec_jun_sep": 133.64860684540918,
            "vintage_score": -10.650193963127975
        },
        "Deviation missing": 1.0491891819099006,
        "Deviation filled": 0.5384173912392255,
        "Improvement": 0.5107717906706751
    }
}