{
    "dataset": "Report(Barbieri2023)",
    "gap_parameters": {
        "gap_type": "overlap",
        "perc": "0.0 %",
        "length": 12,
        "seed": 2024
    },
    "algorithm": "TimesNet",
    "algorithm_parameters": {
        "n_layers": 1,
        "d_model": 64,
        "d_ffn": 128,
        "n_heads": 1,
        "top_k": 3,
        "n_kernels": 4,
        "dropout": 0.2,
        "epochs": 100,
        "batch_size": 32,
        "attn_dropout": 0.5,
        "apply_nonstationary_norm": false,
        "num_workers": 0,
        "patience": 10,
        "lr": 0.005739805989966285,
        "device": "cuda"
    },
    "metrics": {
        "Missing value percentage": 5.531185743660041,
        "Missing value percentage between 4 and 9": 0.273224043715847,
        "Mean absolute error": 0.13657556886799888,
        "Mean square error": 0.03798479720720392,
        "Root mean square error": 0.19489688865449833,
        "Mean relative error": 0.11569280894332284,
        "Euclidean Distance": 1.3502852535467555,
        "r2 score": 0.932224787919733,
        "Execution Time": 7.657638788223267
    },
    "vintage_score": {
        "original": {
            "Tmean_apr_sep": 21.284699453551912,
            "Tmin_aug_sep": 18.38196721311475,
            "prec_jun_sep": 132.3,
            "vintage_score": -10.593158555185312
        },
        "missing": {
            "Tmean_apr_sep": 21.27645719489982,
            "Tmin_aug_sep": 18.38196721311475,
            "prec_jun_sep": 132.3,
            "vintage_score": -10.539427061973242
        },
        "filled": {
            "Tmean_apr_sep": 21.287499872414333,
            "Tmin_aug_sep": 18.38196721311475,
            "prec_jun_sep": 132.29634245766303,
            "vintage_score": -10.611410251381301
        },
        "Deviation missing": 0.5072282542751898,
        "Deviation filled": 0.17229701699362332,
        "Improvement": 0.3349312372815665
    }
}