{
    "dataset": "33TUN_lai_field_timeseries",
    "gap_parameters": {
        "gap_type": "custom_single",
        "seed": 2023
    },
    "algorithm": "TimesNet",
    "algorithm_parameters": {
        "n_layers": 1,
        "d_model": 16,
        "d_ffn": 64,
        "n_heads": 2,
        "top_k": 3,
        "n_kernels": 5,
        "dropout": 0,
        "epochs": 100,
        "batch_size": 32,
        "attn_dropout": 0.2,
        "apply_nonstationary_norm": false,
        "num_workers": 0,
        "patience": 10,
        "lr": 0.0034092651690683443,
        "device": "cuda"
    },
    "metrics": {
        "Missing value percentage": 51.36800171996029,
        "Mean absolute error": 0.5050843089373624,
        "Mean square error": 0.4900295201416995,
        "Root mean square error": 0.7000210854979295,
        "Mean relative error": 0.6428850631109418,
        "Euclidean Distance": 120.98219595094324,
        "r2 score": 0.5056786065563006,
        "Execution Time": 1543.9328937530518
    }
}