{
    "dataset": "Report(Barbieri2023)",
    "gap_parameters": {
        "gap_type": "overlap",
        "perc": "0.0 %",
        "length": 6,
        "seed": 2025
    },
    "algorithm": "Saits",
    "algorithm_parameters": {
        "n_layers": 3,
        "d_model": 32,
        "d_ffn": 16,
        "n_heads": 2,
        "d_k": 16,
        "d_v": 128,
        "dropout": 0.2,
        "epochs": 100,
        "batch_size": 32,
        "ORT_weight": 1,
        "MIT_weight": 1,
        "attn_dropout": 0.4,
        "diagonal_attention_mask": false,
        "num_workers": 0,
        "patience": 10,
        "lr": 0.0007963406280958749,
        "device": "cuda"
    },
    "metrics": {
        "Missing value percentage": 5.44893762851268,
        "Missing value percentage between 4 and 9": 0.1366120218579235,
        "Mean absolute error": 0.18551621335990306,
        "Mean square error": 0.051288016677827494,
        "Root mean square error": 0.2264685776831468,
        "Mean relative error": 0.16314037057472805,
        "Euclidean Distance": 1.10946491619515,
        "r2 score": 0.8958537459122617,
        "Execution Time": 12.11264157295227
    },
    "vintage_score": {
        "original": {
            "Tmean_apr_sep": 21.284699453551912,
            "Tmin_aug_sep": 18.38196721311475,
            "prec_jun_sep": 132.3,
            "vintage_score": -10.593158555185312
        },
        "missing": {
            "Tmean_apr_sep": 21.287715267428382,
            "Tmin_aug_sep": 18.38196721311475,
            "prec_jun_sep": 132.3,
            "vintage_score": -10.612841775918639
        },
        "filled": {
            "Tmean_apr_sep": 21.28227111707379,
            "Tmin_aug_sep": 18.38196721311475,
            "prec_jun_sep": 132.20281953622592,
            "vintage_score": -10.576646287412842
        },
        "Deviation missing": 0.18581068744309906,
        "Deviation filled": 0.15587671690599703,
        "Improvement": 0.029933970537102034
    }
}