{
    "dataset": "Report(Barbieri2023)",
    "gap_parameters": {
        "gap_type": "overlap",
        "perc": "0.0 %",
        "length": 12,
        "seed": 2024
    },
    "algorithm": "Saits",
    "algorithm_parameters": {
        "n_layers": 3,
        "d_model": 32,
        "d_ffn": 16,
        "n_heads": 2,
        "d_k": 16,
        "d_v": 128,
        "dropout": 0.2,
        "epochs": 100,
        "batch_size": 32,
        "ORT_weight": 1,
        "MIT_weight": 1,
        "attn_dropout": 0.4,
        "diagonal_attention_mask": false,
        "num_workers": 0,
        "patience": 10,
        "lr": 0.0007963406280958749,
        "device": "cuda"
    },
    "metrics": {
        "Missing value percentage": 5.531185743660041,
        "Missing value percentage between 4 and 9": 0.273224043715847,
        "Mean absolute error": 0.11256300806125978,
        "Mean square error": 0.027032299213805094,
        "Root mean square error": 0.16441502125354937,
        "Mean relative error": 0.09535183117782643,
        "Euclidean Distance": 1.1391006813546691,
        "r2 score": 0.9517670239954471,
        "Execution Time": 12.367497205734253
    },
    "vintage_score": {
        "original": {
            "Tmean_apr_sep": 21.284699453551912,
            "Tmin_aug_sep": 18.38196721311475,
            "prec_jun_sep": 132.3,
            "vintage_score": -10.593158555185312
        },
        "missing": {
            "Tmean_apr_sep": 21.27645719489982,
            "Tmin_aug_sep": 18.38196721311475,
            "prec_jun_sep": 132.3,
            "vintage_score": -10.539427061973242
        },
        "filled": {
            "Tmean_apr_sep": 21.286777093769086,
            "Tmin_aug_sep": 18.38196721311475,
            "prec_jun_sep": 132.32809776316176,
            "vintage_score": -10.606911683248626
        },
        "Deviation missing": 0.5072282542751898,
        "Deviation filled": 0.12983028613861325,
        "Improvement": 0.37739796813657656
    }
}