{
    "dataset": "Report(Barbieri2023)",
    "gap_parameters": {
        "gap_type": "overlap",
        "perc": "0.0 %",
        "length": 3,
        "seed": 2025
    },
    "algorithm": "Saits",
    "algorithm_parameters": {
        "n_layers": 3,
        "d_model": 32,
        "d_ffn": 16,
        "n_heads": 2,
        "d_k": 16,
        "d_v": 128,
        "dropout": 0.2,
        "epochs": 100,
        "batch_size": 32,
        "ORT_weight": 1,
        "MIT_weight": 1,
        "attn_dropout": 0.4,
        "diagonal_attention_mask": false,
        "num_workers": 0,
        "patience": 10,
        "lr": 0.0007963406280958749,
        "device": "cuda"
    },
    "metrics": {
        "Missing value percentage": 5.407813570938999,
        "Missing value percentage between 4 and 9": 0.06830601092896176,
        "Mean absolute error": 0.08890628281109715,
        "Mean square error": 0.009031119741850646,
        "Root mean square error": 0.09503220370932501,
        "Mean relative error": 0.07038436528003643,
        "Euclidean Distance": 0.3292012103595866,
        "r2 score": 0.9843666249828886,
        "Execution Time": 12.39294719696045
    },
    "vintage_score": {
        "original": {
            "Tmean_apr_sep": 21.284699453551912,
            "Tmin_aug_sep": 18.38196721311475,
            "prec_jun_sep": 132.3,
            "vintage_score": -10.593158555185312
        },
        "missing": {
            "Tmean_apr_sep": 21.28511963901308,
            "Tmin_aug_sep": 18.38196721311475,
            "prec_jun_sep": 132.3,
            "vintage_score": -10.595900226311073
        },
        "filled": {
            "Tmean_apr_sep": 21.28459970291334,
            "Tmin_aug_sep": 18.38196721311475,
            "prec_jun_sep": 132.41816095541066,
            "vintage_score": -10.593325164234301
        },
        "Deviation missing": 0.02588152637835743,
        "Deviation filled": 0.0015727985956329883,
        "Improvement": 0.024308727782724443
    }
}