{
    "dataset": "Report(Barbieri2023)",
    "gap_parameters": {
        "gap_type": "overlap",
        "perc": "100.0 %",
        "length": 12,
        "seed": 2024
    },
    "algorithm": "Saits",
    "algorithm_parameters": {
        "n_layers": 3,
        "d_model": 32,
        "d_ffn": 16,
        "n_heads": 2,
        "d_k": 16,
        "d_v": 128,
        "dropout": 0.2,
        "epochs": 100,
        "batch_size": 32,
        "ORT_weight": 1,
        "MIT_weight": 1,
        "attn_dropout": 0.4,
        "diagonal_attention_mask": false,
        "num_workers": 0,
        "patience": 10,
        "lr": 0.0007963406280958749,
        "device": "cuda"
    },
    "metrics": {
        "Missing value percentage": 5.531185743660041,
        "Missing value percentage between 4 and 9": 0.273224043715847,
        "Mean absolute error": 0.10461568740499139,
        "Mean square error": 0.01933122154351861,
        "Root mean square error": 0.13903676328050293,
        "Mean relative error": 0.08861967653320156,
        "Euclidean Distance": 0.9632749524870419,
        "r2 score": 0.9655078416573954,
        "Execution Time": 12.593056201934814
    },
    "vintage_score": {
        "original": {
            "Tmean_apr_sep": 21.284699453551912,
            "Tmin_aug_sep": 18.38196721311475,
            "prec_jun_sep": 132.3,
            "vintage_score": -10.593158555185312
        },
        "missing": {
            "Tmean_apr_sep": 21.27645719489982,
            "Tmin_aug_sep": 18.38196721311475,
            "prec_jun_sep": 132.3,
            "vintage_score": -10.539427061973242
        },
        "filled": {
            "Tmean_apr_sep": 21.283697980709775,
            "Tmin_aug_sep": 18.38196721311475,
            "prec_jun_sep": 132.61588842538058,
            "vintage_score": -10.588810320717783
        },
        "Deviation missing": 0.5072282542751898,
        "Deviation filled": 0.041047572778940944,
        "Improvement": 0.46618068149624886
    }
}