{
    "dataset": "Report(Barbieri2023)",
    "gap_parameters": {
        "gap_type": "overlap",
        "perc": "100.0 %",
        "length": 3,
        "seed": 2023
    },
    "algorithm": "Saits",
    "algorithm_parameters": {
        "n_layers": 3,
        "d_model": 32,
        "d_ffn": 16,
        "n_heads": 2,
        "d_k": 16,
        "d_v": 128,
        "dropout": 0.2,
        "epochs": 100,
        "batch_size": 32,
        "ORT_weight": 1,
        "MIT_weight": 1,
        "attn_dropout": 0.4,
        "diagonal_attention_mask": false,
        "num_workers": 0,
        "patience": 10,
        "lr": 0.0007963406280958749,
        "device": "cuda"
    },
    "metrics": {
        "Missing value percentage": 5.407813570938999,
        "Missing value percentage between 4 and 9": 0.06830601092896176,
        "Mean absolute error": 0.08739383148219039,
        "Mean square error": 0.01332898153009867,
        "Root mean square error": 0.11545120843931721,
        "Mean relative error": 0.10913243752970245,
        "Euclidean Distance": 0.39993471762426097,
        "r2 score": 0.9445594158207415,
        "Execution Time": 12.452463388442993
    },
    "vintage_score": {
        "original": {
            "Tmean_apr_sep": 21.284699453551912,
            "Tmin_aug_sep": 18.38196721311475,
            "prec_jun_sep": 132.3,
            "vintage_score": -10.593158555185312
        },
        "missing": {
            "Tmean_apr_sep": 21.281430523028884,
            "Tmin_aug_sep": 18.38196721311475,
            "prec_jun_sep": 132.3,
            "vintage_score": -10.571837275373468
        },
        "filled": {
            "Tmean_apr_sep": 21.284214790491138,
            "Tmin_aug_sep": 18.38196721311475,
            "prec_jun_sep": 132.261485659455,
            "vintage_score": -10.589730029273312
        },
        "Deviation missing": 0.2012740553326912,
        "Deviation filled": 0.032365473377356964,
        "Improvement": 0.16890858195533423
    }
}