{
    "dataset": "Report(Barbieri2023)",
    "gap_parameters": {
        "gap_type": "overlap",
        "perc": "0.0 %",
        "length": 6,
        "seed": 2023
    },
    "algorithm": "Saits",
    "algorithm_parameters": {
        "n_layers": 3,
        "d_model": 32,
        "d_ffn": 16,
        "n_heads": 2,
        "d_k": 16,
        "d_v": 128,
        "dropout": 0.2,
        "epochs": 100,
        "batch_size": 32,
        "ORT_weight": 1,
        "MIT_weight": 1,
        "attn_dropout": 0.4,
        "diagonal_attention_mask": false,
        "num_workers": 0,
        "patience": 10,
        "lr": 0.0007963406280958749,
        "device": "cuda"
    },
    "metrics": {
        "Missing value percentage": 5.44893762851268,
        "Missing value percentage between 4 and 9": 0.1366120218579235,
        "Mean absolute error": 0.05086245611613624,
        "Mean square error": 0.0042141172975155294,
        "Root mean square error": 0.06491623292763937,
        "Mean relative error": 0.07296063526502673,
        "Euclidean Distance": 0.3180232933927591,
        "r2 score": 0.9798667139085778,
        "Execution Time": 12.565025806427002
    },
    "vintage_score": {
        "original": {
            "Tmean_apr_sep": 21.284699453551912,
            "Tmin_aug_sep": 18.38196721311475,
            "prec_jun_sep": 132.3,
            "vintage_score": -10.593158555185312
        },
        "missing": {
            "Tmean_apr_sep": 21.27895415907711,
            "Tmin_aug_sep": 18.38196721311475,
            "prec_jun_sep": 132.3,
            "vintage_score": -10.55569509398424
        },
        "filled": {
            "Tmean_apr_sep": 21.284051924988546,
            "Tmin_aug_sep": 18.38196721311475,
            "prec_jun_sep": 132.3300395000586,
            "vintage_score": -10.589141774128706
        },
        "Deviation missing": 0.35365713640463436,
        "Deviation filled": 0.03791863433064427,
        "Improvement": 0.3157385020739901
    }
}