{
    "dataset": "Report(Barbieri2023)",
    "gap_parameters": {
        "gap_type": "overlap",
        "perc": "50.0 %",
        "length": 24,
        "seed": 2023
    },
    "algorithm": "Saits",
    "algorithm_parameters": {
        "n_layers": 3,
        "d_model": 32,
        "d_ffn": 16,
        "n_heads": 2,
        "d_k": 16,
        "d_v": 128,
        "dropout": 0.2,
        "epochs": 100,
        "batch_size": 32,
        "ORT_weight": 1,
        "MIT_weight": 1,
        "attn_dropout": 0.4,
        "diagonal_attention_mask": false,
        "num_workers": 0,
        "patience": 10,
        "lr": 0.0007963406280958749,
        "device": "cuda"
    },
    "metrics": {
        "Missing value percentage": 5.6956819739547635,
        "Missing value percentage between 4 and 9": 0.546448087431694,
        "Mean absolute error": 0.07247472070703577,
        "Mean square error": 0.00955481002358156,
        "Root mean square error": 0.09774870855198835,
        "Mean relative error": 0.1827773480686715,
        "Euclidean Distance": 0.9577378358735961,
        "r2 score": 0.9527542410735844,
        "Execution Time": 12.281064510345459
    },
    "vintage_score": {
        "original": {
            "Tmean_apr_sep": 21.284699453551912,
            "Tmin_aug_sep": 18.38196721311475,
            "prec_jun_sep": 132.3,
            "vintage_score": -10.593158555185312
        },
        "missing": {
            "Tmean_apr_sep": 21.296205221615057,
            "Tmin_aug_sep": 18.5,
            "prec_jun_sep": 132.3,
            "vintage_score": -10.716582835392103
        },
        "filled": {
            "Tmean_apr_sep": 21.28633438730646,
            "Tmin_aug_sep": 18.378613524424964,
            "prec_jun_sep": 132.19886898954402,
            "vintage_score": -10.601756747033619
        },
        "Deviation missing": 1.1651320006569272,
        "Deviation filled": 0.0811674044480184,
        "Improvement": 1.0839645962089088
    }
}