{
    "dataset": "Report(Rebutti2023)",
    "gap_parameters": {
        "gap_type": "overlap",
        "perc": "0.0 %",
        "length": 3,
        "seed": 2024
    },
    "algorithm": "Autoformer",
    "algorithm_parameters": {
        "n_layers": 3,
        "d_model": 32,
        "d_ffn": 64,
        "n_heads": 3,
        "factor": 3,
        "moving_avg_window_size": 25,
        "dropout": 0.1,
        "epochs": 100,
        "batch_size": 32,
        "ORT_weight": 1,
        "MIT_weight": 1,
        "num_workers": 0,
        "patience": 10,
        "lr": 0.009559894962576391,
        "device": "cuda"
    },
    "metrics": {
        "Missing value percentage": 0.10281014393420151,
        "Missing value percentage between 4 and 9": 0.06830601092896176,
        "Mean absolute error": 0.4331230435084318,
        "Mean square error": 0.28861401136324843,
        "Root mean square error": 0.5372280813241694,
        "Mean relative error": 0.39005798804511915,
        "Euclidean Distance": 1.86101266421249,
        "r2 score": 0.40122839736851734,
        "Execution Time": 9.535468578338623
    },
    "vintage_score": {
        "original": {
            "Tmean_apr_sep": 20.91026867030965,
            "Tmin_aug_sep": 18.283606557377052,
            "prec_jun_sep": 120.3,
            "vintage_score": -8.122098331799663
        },
        "missing": {
            "Tmean_apr_sep": 20.909940150923756,
            "Tmin_aug_sep": 18.283606557377052,
            "prec_jun_sep": 120.3,
            "vintage_score": -8.120121984867723
        },
        "filled": {
            "Tmean_apr_sep": 20.906837007276117,
            "Tmin_aug_sep": 18.253657753755082,
            "prec_jun_sep": 120.30182243149724,
            "vintage_score": -8.089227487794233
        },
        "Deviation missing": 0.0243329599224654,
        "Deviation filled": 0.40470876690490093,
        "Improvement": -0.3803758069824355
    }
}