{
    "dataset": "Report(Rebutti2023)",
    "gap_parameters": {
        "gap_type": "overlap",
        "perc": "50.0 %",
        "length": 3,
        "seed": 2025
    },
    "algorithm": "Autoformer",
    "algorithm_parameters": {
        "n_layers": 3,
        "d_model": 32,
        "d_ffn": 64,
        "n_heads": 3,
        "factor": 3,
        "moving_avg_window_size": 25,
        "dropout": 0.1,
        "epochs": 100,
        "batch_size": 32,
        "ORT_weight": 1,
        "MIT_weight": 1,
        "num_workers": 0,
        "patience": 10,
        "lr": 0.009559894962576391,
        "device": "cuda"
    },
    "metrics": {
        "Missing value percentage": 0.10281014393420151,
        "Missing value percentage between 4 and 9": 0.06830601092896176,
        "Mean absolute error": 0.524361403634582,
        "Mean square error": 0.38548354221971026,
        "Root mean square error": 0.6208732094556104,
        "Mean relative error": 0.4269661726013974,
        "Euclidean Distance": 2.150767887671031,
        "r2 score": 0.29883642474745986,
        "Execution Time": 9.632339715957642
    },
    "vintage_score": {
        "original": {
            "Tmean_apr_sep": 20.91026867030965,
            "Tmin_aug_sep": 18.283606557377052,
            "prec_jun_sep": 120.3,
            "vintage_score": -8.122098331799663
        },
        "missing": {
            "Tmean_apr_sep": 20.911426362700418,
            "Tmin_aug_sep": 18.283606557377052,
            "prec_jun_sep": 120.3,
            "vintage_score": -8.129064086950137
        },
        "filled": {
            "Tmean_apr_sep": 20.905993205494326,
            "Tmin_aug_sep": 18.207368662558647,
            "prec_jun_sep": 120.30880114922826,
            "vintage_score": -8.065276139158414
        },
        "Deviation missing": 0.08576299948502669,
        "Deviation filled": 0.6995999102692304,
        "Improvement": -0.6138369107842037
    }
}