{
    "dataset": "Report(Rebutti2023)",
    "gap_parameters": {
        "gap_type": "overlap",
        "perc": "0.0 %",
        "length": 12,
        "seed": 2025
    },
    "algorithm": "Autoformer",
    "algorithm_parameters": {
        "n_layers": 3,
        "d_model": 32,
        "d_ffn": 64,
        "n_heads": 3,
        "factor": 3,
        "moving_avg_window_size": 25,
        "dropout": 0.1,
        "epochs": 100,
        "batch_size": 32,
        "ORT_weight": 1,
        "MIT_weight": 1,
        "num_workers": 0,
        "patience": 10,
        "lr": 0.009559894962576391,
        "device": "cuda"
    },
    "metrics": {
        "Missing value percentage": 0.22618231665524333,
        "Missing value percentage between 4 and 9": 0.273224043715847,
        "Mean absolute error": 0.815653702396972,
        "Mean square error": 1.0294184156245205,
        "Root mean square error": 1.0146025899949795,
        "Mean relative error": 0.7611878750674972,
        "Euclidean Distance": 7.029372941449188,
        "r2 score": -1.3372516170017974,
        "Execution Time": 9.793832540512085
    },
    "vintage_score": {
        "original": {
            "Tmean_apr_sep": 20.91026867030965,
            "Tmin_aug_sep": 18.283606557377052,
            "prec_jun_sep": 120.3,
            "vintage_score": -8.122098331799663
        },
        "missing": {
            "Tmean_apr_sep": 20.923507617155156,
            "Tmin_aug_sep": 18.324590163934428,
            "prec_jun_sep": 120.3,
            "vintage_score": -8.218622958597166
        },
        "filled": {
            "Tmean_apr_sep": 20.88550961283422,
            "Tmin_aug_sep": 17.93822657720172,
            "prec_jun_sep": 120.32326336462583,
            "vintage_score": -7.83249555205424
        },
        "Deviation missing": 1.1884198252019407,
        "Deviation filled": 3.565615287019719,
        "Improvement": -2.377195461817778
    }
}