{
    "dataset": "Report(Rebutti2023)",
    "gap_parameters": {
        "gap_type": "overlap",
        "perc": "50.0 %",
        "length": 48,
        "seed": 2025
    },
    "algorithm": "Autoformer",
    "algorithm_parameters": {
        "n_layers": 3,
        "d_model": 32,
        "d_ffn": 64,
        "n_heads": 3,
        "factor": 3,
        "moving_avg_window_size": 25,
        "dropout": 0.1,
        "epochs": 100,
        "batch_size": 32,
        "ORT_weight": 1,
        "MIT_weight": 1,
        "num_workers": 0,
        "patience": 10,
        "lr": 0.009559894962576391,
        "device": "cuda"
    },
    "metrics": {
        "Missing value percentage": 0.7196710075394106,
        "Missing value percentage between 4 and 9": 1.092896174863388,
        "Mean absolute error": 1.1560238582972298,
        "Mean square error": 1.9586850011606245,
        "Root mean square error": 1.3995302787580641,
        "Mean relative error": 0.9069044122728753,
        "Euclidean Distance": 19.392460396320054,
        "r2 score": -1.4534559769800008,
        "Execution Time": 7.952152729034424
    },
    "vintage_score": {
        "original": {
            "Tmean_apr_sep": 20.91026867030965,
            "Tmin_aug_sep": 18.283606557377052,
            "prec_jun_sep": 120.3,
            "vintage_score": -8.122098331799663
        },
        "missing": {
            "Tmean_apr_sep": 20.840417915417916,
            "Tmin_aug_sep": 18.15666666666667,
            "prec_jun_sep": 114.2,
            "vintage_score": -7.6110734787627905
        },
        "filled": {
            "Tmean_apr_sep": 20.779270374397026,
            "Tmin_aug_sep": 17.660216596468622,
            "prec_jun_sep": 114.1310103411767,
            "vintage_score": -7.0480643982984645
        },
        "Deviation missing": 6.291783627343025,
        "Deviation filled": 13.223601705191593,
        "Improvement": -6.931818077848567
    }
}