{
    "dataset": "Report(Rebutti2023)",
    "gap_parameters": {
        "gap_type": "overlap",
        "perc": "100.0 %",
        "length": 6,
        "seed": 2025
    },
    "algorithm": "Autoformer",
    "algorithm_parameters": {
        "n_layers": 3,
        "d_model": 32,
        "d_ffn": 64,
        "n_heads": 3,
        "factor": 3,
        "moving_avg_window_size": 25,
        "dropout": 0.1,
        "epochs": 100,
        "batch_size": 32,
        "ORT_weight": 1,
        "MIT_weight": 1,
        "num_workers": 0,
        "patience": 10,
        "lr": 0.009559894962576391,
        "device": "cuda"
    },
    "metrics": {
        "Missing value percentage": 0.1439342015078821,
        "Missing value percentage between 4 and 9": 0.1366120218579235,
        "Mean absolute error": 1.0118297053004348,
        "Mean square error": 1.4937565107808863,
        "Root mean square error": 1.2221933197251924,
        "Mean relative error": 0.8647843152833079,
        "Euclidean Distance": 5.987500000730084,
        "r2 score": -1.9519295421502476,
        "Execution Time": 9.895328521728516
    },
    "vintage_score": {
        "original": {
            "Tmean_apr_sep": 20.91026867030965,
            "Tmin_aug_sep": 18.283606557377052,
            "prec_jun_sep": 120.3,
            "vintage_score": -8.122098331799663
        },
        "missing": {
            "Tmean_apr_sep": 20.91334368272893,
            "Tmin_aug_sep": 18.283606557377052,
            "prec_jun_sep": 120.3,
            "vintage_score": -8.140604472364004
        },
        "filled": {
            "Tmean_apr_sep": 20.894664818060463,
            "Tmin_aug_sep": 17.915149391995865,
            "prec_jun_sep": 120.28613261451949,
            "vintage_score": -7.87763054994582
        },
        "Deviation missing": 0.22784925530740835,
        "Deviation filled": 3.00990916222599,
        "Improvement": -2.7820599069185814
    }
}