{
    "dataset": "Report(Rebutti2023)",
    "gap_parameters": {
        "gap_type": "overlap",
        "perc": "0.0 %",
        "length": 24,
        "seed": 2023
    },
    "algorithm": "Autoformer",
    "algorithm_parameters": {
        "n_layers": 3,
        "d_model": 32,
        "d_ffn": 64,
        "n_heads": 3,
        "factor": 3,
        "moving_avg_window_size": 25,
        "dropout": 0.1,
        "epochs": 100,
        "batch_size": 32,
        "ORT_weight": 1,
        "MIT_weight": 1,
        "num_workers": 0,
        "patience": 10,
        "lr": 0.009559894962576391,
        "device": "cuda"
    },
    "metrics": {
        "Missing value percentage": 0.39067854694996573,
        "Missing value percentage between 4 and 9": 0.546448087431694,
        "Mean absolute error": 0.22750430220030657,
        "Mean square error": 0.11965782461230805,
        "Root mean square error": 0.3459159213050305,
        "Mean relative error": 0.4879877818404146,
        "Euclidean Distance": 3.389270004408278,
        "r2 score": 0.5159376635120103,
        "Execution Time": 10.142293691635132
    },
    "vintage_score": {
        "original": {
            "Tmean_apr_sep": 20.91026867030965,
            "Tmin_aug_sep": 18.283606557377052,
            "prec_jun_sep": 120.3,
            "vintage_score": -8.122098331799663
        },
        "missing": {
            "Tmean_apr_sep": 20.9220415907711,
            "Tmin_aug_sep": 18.38688524590164,
            "prec_jun_sep": 120.3,
            "vintage_score": -8.23525069291594
        },
        "filled": {
            "Tmean_apr_sep": 20.908535708393078,
            "Tmin_aug_sep": 18.153735595017142,
            "prec_jun_sep": 120.26147333354669,
            "vintage_score": -8.058303857038709
        },
        "Deviation missing": 1.393141975064045,
        "Deviation filled": 0.7854432703823035,
        "Improvement": 0.6076987046817415
    }
}