{
    "dataset": "Report(Rebutti2023)",
    "gap_parameters": {
        "gap_type": "overlap",
        "perc": "50.0 %",
        "length": 12,
        "seed": 2023
    },
    "algorithm": "Autoformer",
    "algorithm_parameters": {
        "n_layers": 3,
        "d_model": 32,
        "d_ffn": 64,
        "n_heads": 3,
        "factor": 3,
        "moving_avg_window_size": 25,
        "dropout": 0.1,
        "epochs": 100,
        "batch_size": 32,
        "ORT_weight": 1,
        "MIT_weight": 1,
        "num_workers": 0,
        "patience": 10,
        "lr": 0.009559894962576391,
        "device": "cuda"
    },
    "metrics": {
        "Missing value percentage": 0.22618231665524333,
        "Missing value percentage between 4 and 9": 0.273224043715847,
        "Mean absolute error": 0.20845942578679558,
        "Mean square error": 0.0760156946501062,
        "Root mean square error": 0.2757094388121419,
        "Mean relative error": 0.3976702246361819,
        "Euclidean Distance": 1.910171024595749,
        "r2 score": 0.6581108103698539,
        "Execution Time": 9.721123218536377
    },
    "vintage_score": {
        "original": {
            "Tmean_apr_sep": 20.91026867030965,
            "Tmin_aug_sep": 18.283606557377052,
            "prec_jun_sep": 120.3,
            "vintage_score": -8.122098331799663
        },
        "missing": {
            "Tmean_apr_sep": 20.907825266718707,
            "Tmin_aug_sep": 18.283606557377052,
            "prec_jun_sep": 120.3,
            "vintage_score": -8.107402515639222
        },
        "filled": {
            "Tmean_apr_sep": 20.910256725304517,
            "Tmin_aug_sep": 18.272374218061113,
            "prec_jun_sep": 120.2944147816855,
            "vintage_score": -8.117394926928768
        },
        "Deviation missing": 0.18093620096795854,
        "Deviation filled": 0.05790874080507461,
        "Improvement": 0.12302746016288393
    }
}