{
    "dataset": "Report(Rebutti2023)",
    "gap_parameters": {
        "gap_type": "overlap",
        "perc": "100.0 %",
        "length": 48,
        "seed": 2023
    },
    "algorithm": "Autoformer",
    "algorithm_parameters": {
        "n_layers": 3,
        "d_model": 32,
        "d_ffn": 64,
        "n_heads": 3,
        "factor": 3,
        "moving_avg_window_size": 25,
        "dropout": 0.1,
        "epochs": 100,
        "batch_size": 32,
        "ORT_weight": 1,
        "MIT_weight": 1,
        "num_workers": 0,
        "patience": 10,
        "lr": 0.009559894962576391,
        "device": "cuda"
    },
    "metrics": {
        "Missing value percentage": 0.7196710075394106,
        "Missing value percentage between 4 and 9": 1.092896174863388,
        "Mean absolute error": 0.2062207029609489,
        "Mean square error": 0.08132821614108943,
        "Root mean square error": 0.28518102345894164,
        "Mean relative error": 0.394553311230257,
        "Euclidean Distance": 3.9515841758830406,
        "r2 score": 0.7031566748591235,
        "Execution Time": 9.471581220626831
    },
    "vintage_score": {
        "original": {
            "Tmean_apr_sep": 20.91026867030965,
            "Tmin_aug_sep": 18.283606557377052,
            "prec_jun_sep": 120.3,
            "vintage_score": -8.122098331799663
        },
        "missing": {
            "Tmean_apr_sep": 20.916042429792427,
            "Tmin_aug_sep": 18.445000000000004,
            "prec_jun_sep": 120.3,
            "vintage_score": -8.222850519237056
        },
        "filled": {
            "Tmean_apr_sep": 20.893652552789852,
            "Tmin_aug_sep": 18.209152438901505,
            "prec_jun_sep": 120.26876522456048,
            "vintage_score": -7.991660459414135
        },
        "Deviation missing": 1.2404699293399133,
        "Deviation filled": 1.6059627334827655,
        "Improvement": -0.36549280414285223
    }
}