{
    "dataset": "Report(Bertelegni2023)",
    "gap_parameters": {
        "gap_type": "overlap",
        "perc": "100.0 %",
        "length": 24,
        "seed": 2025
    },
    "algorithm": "TimesNet",
    "algorithm_parameters": {
        "n_layers": 3,
        "d_model": 128,
        "d_ffn": 16,
        "n_heads": 2,
        "top_k": 3,
        "n_kernels": 5,
        "dropout": 0.5,
        "epochs": 100,
        "batch_size": 32,
        "attn_dropout": 0.4,
        "apply_nonstationary_norm": false,
        "num_workers": 0,
        "patience": 10,
        "lr": 0.0026526059709556992,
        "device": "cuda"
    },
    "metrics": {
        "Missing value percentage": 1.7272104180945853,
        "Missing value percentage between 4 and 9": 0.546448087431694,
        "Mean absolute error": 0.3033004952369003,
        "Mean square error": 0.19049549697538118,
        "Root mean square error": 0.43645789828502496,
        "Mean relative error": 0.23955827982082248,
        "Euclidean Distance": 4.276396580023511,
        "r2 score": 0.7799630257972905,
        "Execution Time": 7.5357372760772705
    },
    "vintage_score": {
        "original": {
            "Tmean_apr_sep": 20.354001429188713,
            "Tmin_aug_sep": 16.15245901639344,
            "prec_jun_sep": 125.0,
            "vintage_score": -4.14670757438347
        },
        "missing": {
            "Tmean_apr_sep": 20.353955891848095,
            "Tmin_aug_sep": 16.277049180327868,
            "prec_jun_sep": 125.0,
            "vintage_score": -4.197412933990904
        },
        "filled": {
            "Tmean_apr_sep": 20.297909899218585,
            "Tmin_aug_sep": 16.189318438349936,
            "prec_jun_sep": 125.26519756780728,
            "vintage_score": -3.8706677236478697
        },
        "Deviation missing": 1.2227859982379665,
        "Deviation filled": 6.656843912525989,
        "Improvement": -5.434057914288022
    }
}