{
    "dataset": "Report(Bertelegni2023)",
    "gap_parameters": {
        "gap_type": "overlap",
        "perc": "100.0 %",
        "length": 3,
        "seed": 2023
    },
    "algorithm": "TimesNet",
    "algorithm_parameters": {
        "n_layers": 3,
        "d_model": 128,
        "d_ffn": 16,
        "n_heads": 2,
        "top_k": 3,
        "n_kernels": 5,
        "dropout": 0.5,
        "epochs": 100,
        "batch_size": 32,
        "attn_dropout": 0.4,
        "apply_nonstationary_norm": false,
        "num_workers": 0,
        "patience": 10,
        "lr": 0.0026526059709556992,
        "device": "cuda"
    },
    "metrics": {
        "Missing value percentage": 1.4393420150788212,
        "Missing value percentage between 4 and 9": 0.06830601092896176,
        "Mean absolute error": 0.09055745291687253,
        "Mean square error": 0.014796296645247273,
        "Root mean square error": 0.12164002895941481,
        "Mean relative error": 0.10180990709522934,
        "Euclidean Distance": 0.4213734207837296,
        "r2 score": 0.9504384191477729,
        "Execution Time": 7.051347732543945
    },
    "vintage_score": {
        "original": {
            "Tmean_apr_sep": 20.354001429188713,
            "Tmin_aug_sep": 16.15245901639344,
            "prec_jun_sep": 125.0,
            "vintage_score": -4.14670757438347
        },
        "missing": {
            "Tmean_apr_sep": 20.35013400790326,
            "Tmin_aug_sep": 16.15245901639344,
            "prec_jun_sep": 125.0,
            "vintage_score": -4.126372255730871
        },
        "filled": {
            "Tmean_apr_sep": 20.319515154191812,
            "Tmin_aug_sep": 16.15245901639344,
            "prec_jun_sep": 125.07058456436181,
            "vintage_score": -3.9665802978782665
        },
        "Deviation missing": 0.4903967373590888,
        "Deviation filled": 4.343862528863868,
        "Improvement": -3.853465791504779
    }
}