{
    "dataset": "Report(Bertelegni2023)",
    "gap_parameters": {
        "gap_type": "overlap",
        "perc": "50.0 %",
        "length": 24,
        "seed": 2024
    },
    "algorithm": "TimesNet",
    "algorithm_parameters": {
        "n_layers": 3,
        "d_model": 128,
        "d_ffn": 16,
        "n_heads": 2,
        "top_k": 3,
        "n_kernels": 5,
        "dropout": 0.5,
        "epochs": 100,
        "batch_size": 32,
        "attn_dropout": 0.4,
        "apply_nonstationary_norm": false,
        "num_workers": 0,
        "patience": 10,
        "lr": 0.0026526059709556992,
        "device": "cuda"
    },
    "metrics": {
        "Missing value percentage": 1.7272104180945853,
        "Missing value percentage between 4 and 9": 0.546448087431694,
        "Mean absolute error": 0.5262347847690886,
        "Mean square error": 4.1216814754897895,
        "Root mean square error": 2.0301924725231815,
        "Mean relative error": 0.3655276286049311,
        "Euclidean Distance": 19.89174254928471,
        "r2 score": 0.23873645797351795,
        "Execution Time": 7.497688293457031
    },
    "vintage_score": {
        "original": {
            "Tmean_apr_sep": 20.354001429188713,
            "Tmin_aug_sep": 16.15245901639344,
            "prec_jun_sep": 125.0,
            "vintage_score": -4.14670757438347
        },
        "missing": {
            "Tmean_apr_sep": 20.337084307148643,
            "Tmin_aug_sep": 16.15245901639344,
            "prec_jun_sep": 109.7,
            "vintage_score": -3.9520600186293393
        },
        "filled": {
            "Tmean_apr_sep": 20.29759473181871,
            "Tmin_aug_sep": 16.15245901639344,
            "prec_jun_sep": 114.78895535628665,
            "vintage_score": -3.7814873250233916
        },
        "Deviation missing": 4.694026580426777,
        "Deviation filled": 8.80747539605271,
        "Improvement": -4.113448815625934
    }
}