{
    "dataset": "Report(Bertelegni2023)",
    "gap_parameters": {
        "gap_type": "overlap",
        "perc": "0.0 %",
        "length": 3,
        "seed": 2024
    },
    "algorithm": "TimesNet",
    "algorithm_parameters": {
        "n_layers": 3,
        "d_model": 128,
        "d_ffn": 16,
        "n_heads": 2,
        "top_k": 3,
        "n_kernels": 5,
        "dropout": 0.5,
        "epochs": 100,
        "batch_size": 32,
        "attn_dropout": 0.4,
        "apply_nonstationary_norm": false,
        "num_workers": 0,
        "patience": 10,
        "lr": 0.0026526059709556992,
        "device": "cuda"
    },
    "metrics": {
        "Missing value percentage": 1.4393420150788212,
        "Missing value percentage between 4 and 9": 0.06830601092896176,
        "Mean absolute error": 0.2909541387438976,
        "Mean square error": 0.11740319205838132,
        "Root mean square error": 0.3426414920268433,
        "Mean relative error": 0.2254192569880711,
        "Euclidean Distance": 1.1869449459434473,
        "r2 score": 0.8128078448016102,
        "Execution Time": 7.462608098983765
    },
    "vintage_score": {
        "original": {
            "Tmean_apr_sep": 20.354001429188713,
            "Tmin_aug_sep": 16.15245901639344,
            "prec_jun_sep": 125.0,
            "vintage_score": -4.14670757438347
        },
        "missing": {
            "Tmean_apr_sep": 20.352632056302948,
            "Tmin_aug_sep": 16.15245901639344,
            "prec_jun_sep": 125.0,
            "vintage_score": -4.139504941214341
        },
        "filled": {
            "Tmean_apr_sep": 20.321023911106565,
            "Tmin_aug_sep": 16.15245901639344,
            "prec_jun_sep": 125.13380405219672,
            "vintage_score": -3.9748857059957743
        },
        "Deviation missing": 0.17369522783867733,
        "Deviation filled": 4.143573312213652,
        "Improvement": -3.969878084374975
    }
}