{
    "dataset": "Report(Bertelegni2023)",
    "gap_parameters": {
        "gap_type": "overlap",
        "perc": "100.0 %",
        "length": 48,
        "seed": 2025
    },
    "algorithm": "TimesNet",
    "algorithm_parameters": {
        "n_layers": 3,
        "d_model": 128,
        "d_ffn": 16,
        "n_heads": 2,
        "top_k": 3,
        "n_kernels": 5,
        "dropout": 0.5,
        "epochs": 100,
        "batch_size": 32,
        "attn_dropout": 0.4,
        "apply_nonstationary_norm": false,
        "num_workers": 0,
        "patience": 10,
        "lr": 0.0026526059709556992,
        "device": "cuda"
    },
    "metrics": {
        "Missing value percentage": 2.0562028786840303,
        "Missing value percentage between 4 and 9": 1.092896174863388,
        "Mean absolute error": 0.34080287283378563,
        "Mean square error": 0.20014496076978514,
        "Root mean square error": 0.44737563721081763,
        "Mean relative error": 0.2790576727992569,
        "Euclidean Distance": 6.199018669741119,
        "r2 score": 0.7338742198688012,
        "Execution Time": 7.17618203163147
    },
    "vintage_score": {
        "original": {
            "Tmean_apr_sep": 20.354001429188713,
            "Tmin_aug_sep": 16.15245901639344,
            "prec_jun_sep": 125.0,
            "vintage_score": -4.14670757438347
        },
        "missing": {
            "Tmean_apr_sep": 20.275245942535907,
            "Tmin_aug_sep": 16.081666666666663,
            "prec_jun_sep": 125.0,
            "vintage_score": -3.7076603686328724
        },
        "filled": {
            "Tmean_apr_sep": 20.275094331252923,
            "Tmin_aug_sep": 16.218421693816364,
            "prec_jun_sep": 123.69541265434682,
            "vintage_score": -3.7537730077816605
        },
        "Deviation missing": 10.587850671285272,
        "Deviation filled": 9.475820504662199,
        "Improvement": 1.1120301666230734
    }
}