{
    "dataset": "Report(Rebutti2023)",
    "gap_parameters": {
        "gap_type": "overlap",
        "perc": "0.0 %",
        "length": 12,
        "seed": 2024
    },
    "algorithm": "Naive",
    "algorithm_parameters": {},
    "metrics": {
        "Missing value percentage": 0.22618231665524333,
        "Missing value percentage between 4 and 9": 0.273224043715847,
        "Mean absolute error": 0.3812626032300985,
        "Mean square error": 0.230671910623824,
        "Root mean square error": 0.4802831567146864,
        "Mean relative error": 0.30944370019023915,
        "Euclidean Distance": 3.3274993177976437,
        "r2 score": 0.6077611133927219,
        "Execution Time": 0.2702913284301758
    },
    "vintage_score": {
        "original": {
            "Tmean_apr_sep": 20.91026867030965,
            "Tmin_aug_sep": 18.283606557377052,
            "prec_jun_sep": 120.3,
            "vintage_score": -8.122098331799663
        },
        "missing": {
            "Tmean_apr_sep": 20.900591985428047,
            "Tmin_aug_sep": 18.283606557377052,
            "prec_jun_sep": 120.3,
            "vintage_score": -8.063945574201085
        },
        "filled": {
            "Tmean_apr_sep": 20.898884335154825,
            "Tmin_aug_sep": 18.283606557377052,
            "prec_jun_sep": 120.3,
            "vintage_score": -8.053696522934587
        },
        "Deviation missing": 0.7159819448491231,
        "Deviation filled": 0.8421691793273298,
        "Improvement": -0.12618723447820668
    }
}