{
    "dataset": "Report(Rebutti2023)",
    "gap_parameters": {
        "gap_type": "overlap",
        "perc": "0.0 %",
        "length": 12,
        "seed": 2023
    },
    "algorithm": "Naive",
    "algorithm_parameters": {},
    "metrics": {
        "Missing value percentage": 0.22618231665524333,
        "Missing value percentage between 4 and 9": 0.273224043715847,
        "Mean absolute error": 0.11669181206942617,
        "Mean square error": 0.030881273140338242,
        "Root mean square error": 0.17573068354825871,
        "Mean relative error": 0.22260859130597896,
        "Euclidean Distance": 1.217497889417582,
        "r2 score": 0.8611079791180638,
        "Execution Time": 0.27831315994262695
    },
    "vintage_score": {
        "original": {
            "Tmean_apr_sep": 20.91026867030965,
            "Tmin_aug_sep": 18.283606557377052,
            "prec_jun_sep": 120.3,
            "vintage_score": -8.122098331799663
        },
        "missing": {
            "Tmean_apr_sep": 20.907825266718707,
            "Tmin_aug_sep": 18.283606557377052,
            "prec_jun_sep": 120.3,
            "vintage_score": -8.107402515639222
        },
        "filled": {
            "Tmean_apr_sep": 20.908082877959924,
            "Tmin_aug_sep": 18.283606557377052,
            "prec_jun_sep": 120.3,
            "vintage_score": -8.108951532452608
        },
        "Deviation missing": 0.18093620096795854,
        "Deviation filled": 0.16186456762758838,
        "Improvement": 0.019071633340370153
    }
}