{
    "dataset": "Report(Rebutti2023)",
    "gap_parameters": {
        "gap_type": "overlap",
        "perc": "0.0 %",
        "length": 48,
        "seed": 2024
    },
    "algorithm": "Naive",
    "algorithm_parameters": {},
    "metrics": {
        "Missing value percentage": 0.7196710075394106,
        "Missing value percentage between 4 and 9": 1.092896174863388,
        "Mean absolute error": 0.28034861913035714,
        "Mean square error": 0.15590201686099817,
        "Root mean square error": 0.3948442944516207,
        "Mean relative error": 0.37919771283635784,
        "Euclidean Distance": 5.4711230325511595,
        "r2 score": 0.6255944697858844,
        "Execution Time": 0.22600364685058594
    },
    "vintage_score": {
        "original": {
            "Tmean_apr_sep": 20.91026867030965,
            "Tmin_aug_sep": 18.283606557377052,
            "prec_jun_sep": 120.3,
            "vintage_score": -8.122098331799663
        },
        "missing": {
            "Tmean_apr_sep": 20.883550824175824,
            "Tmin_aug_sep": 18.281666666666673,
            "prec_jun_sep": 120.3,
            "vintage_score": -7.961051377554753
        },
        "filled": {
            "Tmean_apr_sep": 20.88007741347905,
            "Tmin_aug_sep": 18.259250585480093,
            "prec_jun_sep": 120.3,
            "vintage_score": -7.931123117105869
        },
        "Deviation missing": 1.9828244828602732,
        "Deviation filled": 2.351303898231404,
        "Improvement": -0.3684794153711308
    }
}