{
    "dataset": "Report(Torrevilla2023)",
    "gap_parameters": {
        "gap_type": "overlap",
        "perc": "0.0 %",
        "length": 6,
        "seed": 2023
    },
    "algorithm": "Saits",
    "algorithm_parameters": {
        "n_layers": 2,
        "d_model": 64,
        "d_ffn": 256,
        "n_heads": 1,
        "d_k": 64,
        "d_v": 64,
        "dropout": 0.3,
        "epochs": 100,
        "batch_size": 32,
        "ORT_weight": 1,
        "MIT_weight": 1,
        "attn_dropout": 0.4,
        "diagonal_attention_mask": true,
        "num_workers": 0,
        "patience": 10,
        "lr": 0.008610459441905952,
        "device": "cuda"
    },
    "metrics": {
        "Missing value percentage": 0.339273474982865,
        "Missing value percentage between 4 and 9": 0.1366120218579235,
        "Mean absolute error": 0.16601768254416763,
        "Mean square error": 0.03954040508712692,
        "Root mean square error": 0.19884769319035842,
        "Mean relative error": 0.22020304797887563,
        "Euclidean Distance": 0.9741507696917789,
        "r2 score": 0.838715498172203,
        "Execution Time": 10.538110256195068
    },
    "vintage_score": {
        "original": {
            "Tmean_apr_sep": 20.869581056466302,
            "Tmin_aug_sep": 17.044262295081968,
            "prec_jun_sep": 144.89999999999998,
            "vintage_score": -7.541854756514482
        },
        "missing": {
            "Tmean_apr_sep": 20.86311475409836,
            "Tmin_aug_sep": 17.044262295081968,
            "prec_jun_sep": 144.89999999999998,
            "vintage_score": -7.5033382235152715
        },
        "filled": {
            "Tmean_apr_sep": 20.872015487458484,
            "Tmin_aug_sep": 17.044262295081968,
            "prec_jun_sep": 144.91433528031848,
            "vintage_score": -7.556469330019354
        },
        "Deviation missing": 0.5107037226610713,
        "Deviation filled": 0.19377956718469294,
        "Improvement": 0.3169241554763784
    }
}