{
    "dataset": "Report(Torrevilla2023)",
    "gap_parameters": {
        "gap_type": "overlap",
        "perc": "100.0 %",
        "length": 48,
        "seed": 2025
    },
    "algorithm": "Saits",
    "algorithm_parameters": {
        "n_layers": 2,
        "d_model": 64,
        "d_ffn": 256,
        "n_heads": 1,
        "d_k": 64,
        "d_v": 64,
        "dropout": 0.3,
        "epochs": 100,
        "batch_size": 32,
        "ORT_weight": 1,
        "MIT_weight": 1,
        "attn_dropout": 0.4,
        "diagonal_attention_mask": true,
        "num_workers": 0,
        "patience": 10,
        "lr": 0.008610459441905952,
        "device": "cuda"
    },
    "metrics": {
        "Missing value percentage": 0.9150102810143934,
        "Missing value percentage between 4 and 9": 1.092896174863388,
        "Mean absolute error": 0.1072733170923048,
        "Mean square error": 0.02153819085903108,
        "Root mean square error": 0.1467589549534579,
        "Mean relative error": 0.09400502831822453,
        "Euclidean Distance": 2.0335517315608147,
        "r2 score": 0.966547700175233,
        "Execution Time": 14.343323707580566
    },
    "vintage_score": {
        "original": {
            "Tmean_apr_sep": 20.869581056466302,
            "Tmin_aug_sep": 17.044262295081968,
            "prec_jun_sep": 144.89999999999998,
            "vintage_score": -7.541854756514482
        },
        "missing": {
            "Tmean_apr_sep": 20.8014319014319,
            "Tmin_aug_sep": 16.973333333333336,
            "prec_jun_sep": 144.89999999999998,
            "vintage_score": -7.1097756987421405
        },
        "filled": {
            "Tmean_apr_sep": 20.87375845167029,
            "Tmin_aug_sep": 17.07774744054834,
            "prec_jun_sep": 144.45555658496193,
            "vintage_score": -7.577385019715507
        },
        "Deviation missing": 5.729082191607064,
        "Deviation filled": 0.47110776258764203,
        "Improvement": 5.257974429019422
    }
}