{
    "dataset": "Report(Torrevilla2023)",
    "gap_parameters": {
        "gap_type": "overlap",
        "perc": "100.0 %",
        "length": 24,
        "seed": 2025
    },
    "algorithm": "Saits",
    "algorithm_parameters": {
        "n_layers": 2,
        "d_model": 64,
        "d_ffn": 256,
        "n_heads": 1,
        "d_k": 64,
        "d_v": 64,
        "dropout": 0.3,
        "epochs": 100,
        "batch_size": 32,
        "ORT_weight": 1,
        "MIT_weight": 1,
        "attn_dropout": 0.4,
        "diagonal_attention_mask": true,
        "num_workers": 0,
        "patience": 10,
        "lr": 0.008610459441905952,
        "device": "cuda"
    },
    "metrics": {
        "Missing value percentage": 0.5860178204249485,
        "Missing value percentage between 4 and 9": 0.546448087431694,
        "Mean absolute error": 0.12046106842757838,
        "Mean square error": 0.025732409008046346,
        "Root mean square error": 0.16041324449074132,
        "Mean relative error": 0.0967020473508126,
        "Euclidean Distance": 1.5717223879465718,
        "r2 score": 0.9676261065543514,
        "Execution Time": 13.84716248512268
    },
    "vintage_score": {
        "original": {
            "Tmean_apr_sep": 20.869581056466302,
            "Tmin_aug_sep": 17.044262295081968,
            "prec_jun_sep": 144.89999999999998,
            "vintage_score": -7.541854756514482
        },
        "missing": {
            "Tmean_apr_sep": 20.86091861235304,
            "Tmin_aug_sep": 17.114754098360656,
            "prec_jun_sep": 144.89999999999998,
            "vintage_score": -7.519093919835285
        },
        "filled": {
            "Tmean_apr_sep": 20.872807168507308,
            "Tmin_aug_sep": 17.08438290700683,
            "prec_jun_sep": 144.78394806612636,
            "vintage_score": -7.5766947968186
        },
        "Deviation missing": 0.3017936225772133,
        "Deviation filled": 0.461955864027005,
        "Improvement": -0.1601622414497917
    }
}