{
    "dataset": "Report(Torrevilla2023)",
    "gap_parameters": {
        "gap_type": "overlap",
        "perc": "0.0 %",
        "length": 6,
        "seed": 2023
    },
    "algorithm": "SoftImpute",
    "algorithm_parameters": {
        "max_rank": 2
    },
    "metrics": {
        "Missing value percentage": 0.339273474982865,
        "Missing value percentage between 4 and 9": 0.1366120218579235,
        "Mean absolute error": 0.050544183873449146,
        "Mean square error": 0.004073404530356858,
        "Root mean square error": 0.06382322876787776,
        "Mean relative error": 0.06704095115637573,
        "Euclidean Distance": 0.31266868843644813,
        "r2 score": 0.983384666419728,
        "Execution Time": 0.3440670967102051
    },
    "vintage_score": {
        "original": {
            "Tmean_apr_sep": 20.869581056466302,
            "Tmin_aug_sep": 17.044262295081968,
            "prec_jun_sep": 144.89999999999998,
            "vintage_score": -7.541854756514482
        },
        "missing": {
            "Tmean_apr_sep": 20.86311475409836,
            "Tmin_aug_sep": 17.044262295081968,
            "prec_jun_sep": 144.89999999999998,
            "vintage_score": -7.5033382235152715
        },
        "filled": {
            "Tmean_apr_sep": 20.86886694154094,
            "Tmin_aug_sep": 17.044262295081968,
            "prec_jun_sep": 144.87895440184568,
            "vintage_score": -7.537452748044473
        },
        "Deviation missing": 0.5107037226610713,
        "Deviation filled": 0.05836771738685398,
        "Improvement": 0.45233600527421736
    }
}