{
    "dataset": "Report(Torrevilla2023)",
    "gap_parameters": {
        "gap_type": "overlap",
        "perc": "50.0 %",
        "length": 3,
        "seed": 2024
    },
    "algorithm": "SoftImpute",
    "algorithm_parameters": {
        "max_rank": 2
    },
    "metrics": {
        "Missing value percentage": 0.2981494174091844,
        "Missing value percentage between 4 and 9": 0.06830601092896176,
        "Mean absolute error": 0.04293120441724119,
        "Mean square error": 0.0031562939200641487,
        "Root mean square error": 0.05618090351769139,
        "Mean relative error": 0.03763294626412007,
        "Euclidean Distance": 0.19461635861554122,
        "r2 score": 0.9933865870088191,
        "Execution Time": 0.2930335998535156
    },
    "vintage_score": {
        "original": {
            "Tmean_apr_sep": 20.869581056466302,
            "Tmin_aug_sep": 17.044262295081968,
            "prec_jun_sep": 144.89999999999998,
            "vintage_score": -7.541854756514482
        },
        "missing": {
            "Tmean_apr_sep": 20.86843937028363,
            "Tmin_aug_sep": 17.044262295081968,
            "prec_jun_sep": 144.89999999999998,
            "vintage_score": -7.535050174578799
        },
        "filled": {
            "Tmean_apr_sep": 20.869510417006904,
            "Tmin_aug_sep": 17.044262295081968,
            "prec_jun_sep": 144.89984061637193,
            "vintage_score": -7.541432583163669
        },
        "Deviation missing": 0.09022425060367173,
        "Deviation filled": 0.0055977390766975225,
        "Improvement": 0.0846265115269742
    }
}