{
    "dataset": "Report(Torrevilla2023)",
    "gap_parameters": {
        "gap_type": "overlap",
        "perc": "100.0 %",
        "length": 3,
        "seed": 2024
    },
    "algorithm": "SoftImpute",
    "algorithm_parameters": {
        "max_rank": 2
    },
    "metrics": {
        "Missing value percentage": 0.2981494174091844,
        "Missing value percentage between 4 and 9": 0.06830601092896176,
        "Mean absolute error": 0.04299145653711918,
        "Mean square error": 0.003156421989726743,
        "Root mean square error": 0.05618204330323651,
        "Mean relative error": 0.037685762503972806,
        "Euclidean Distance": 0.19462030694848897,
        "r2 score": 0.993386318663224,
        "Execution Time": 0.28044557571411133
    },
    "vintage_score": {
        "original": {
            "Tmean_apr_sep": 20.869581056466302,
            "Tmin_aug_sep": 17.044262295081968,
            "prec_jun_sep": 144.89999999999998,
            "vintage_score": -7.541854756514482
        },
        "missing": {
            "Tmean_apr_sep": 20.86843937028363,
            "Tmin_aug_sep": 17.044262295081968,
            "prec_jun_sep": 144.89999999999998,
            "vintage_score": -7.535050174578799
        },
        "filled": {
            "Tmean_apr_sep": 20.869510413426795,
            "Tmin_aug_sep": 17.044262295081968,
            "prec_jun_sep": 144.8994168816741,
            "vintage_score": -7.541429630426705
        },
        "Deviation missing": 0.09022425060367173,
        "Deviation filled": 0.005636890413586227,
        "Improvement": 0.0845873601900855
    }
}