{
    "dataset": "Report(Torrevilla2023)",
    "gap_parameters": {
        "gap_type": "overlap",
        "perc": "100.0 %",
        "length": 3,
        "seed": 2025
    },
    "algorithm": "SoftImpute",
    "algorithm_parameters": {
        "max_rank": 2
    },
    "metrics": {
        "Missing value percentage": 0.2981494174091844,
        "Missing value percentage between 4 and 9": 0.06830601092896176,
        "Mean absolute error": 0.04935465991573106,
        "Mean square error": 0.004408190134058238,
        "Root mean square error": 0.06639420256361422,
        "Mean relative error": 0.04359657221862392,
        "Euclidean Distance": 0.22999626433640888,
        "r2 score": 0.9906662294715026,
        "Execution Time": 0.2821516990661621
    },
    "vintage_score": {
        "original": {
            "Tmean_apr_sep": 20.869581056466302,
            "Tmin_aug_sep": 17.044262295081968,
            "prec_jun_sep": 144.89999999999998,
            "vintage_score": -7.541854756514482
        },
        "missing": {
            "Tmean_apr_sep": 20.87050521249559,
            "Tmin_aug_sep": 17.044262295081968,
            "prec_jun_sep": 144.89999999999998,
            "vintage_score": -7.547364129850763
        },
        "filled": {
            "Tmean_apr_sep": 20.869483786624258,
            "Tmin_aug_sep": 17.044262295081968,
            "prec_jun_sep": 144.8898254852683,
            "vintage_score": -7.5412045607125435
        },
        "Deviation missing": 0.0730506422378675,
        "Deviation filled": 0.008621165786530905,
        "Improvement": 0.06442947645133659
    }
}