{
    "dataset": "Report(Torrevilla2023)",
    "gap_parameters": {
        "gap_type": "overlap",
        "perc": "100.0 %",
        "length": 12,
        "seed": 2024
    },
    "algorithm": "SoftImpute",
    "algorithm_parameters": {
        "max_rank": 2
    },
    "metrics": {
        "Missing value percentage": 0.42152159013022616,
        "Missing value percentage between 4 and 9": 0.273224043715847,
        "Mean absolute error": 0.08188266610032684,
        "Mean square error": 0.014784615878868503,
        "Root mean square error": 0.12159200581809851,
        "Mean relative error": 0.0695135081198343,
        "Euclidean Distance": 0.8424141274846374,
        "r2 score": 0.973436586948975,
        "Execution Time": 0.3738069534301758
    },
    "vintage_score": {
        "original": {
            "Tmean_apr_sep": 20.869581056466302,
            "Tmin_aug_sep": 17.044262295081968,
            "prec_jun_sep": 144.89999999999998,
            "vintage_score": -7.541854756514482
        },
        "missing": {
            "Tmean_apr_sep": 20.85922131147541,
            "Tmin_aug_sep": 17.044262295081968,
            "prec_jun_sep": 144.89999999999998,
            "vintage_score": -7.480174318273072
        },
        "filled": {
            "Tmean_apr_sep": 20.870947749311092,
            "Tmin_aug_sep": 17.044262295081968,
            "prec_jun_sep": 144.89905520969972,
            "vintage_score": -7.549996195905152
        },
        "Deviation missing": 0.8178417674794396,
        "Deviation filled": 0.10795009521546955,
        "Improvement": 0.7098916722639701
    }
}