{
    "dataset": "Report(Torrevilla2023)",
    "gap_parameters": {
        "gap_type": "overlap",
        "perc": "50.0 %",
        "length": 6,
        "seed": 2025
    },
    "algorithm": "SoftImpute",
    "algorithm_parameters": {
        "max_rank": 2
    },
    "metrics": {
        "Missing value percentage": 0.339273474982865,
        "Missing value percentage between 4 and 9": 0.1366120218579235,
        "Mean absolute error": 0.08674255588825551,
        "Mean square error": 0.01449783744966243,
        "Root mean square error": 0.12040696595156955,
        "Mean relative error": 0.0888654752641989,
        "Euclidean Distance": 0.5898712561160382,
        "r2 score": 0.962866859889087,
        "Execution Time": 0.24776315689086914
    },
    "vintage_score": {
        "original": {
            "Tmean_apr_sep": 20.869581056466302,
            "Tmin_aug_sep": 17.044262295081968,
            "prec_jun_sep": 144.89999999999998,
            "vintage_score": -7.541854756514482
        },
        "missing": {
            "Tmean_apr_sep": 20.874607136943204,
            "Tmin_aug_sep": 17.044262295081968,
            "prec_jun_sep": 144.89999999999998,
            "vintage_score": -7.571831827318164
        },
        "filled": {
            "Tmean_apr_sep": 20.870482825004146,
            "Tmin_aug_sep": 17.044262295081968,
            "prec_jun_sep": 144.8738465570722,
            "vintage_score": -7.547049723178532
        },
        "Deviation missing": 0.39747610861622884,
        "Deviation filled": 0.06888181795813984,
        "Improvement": 0.328594290658089
    }
}