{
    "dataset": "Report(Torrevilla2023)",
    "gap_parameters": {
        "gap_type": "overlap",
        "perc": "0.0 %",
        "length": 6,
        "seed": 2024
    },
    "algorithm": "SoftImpute",
    "algorithm_parameters": {
        "max_rank": 2
    },
    "metrics": {
        "Missing value percentage": 0.339273474982865,
        "Missing value percentage between 4 and 9": 0.1366120218579235,
        "Mean absolute error": 0.04645141580076993,
        "Mean square error": 0.0037666445589159343,
        "Root mean square error": 0.06137299535557911,
        "Mean relative error": 0.037337482341798414,
        "Euclidean Distance": 0.3006650452147476,
        "r2 score": 0.9934516055280431,
        "Execution Time": 0.3173661231994629
    },
    "vintage_score": {
        "original": {
            "Tmean_apr_sep": 20.869581056466302,
            "Tmin_aug_sep": 17.044262295081968,
            "prec_jun_sep": 144.89999999999998,
            "vintage_score": -7.541854756514482
        },
        "missing": {
            "Tmean_apr_sep": 20.864609896782028,
            "Tmin_aug_sep": 17.044262295081968,
            "prec_jun_sep": 144.89999999999998,
            "vintage_score": -7.5122389948607236
        },
        "filled": {
            "Tmean_apr_sep": 20.86984107606676,
            "Tmin_aug_sep": 17.044262295081968,
            "prec_jun_sep": 144.899399029572,
            "vintage_score": -7.543400593423939
        },
        "Deviation missing": 0.3926853885402266,
        "Deviation filled": 0.02049677379589102,
        "Improvement": 0.37218861474433557
    }
}