{
    "dataset": "Report(Torrevilla2023)",
    "gap_parameters": {
        "gap_type": "overlap",
        "perc": "0.0 %",
        "length": 12,
        "seed": 2024
    },
    "algorithm": "SoftImpute",
    "algorithm_parameters": {
        "max_rank": 2
    },
    "metrics": {
        "Missing value percentage": 0.42152159013022616,
        "Missing value percentage between 4 and 9": 0.273224043715847,
        "Mean absolute error": 0.08215882871158108,
        "Mean square error": 0.014792189371766736,
        "Root mean square error": 0.12162314488520158,
        "Mean relative error": 0.06974795373371179,
        "Euclidean Distance": 0.8426298652699288,
        "r2 score": 0.9734229797087367,
        "Execution Time": 0.2823348045349121
    },
    "vintage_score": {
        "original": {
            "Tmean_apr_sep": 20.869581056466302,
            "Tmin_aug_sep": 17.044262295081968,
            "prec_jun_sep": 144.89999999999998,
            "vintage_score": -7.541854756514482
        },
        "missing": {
            "Tmean_apr_sep": 20.85922131147541,
            "Tmin_aug_sep": 17.044262295081968,
            "prec_jun_sep": 144.89999999999998,
            "vintage_score": -7.480174318273072
        },
        "filled": {
            "Tmean_apr_sep": 20.87095367773973,
            "Tmin_aug_sep": 17.044262295081968,
            "prec_jun_sep": 144.88865671953062,
            "vintage_score": -7.549959608894426
        },
        "Deviation missing": 0.8178417674794396,
        "Deviation filled": 0.10746497568045928,
        "Improvement": 0.7103767917989803
    }
}