{
    "dataset": "Report(Torrevilla2023)",
    "gap_parameters": {
        "gap_type": "overlap",
        "perc": "0.0 %",
        "length": 3,
        "seed": 2025
    },
    "algorithm": "SoftImpute",
    "algorithm_parameters": {
        "max_rank": 2
    },
    "metrics": {
        "Missing value percentage": 0.2981494174091844,
        "Missing value percentage between 4 and 9": 0.06830601092896176,
        "Mean absolute error": 0.049875651462164446,
        "Mean square error": 0.004413491861379517,
        "Root mean square error": 0.06643411669751857,
        "Mean relative error": 0.044056780953080944,
        "Euclidean Distance": 0.23013453095213374,
        "r2 score": 0.9906550037519405,
        "Execution Time": 0.2791292667388916
    },
    "vintage_score": {
        "original": {
            "Tmean_apr_sep": 20.869581056466302,
            "Tmin_aug_sep": 17.044262295081968,
            "prec_jun_sep": 144.89999999999998,
            "vintage_score": -7.541854756514482
        },
        "missing": {
            "Tmean_apr_sep": 20.87050521249559,
            "Tmin_aug_sep": 17.044262295081968,
            "prec_jun_sep": 144.89999999999998,
            "vintage_score": -7.547364129850763
        },
        "filled": {
            "Tmean_apr_sep": 20.869485236313505,
            "Tmin_aug_sep": 17.044262295081968,
            "prec_jun_sep": 144.88597110147316,
            "vintage_score": -7.541186537335136
        },
        "Deviation missing": 0.0730506422378675,
        "Deviation filled": 0.008860143836218862,
        "Improvement": 0.06419049840164864
    }
}