{
    "dataset": "Report(Bertelegni2023)",
    "gap_parameters": {
        "gap_type": "overlap",
        "perc": "0.0 %",
        "length": 12,
        "seed": 2024
    },
    "algorithm": "DynaMMo",
    "algorithm_parameters": {
        "H": 8,
        "max_iter": 100,
        "fast": false
    },
    "metrics": {
        "Missing value percentage": 1.562714187799863,
        "Missing value percentage between 4 and 9": 0.273224043715847,
        "Mean absolute error": 0.11330105278527451,
        "Mean square error": 0.02166216414423523,
        "Root mean square error": 0.14718071933590768,
        "Mean relative error": 0.08154578776844183,
        "Euclidean Distance": 1.0196979351373194,
        "r2 score": 0.9708889869585741,
        "Execution Time": 27.123456478118896
    },
    "vintage_score": {
        "original": {
            "Tmean_apr_sep": 20.354001429188713,
            "Tmin_aug_sep": 16.15245901639344,
            "prec_jun_sep": 125.0,
            "vintage_score": -4.14670757438347
        },
        "missing": {
            "Tmean_apr_sep": 20.33799505396103,
            "Tmin_aug_sep": 16.15245901639344,
            "prec_jun_sep": 125.0,
            "vintage_score": -4.0626762555019695
        },
        "filled": {
            "Tmean_apr_sep": 20.308133001593976,
            "Tmin_aug_sep": 16.15245901639344,
            "prec_jun_sep": 125.01560159231602,
            "vintage_score": -3.9069424690279675
        },
        "Deviation missing": 2.0264587597304597,
        "Deviation filled": 5.782059647433675,
        "Improvement": -3.755600887703215
    }
}