{
    "dataset": "Report(Bertelegni2023)",
    "gap_parameters": {
        "gap_type": "overlap",
        "perc": "50.0 %",
        "length": 6,
        "seed": 2023
    },
    "algorithm": "DynaMMo",
    "algorithm_parameters": {
        "H": 8,
        "max_iter": 100,
        "fast": false
    },
    "metrics": {
        "Missing value percentage": 1.4804660726525016,
        "Missing value percentage between 4 and 9": 0.1366120218579235,
        "Mean absolute error": 0.0725578093461987,
        "Mean square error": 0.008841712535353733,
        "Root mean square error": 0.09403038091677463,
        "Mean relative error": 0.09718735477510346,
        "Euclidean Distance": 0.4606529071312786,
        "r2 score": 0.9652902516503798,
        "Execution Time": 27.146955966949463
    },
    "vintage_score": {
        "original": {
            "Tmean_apr_sep": 20.354001429188713,
            "Tmin_aug_sep": 16.15245901639344,
            "prec_jun_sep": 125.0,
            "vintage_score": -4.14670757438347
        },
        "missing": {
            "Tmean_apr_sep": 20.347952552443118,
            "Tmin_aug_sep": 16.15245901639344,
            "prec_jun_sep": 125.0,
            "vintage_score": -4.1149108870538385
        },
        "filled": {
            "Tmean_apr_sep": 20.309358765926426,
            "Tmin_aug_sep": 16.15245901639344,
            "prec_jun_sep": 125.06682850845579,
            "vintage_score": -3.91366994502485
        },
        "Deviation missing": 0.7667935768139831,
        "Deviation filled": 5.619823080803274,
        "Improvement": -4.853029503989291
    }
}