{
    "dataset": "Report(Bertelegni2023)",
    "gap_parameters": {
        "gap_type": "overlap",
        "perc": "50.0 %",
        "length": 48,
        "seed": 2024
    },
    "algorithm": "DynaMMo",
    "algorithm_parameters": {
        "H": 8,
        "max_iter": 100,
        "fast": false
    },
    "metrics": {
        "Missing value percentage": 2.0562028786840303,
        "Missing value percentage between 4 and 9": 1.092896174863388,
        "Mean absolute error": 0.4407283717235929,
        "Mean square error": 2.6179622493178596,
        "Root mean square error": 1.6180118198943603,
        "Mean relative error": 0.2711823188791982,
        "Euclidean Distance": 22.419829434432188,
        "r2 score": 0.7491818371129977,
        "Execution Time": 27.323888301849365
    },
    "vintage_score": {
        "original": {
            "Tmean_apr_sep": 20.354001429188713,
            "Tmin_aug_sep": 16.15245901639344,
            "prec_jun_sep": 125.0,
            "vintage_score": -4.14670757438347
        },
        "missing": {
            "Tmean_apr_sep": 20.317645209935172,
            "Tmin_aug_sep": 16.10833333333333,
            "prec_jun_sep": 48.599999999999994,
            "vintage_score": -3.409766470999159
        },
        "filled": {
            "Tmean_apr_sep": 20.304152282666138,
            "Tmin_aug_sep": 16.13224496333615,
            "prec_jun_sep": 103.28024376325473,
            "vintage_score": -3.727628949910155
        },
        "Deviation missing": 17.77171623909069,
        "Deviation filled": 10.106297995600114,
        "Improvement": 7.665418243490576
    }
}