{
    "dataset": "Report(Bertelegni2023)",
    "gap_parameters": {
        "gap_type": "overlap",
        "perc": "100.0 %",
        "length": 3,
        "seed": 2025
    },
    "algorithm": "DynaMMo",
    "algorithm_parameters": {
        "H": 8,
        "max_iter": 100,
        "fast": false
    },
    "metrics": {
        "Missing value percentage": 1.4393420150788212,
        "Missing value percentage between 4 and 9": 0.06830601092896176,
        "Mean absolute error": 0.0420103826067318,
        "Mean square error": 0.0026759337041233865,
        "Root mean square error": 0.05172942783487351,
        "Mean relative error": 0.0417416763711212,
        "Euclidean Distance": 0.17919599451294474,
        "r2 score": 0.9929343710717525,
        "Execution Time": 27.372851133346558
    },
    "vintage_score": {
        "original": {
            "Tmean_apr_sep": 20.354001429188713,
            "Tmin_aug_sep": 16.15245901639344,
            "prec_jun_sep": 125.0,
            "vintage_score": -4.14670757438347
        },
        "missing": {
            "Tmean_apr_sep": 20.356307994485302,
            "Tmin_aug_sep": 16.15245901639344,
            "prec_jun_sep": 125.0,
            "vintage_score": -4.158845413171321
        },
        "filled": {
            "Tmean_apr_sep": 20.310765373749767,
            "Tmin_aug_sep": 16.15245901639344,
            "prec_jun_sep": 125.01214851104758,
            "vintage_score": -3.920607526524009
        },
        "Deviation missing": 0.29271026640106024,
        "Deviation filled": 5.452519711209138,
        "Improvement": -5.1598094448080785
    }
}