{
    "dataset": "Report(Bertelegni2023)",
    "gap_parameters": {
        "gap_type": "overlap",
        "perc": "100.0 %",
        "length": 6,
        "seed": 2024
    },
    "algorithm": "DynaMMo",
    "algorithm_parameters": {
        "H": 8,
        "max_iter": 100,
        "fast": false
    },
    "metrics": {
        "Missing value percentage": 1.4804660726525016,
        "Missing value percentage between 4 and 9": 0.1366120218579235,
        "Mean absolute error": 0.15920085377474055,
        "Mean square error": 0.036175732539592095,
        "Root mean square error": 0.19019919174274136,
        "Mean relative error": 0.11013863209973529,
        "Euclidean Distance": 0.9317819385190113,
        "r2 score": 0.95465960692099,
        "Execution Time": 27.17316174507141
    },
    "vintage_score": {
        "original": {
            "Tmean_apr_sep": 20.354001429188713,
            "Tmin_aug_sep": 16.15245901639344,
            "prec_jun_sep": 125.0,
            "vintage_score": -4.14670757438347
        },
        "missing": {
            "Tmean_apr_sep": 20.347588253718165,
            "Tmin_aug_sep": 16.15245901639344,
            "prec_jun_sep": 125.0,
            "vintage_score": -4.112997490985549
        },
        "filled": {
            "Tmean_apr_sep": 20.3081529722842,
            "Tmin_aug_sep": 16.15245901639344,
            "prec_jun_sep": 125.01055025366821,
            "vintage_score": -3.9070113406650933
        },
        "Deviation missing": 0.8129361136089441,
        "Deviation filled": 5.780398772247992,
        "Improvement": -4.967462658639048
    }
}