{
    "dataset": "Report(Barbieri2023)",
    "gap_parameters": {
        "gap_type": "overlap",
        "perc": "50.0 %",
        "length": 6,
        "seed": 2025
    },
    "algorithm": "DynaMMo",
    "algorithm_parameters": {
        "H": 9,
        "max_iter": 100,
        "fast": false
    },
    "metrics": {
        "Missing value percentage": 5.44893762851268,
        "Missing value percentage between 4 and 9": 0.1366120218579235,
        "Mean absolute error": 0.03610201008837508,
        "Mean square error": 0.00172553504803999,
        "Root mean square error": 0.04153956003666854,
        "Mean relative error": 0.031747604145434025,
        "Euclidean Distance": 0.20350145245909546,
        "r2 score": 0.996496101366537,
        "Execution Time": 28.194112539291382
    },
    "vintage_score": {
        "original": {
            "Tmean_apr_sep": 21.284699453551912,
            "Tmin_aug_sep": 18.38196721311475,
            "prec_jun_sep": 132.3,
            "vintage_score": -10.593158555185312
        },
        "missing": {
            "Tmean_apr_sep": 21.287715267428382,
            "Tmin_aug_sep": 18.38196721311475,
            "prec_jun_sep": 132.3,
            "vintage_score": -10.612841775918639
        },
        "filled": {
            "Tmean_apr_sep": 21.28469510922572,
            "Tmin_aug_sep": 18.38196721311475,
            "prec_jun_sep": 132.38420793600727,
            "vintage_score": -10.59371276061384
        },
        "Deviation missing": 0.18581068744309906,
        "Deviation filled": 0.005231729758800734,
        "Improvement": 0.18057895768429832
    }
}