{
    "dataset": "Report(Barbieri2023)",
    "gap_parameters": {
        "gap_type": "overlap",
        "perc": "50.0 %",
        "length": 3,
        "seed": 2024
    },
    "algorithm": "DynaMMo",
    "algorithm_parameters": {
        "H": 9,
        "max_iter": 100,
        "fast": false
    },
    "metrics": {
        "Missing value percentage": 5.407813570938999,
        "Missing value percentage between 4 and 9": 0.06830601092896176,
        "Mean absolute error": 0.05175814362003503,
        "Mean square error": 0.004097946730468806,
        "Root mean square error": 0.06401520702511869,
        "Mean relative error": 0.04620732734849226,
        "Euclidean Distance": 0.22175518204910064,
        "r2 score": 0.9911807366742189,
        "Execution Time": 28.36889624595642
    },
    "vintage_score": {
        "original": {
            "Tmean_apr_sep": 21.284699453551912,
            "Tmin_aug_sep": 18.38196721311475,
            "prec_jun_sep": 132.3,
            "vintage_score": -10.593158555185312
        },
        "missing": {
            "Tmean_apr_sep": 21.283944834764508,
            "Tmin_aug_sep": 18.38196721311475,
            "prec_jun_sep": 132.3,
            "vintage_score": -10.588235339606854
        },
        "filled": {
            "Tmean_apr_sep": 21.285007254076188,
            "Tmin_aug_sep": 18.38196721311475,
            "prec_jun_sep": 132.32826053597339,
            "vintage_score": -10.595362407931049
        },
        "Deviation missing": 0.046475426123477485,
        "Deviation filled": 0.020804491259673343,
        "Improvement": 0.025670934863804142
    }
}