{
    "dataset": "Report(Barbieri2023)",
    "gap_parameters": {
        "gap_type": "overlap",
        "perc": "100.0 %",
        "length": 6,
        "seed": 2023
    },
    "algorithm": "DynaMMo",
    "algorithm_parameters": {
        "H": 9,
        "max_iter": 100,
        "fast": false
    },
    "metrics": {
        "Missing value percentage": 5.44893762851268,
        "Missing value percentage between 4 and 9": 0.1366120218579235,
        "Mean absolute error": 0.03349627923123664,
        "Mean square error": 0.0019016704363126202,
        "Root mean square error": 0.043608146444358536,
        "Mean relative error": 0.04804938648942692,
        "Euclidean Distance": 0.21363541483449033,
        "r2 score": 0.9909146157444516,
        "Execution Time": 28.247550010681152
    },
    "vintage_score": {
        "original": {
            "Tmean_apr_sep": 21.284699453551912,
            "Tmin_aug_sep": 18.38196721311475,
            "prec_jun_sep": 132.3,
            "vintage_score": -10.593158555185312
        },
        "missing": {
            "Tmean_apr_sep": 21.27895415907711,
            "Tmin_aug_sep": 18.38196721311475,
            "prec_jun_sep": 132.3,
            "vintage_score": -10.55569509398424
        },
        "filled": {
            "Tmean_apr_sep": 21.28505056546909,
            "Tmin_aug_sep": 18.38196721311475,
            "prec_jun_sep": 132.30835223993532,
            "vintage_score": -10.595507292177388
        },
        "Deviation missing": 0.35365713640463436,
        "Deviation filled": 0.02217220652216265,
        "Improvement": 0.3314849298824717
    }
}