{
    "dataset": "Report(Barbieri2023)",
    "gap_parameters": {
        "gap_type": "overlap",
        "perc": "0.0 %",
        "length": 3,
        "seed": 2023
    },
    "algorithm": "DynaMMo",
    "algorithm_parameters": {
        "H": 9,
        "max_iter": 100,
        "fast": false
    },
    "metrics": {
        "Missing value percentage": 5.407813570938999,
        "Missing value percentage between 4 and 9": 0.06830601092896176,
        "Mean absolute error": 0.029079798567090046,
        "Mean square error": 0.0012136639348144865,
        "Root mean square error": 0.034837679813880924,
        "Mean relative error": 0.036313195641800064,
        "Euclidean Distance": 0.12068126291092189,
        "r2 score": 0.9949518845538595,
        "Execution Time": 28.72858715057373
    },
    "vintage_score": {
        "original": {
            "Tmean_apr_sep": 21.284699453551912,
            "Tmin_aug_sep": 18.38196721311475,
            "prec_jun_sep": 132.3,
            "vintage_score": -10.593158555185312
        },
        "missing": {
            "Tmean_apr_sep": 21.281430523028884,
            "Tmin_aug_sep": 18.38196721311475,
            "prec_jun_sep": 132.3,
            "vintage_score": -10.571837275373468
        },
        "filled": {
            "Tmean_apr_sep": 21.28492820503392,
            "Tmin_aug_sep": 18.38196721311475,
            "prec_jun_sep": 132.30850158490244,
            "vintage_score": -10.594709921599417
        },
        "Deviation missing": 0.2012740553326912,
        "Deviation filled": 0.01464498436442237,
        "Improvement": 0.1866290709682688
    }
}