{
    "dataset": "Report(Barbieri2023)",
    "gap_parameters": {
        "gap_type": "overlap",
        "perc": "50.0 %",
        "length": 48,
        "seed": 2025
    },
    "algorithm": "DynaMMo",
    "algorithm_parameters": {
        "H": 9,
        "max_iter": 100,
        "fast": false
    },
    "metrics": {
        "Missing value percentage": 6.024674434544209,
        "Missing value percentage between 4 and 9": 1.092896174863388,
        "Mean absolute error": 0.11258457663121688,
        "Mean square error": 0.03911110287312581,
        "Root mean square error": 0.1977652721615345,
        "Mean relative error": 0.09108576346739941,
        "Euclidean Distance": 2.740315994851724,
        "r2 score": 0.9461114208073516,
        "Execution Time": 28.45667290687561
    },
    "vintage_score": {
        "original": {
            "Tmean_apr_sep": 21.284699453551912,
            "Tmin_aug_sep": 18.38196721311475,
            "prec_jun_sep": 132.3,
            "vintage_score": -10.593158555185312
        },
        "missing": {
            "Tmean_apr_sep": 21.213792457542457,
            "Tmin_aug_sep": 18.274999999999995,
            "prec_jun_sep": 127.0,
            "vintage_score": -10.053526803314128
        },
        "filled": {
            "Tmean_apr_sep": 21.29434279260071,
            "Tmin_aug_sep": 18.40396218392924,
            "prec_jun_sep": 130.9794003910195,
            "vintage_score": -10.655998674315413
        },
        "Deviation missing": 5.09415344875619,
        "Deviation filled": 0.5932141844449302,
        "Improvement": 4.50093926431126
    }
}