{
    "dataset": "Report(Barbieri2023)",
    "gap_parameters": {
        "gap_type": "overlap",
        "perc": "0.0 %",
        "length": 6,
        "seed": 2025
    },
    "algorithm": "DynaMMo",
    "algorithm_parameters": {
        "H": 9,
        "max_iter": 100,
        "fast": false
    },
    "metrics": {
        "Missing value percentage": 5.44893762851268,
        "Missing value percentage between 4 and 9": 0.1366120218579235,
        "Mean absolute error": 0.031489074737198856,
        "Mean square error": 0.0015519483212307827,
        "Root mean square error": 0.03939477530372248,
        "Mean relative error": 0.027691053135694584,
        "Euclidean Distance": 0.19299419605143656,
        "r2 score": 0.9968485893067529,
        "Execution Time": 28.33661127090454
    },
    "vintage_score": {
        "original": {
            "Tmean_apr_sep": 21.284699453551912,
            "Tmin_aug_sep": 18.38196721311475,
            "prec_jun_sep": 132.3,
            "vintage_score": -10.593158555185312
        },
        "missing": {
            "Tmean_apr_sep": 21.287715267428382,
            "Tmin_aug_sep": 18.38196721311475,
            "prec_jun_sep": 132.3,
            "vintage_score": -10.612841775918639
        },
        "filled": {
            "Tmean_apr_sep": 21.284696806828226,
            "Tmin_aug_sep": 18.38196721311475,
            "prec_jun_sep": 132.31682210966918,
            "vintage_score": -10.593257661673533
        },
        "Deviation missing": 0.18581068744309906,
        "Deviation filled": 0.0009355707054239357,
        "Improvement": 0.18487511673767512
    }
}