{
    "dataset": "Report(Barbieri2023)",
    "gap_parameters": {
        "gap_type": "overlap",
        "perc": "100.0 %",
        "length": 24,
        "seed": 2024
    },
    "algorithm": "DynaMMo",
    "algorithm_parameters": {
        "H": 9,
        "max_iter": 100,
        "fast": false
    },
    "metrics": {
        "Missing value percentage": 5.6956819739547635,
        "Missing value percentage between 4 and 9": 0.546448087431694,
        "Mean absolute error": 0.13374648516131646,
        "Mean square error": 0.028960668909537062,
        "Root mean square error": 0.17017834442001445,
        "Mean relative error": 0.13693651569431298,
        "Euclidean Distance": 1.6674004364026018,
        "r2 score": 0.9338586984931044,
        "Execution Time": 28.31226396560669
    },
    "vintage_score": {
        "original": {
            "Tmean_apr_sep": 21.284699453551912,
            "Tmin_aug_sep": 18.38196721311475,
            "prec_jun_sep": 132.3,
            "vintage_score": -10.593158555185312
        },
        "missing": {
            "Tmean_apr_sep": 21.276206739526412,
            "Tmin_aug_sep": 18.39344262295082,
            "prec_jun_sep": 132.3,
            "vintage_score": -10.542488076387457
        },
        "filled": {
            "Tmean_apr_sep": 21.29198094674962,
            "Tmin_aug_sep": 18.39344262295082,
            "prec_jun_sep": 132.34747597527135,
            "vintage_score": -10.645724279417578
        },
        "Deviation missing": 0.47833210967140577,
        "Deviation filled": 0.49622333092084087,
        "Improvement": -0.017891221249435096
    }
}