{
    "dataset": "Report(Rebutti2023)",
    "gap_parameters": {
        "gap_type": "overlap",
        "perc": "100.0 %",
        "length": 12,
        "seed": 2025
    },
    "algorithm": "SoftImpute",
    "algorithm_parameters": {
        "max_rank": 3
    },
    "metrics": {
        "Missing value percentage": 0.22618231665524333,
        "Missing value percentage between 4 and 9": 0.273224043715847,
        "Mean absolute error": 0.20662184409463788,
        "Mean square error": 0.06701897296852759,
        "Root mean square error": 0.25888022900277186,
        "Mean relative error": 0.19282453078644785,
        "Euclidean Distance": 1.793574838831486,
        "r2 score": 0.8478362145430811,
        "Execution Time": 0.3462543487548828
    },
    "vintage_score": {
        "original": {
            "Tmean_apr_sep": 20.91026867030965,
            "Tmin_aug_sep": 18.283606557377052,
            "prec_jun_sep": 120.3,
            "vintage_score": -8.122098331799663
        },
        "missing": {
            "Tmean_apr_sep": 20.923507617155156,
            "Tmin_aug_sep": 18.324590163934428,
            "prec_jun_sep": 120.3,
            "vintage_score": -8.218622958597166
        },
        "filled": {
            "Tmean_apr_sep": 20.904702319804517,
            "Tmin_aug_sep": 18.235576456546593,
            "prec_jun_sep": 120.33313183128666,
            "vintage_score": -8.069221096941476
        },
        "Deviation missing": 1.1884198252019407,
        "Deviation filled": 0.6510292377421932,
        "Improvement": 0.5373905874597474
    }
}