{
    "dataset": "Report(Rebutti2023)",
    "gap_parameters": {
        "gap_type": "overlap",
        "perc": "0.0 %",
        "length": 3,
        "seed": 2025
    },
    "algorithm": "SoftImpute",
    "algorithm_parameters": {
        "max_rank": 3
    },
    "metrics": {
        "Missing value percentage": 0.10281014393420151,
        "Missing value percentage between 4 and 9": 0.06830601092896176,
        "Mean absolute error": 0.1361959153991945,
        "Mean square error": 0.02676987222835494,
        "Root mean square error": 0.16361501223407018,
        "Mean relative error": 0.1108987967437478,
        "Euclidean Distance": 0.5667790281408498,
        "r2 score": 0.9513077543788138,
        "Execution Time": 0.4981412887573242
    },
    "vintage_score": {
        "original": {
            "Tmean_apr_sep": 20.91026867030965,
            "Tmin_aug_sep": 18.283606557377052,
            "prec_jun_sep": 120.3,
            "vintage_score": -8.122098331799663
        },
        "missing": {
            "Tmean_apr_sep": 20.911426362700418,
            "Tmin_aug_sep": 18.283606557377052,
            "prec_jun_sep": 120.3,
            "vintage_score": -8.129064086950137
        },
        "filled": {
            "Tmean_apr_sep": 20.909281617932113,
            "Tmin_aug_sep": 18.283606557377052,
            "prec_jun_sep": 120.3039149475263,
            "vintage_score": -8.116187826855622
        },
        "Deviation missing": 0.08576299948502669,
        "Deviation filled": 0.0727706647049521,
        "Improvement": 0.012992334780074596
    }
}