{
    "dataset": "Report(Rebutti2023)",
    "gap_parameters": {
        "gap_type": "overlap",
        "perc": "100.0 %",
        "length": 24,
        "seed": 2023
    },
    "algorithm": "SoftImpute",
    "algorithm_parameters": {
        "max_rank": 3
    },
    "metrics": {
        "Missing value percentage": 0.39067854694996573,
        "Missing value percentage between 4 and 9": 0.546448087431694,
        "Mean absolute error": 0.11068354740914023,
        "Mean square error": 0.021970156495945116,
        "Root mean square error": 0.14822333316973113,
        "Mean relative error": 0.2374118566727567,
        "Euclidean Distance": 1.4522861369615676,
        "r2 score": 0.9111221909566617,
        "Execution Time": 0.2984743118286133
    },
    "vintage_score": {
        "original": {
            "Tmean_apr_sep": 20.91026867030965,
            "Tmin_aug_sep": 18.283606557377052,
            "prec_jun_sep": 120.3,
            "vintage_score": -8.122098331799663
        },
        "missing": {
            "Tmean_apr_sep": 20.9220415907711,
            "Tmin_aug_sep": 18.38688524590164,
            "prec_jun_sep": 120.3,
            "vintage_score": -8.23525069291594
        },
        "filled": {
            "Tmean_apr_sep": 20.90417392425113,
            "Tmin_aug_sep": 18.25643384981056,
            "prec_jun_sep": 120.41200547504036,
            "vintage_score": -8.075120612500086
        },
        "Deviation missing": 1.393141975064045,
        "Deviation filled": 0.5783938753320567,
        "Improvement": 0.8147480997319884
    }
}