{
    "dataset": "Report(Rebutti2023)",
    "gap_parameters": {
        "gap_type": "overlap",
        "perc": "0.0 %",
        "length": 6,
        "seed": 2025
    },
    "algorithm": "SoftImpute",
    "algorithm_parameters": {
        "max_rank": 3
    },
    "metrics": {
        "Missing value percentage": 0.1439342015078821,
        "Missing value percentage between 4 and 9": 0.1366120218579235,
        "Mean absolute error": 0.19777565797454588,
        "Mean square error": 0.05965490681302037,
        "Root mean square error": 0.24424353996169554,
        "Mean relative error": 0.16903366847728565,
        "Euclidean Distance": 1.196544091754478,
        "r2 score": 0.882111254086841,
        "Execution Time": 0.4296238422393799
    },
    "vintage_score": {
        "original": {
            "Tmean_apr_sep": 20.91026867030965,
            "Tmin_aug_sep": 18.283606557377052,
            "prec_jun_sep": 120.3,
            "vintage_score": -8.122098331799663
        },
        "missing": {
            "Tmean_apr_sep": 20.91334368272893,
            "Tmin_aug_sep": 18.283606557377052,
            "prec_jun_sep": 120.3,
            "vintage_score": -8.140604472364004
        },
        "filled": {
            "Tmean_apr_sep": 20.907312542905064,
            "Tmin_aug_sep": 18.25819307768167,
            "prec_jun_sep": 120.30357325418484,
            "vintage_score": -8.093952922621014
        },
        "Deviation missing": 0.22784925530740835,
        "Deviation filled": 0.3465287913155843,
        "Improvement": -0.11867953600817593
    }
}