{
    "dataset": "Report(Rebutti2023)",
    "gap_parameters": {
        "gap_type": "overlap",
        "perc": "50.0 %",
        "length": 12,
        "seed": 2025
    },
    "algorithm": "SoftImpute",
    "algorithm_parameters": {
        "max_rank": 3
    },
    "metrics": {
        "Missing value percentage": 0.22618231665524333,
        "Missing value percentage between 4 and 9": 0.273224043715847,
        "Mean absolute error": 0.2072042586308918,
        "Mean square error": 0.06701400849375082,
        "Root mean square error": 0.25887064046305214,
        "Mean relative error": 0.1933680541983526,
        "Euclidean Distance": 1.7935084074796266,
        "r2 score": 0.8478474861761931,
        "Execution Time": 0.3416404724121094
    },
    "vintage_score": {
        "original": {
            "Tmean_apr_sep": 20.91026867030965,
            "Tmin_aug_sep": 18.283606557377052,
            "prec_jun_sep": 120.3,
            "vintage_score": -8.122098331799663
        },
        "missing": {
            "Tmean_apr_sep": 20.923507617155156,
            "Tmin_aug_sep": 18.324590163934428,
            "prec_jun_sep": 120.3,
            "vintage_score": -8.218622958597166
        },
        "filled": {
            "Tmean_apr_sep": 20.90470320930042,
            "Tmin_aug_sep": 18.235578775792828,
            "prec_jun_sep": 120.34728682627724,
            "vintage_score": -8.069325314149552
        },
        "Deviation missing": 1.1884198252019407,
        "Deviation filled": 0.6497461061693112,
        "Improvement": 0.5386737190326295
    }
}