{
    "dataset": "Report(Rebutti2023)",
    "gap_parameters": {
        "gap_type": "overlap",
        "perc": "0.0 %",
        "length": 24,
        "seed": 2024
    },
    "algorithm": "SoftImpute",
    "algorithm_parameters": {
        "max_rank": 3
    },
    "metrics": {
        "Missing value percentage": 0.39067854694996573,
        "Missing value percentage between 4 and 9": 0.546448087431694,
        "Mean absolute error": 0.07976001338908889,
        "Mean square error": 0.011454482454392952,
        "Root mean square error": 0.10702561587953116,
        "Mean relative error": 0.07726384705357113,
        "Euclidean Distance": 1.0486325932478615,
        "r2 score": 0.9754470756199889,
        "Execution Time": 0.3320503234863281
    },
    "vintage_score": {
        "original": {
            "Tmean_apr_sep": 20.91026867030965,
            "Tmin_aug_sep": 18.283606557377052,
            "prec_jun_sep": 120.3,
            "vintage_score": -8.122098331799663
        },
        "missing": {
            "Tmean_apr_sep": 20.89825819672131,
            "Tmin_aug_sep": 18.283606557377052,
            "prec_jun_sep": 120.3,
            "vintage_score": -8.049939529675811
        },
        "filled": {
            "Tmean_apr_sep": 20.90745774069961,
            "Tmin_aug_sep": 18.25874508833032,
            "prec_jun_sep": 120.33915181843739,
            "vintage_score": -8.095297734677132
        },
        "Deviation missing": 0.8884256158452968,
        "Deviation filled": 0.32997134518306576,
        "Improvement": 0.5584542706622311
    }
}