{
    "dataset": "Report(Rebutti2023)",
    "gap_parameters": {
        "gap_type": "overlap",
        "perc": "100.0 %",
        "length": 6,
        "seed": 2025
    },
    "algorithm": "SoftImpute",
    "algorithm_parameters": {
        "max_rank": 3
    },
    "metrics": {
        "Missing value percentage": 0.1439342015078821,
        "Missing value percentage between 4 and 9": 0.1366120218579235,
        "Mean absolute error": 0.19864916977714941,
        "Mean square error": 0.059680999811190134,
        "Root mean square error": 0.24429695006526408,
        "Mean relative error": 0.16978023610832993,
        "Euclidean Distance": 1.1968057467561821,
        "r2 score": 0.8820596896641357,
        "Execution Time": 0.33011603355407715
    },
    "vintage_score": {
        "original": {
            "Tmean_apr_sep": 20.91026867030965,
            "Tmin_aug_sep": 18.283606557377052,
            "prec_jun_sep": 120.3,
            "vintage_score": -8.122098331799663
        },
        "missing": {
            "Tmean_apr_sep": 20.91334368272893,
            "Tmin_aug_sep": 18.283606557377052,
            "prec_jun_sep": 120.3,
            "vintage_score": -8.140604472364004
        },
        "filled": {
            "Tmean_apr_sep": 20.9073119016987,
            "Tmin_aug_sep": 18.25818724348003,
            "prec_jun_sep": 120.31412463897739,
            "vintage_score": -8.09401967647986
        },
        "Deviation missing": 0.22784925530740835,
        "Deviation filled": 0.34570691184406205,
        "Improvement": -0.1178576565366537
    }
}