{
    "dataset": "Report(Rebutti2023)",
    "gap_parameters": {
        "gap_type": "overlap",
        "perc": "0.0 %",
        "length": 6,
        "seed": 2024
    },
    "algorithm": "SoftImpute",
    "algorithm_parameters": {
        "max_rank": 3
    },
    "metrics": {
        "Missing value percentage": 0.1439342015078821,
        "Missing value percentage between 4 and 9": 0.1366120218579235,
        "Mean absolute error": 0.04789963710409479,
        "Mean square error": 0.003910809861969507,
        "Root mean square error": 0.06253646825628632,
        "Mean relative error": 0.037997544002477936,
        "Euclidean Distance": 0.3063648750873247,
        "r2 score": 0.9937252254540037,
        "Execution Time": 0.3742837905883789
    },
    "vintage_score": {
        "original": {
            "Tmean_apr_sep": 20.91026867030965,
            "Tmin_aug_sep": 18.283606557377052,
            "prec_jun_sep": 120.3,
            "vintage_score": -8.122098331799663
        },
        "missing": {
            "Tmean_apr_sep": 20.90640558591378,
            "Tmin_aug_sep": 18.283606557377052,
            "prec_jun_sep": 120.3,
            "vintage_score": -8.098867589492698
        },
        "filled": {
            "Tmean_apr_sep": 20.910277414274347,
            "Tmin_aug_sep": 18.283606557377052,
            "prec_jun_sep": 120.32541859818163,
            "vintage_score": -8.122326782672019
        },
        "Deviation missing": 0.2860189738901724,
        "Deviation filled": 0.002812707542111408,
        "Improvement": 0.283206266348061
    }
}