{
    "dataset": "Report(Rebutti2023)",
    "gap_parameters": {
        "gap_type": "overlap",
        "perc": "100.0 %",
        "length": 3,
        "seed": 2024
    },
    "algorithm": "SoftImpute",
    "algorithm_parameters": {
        "max_rank": 3
    },
    "metrics": {
        "Missing value percentage": 0.10281014393420151,
        "Missing value percentage between 4 and 9": 0.06830601092896176,
        "Mean absolute error": 0.060005330288688395,
        "Mean square error": 0.0056495196930145,
        "Root mean square error": 0.0751632868694185,
        "Mean relative error": 0.05403905138548234,
        "Euclidean Distance": 0.2603732634434259,
        "r2 score": 0.9882792524704324,
        "Execution Time": 0.35317158699035645
    },
    "vintage_score": {
        "original": {
            "Tmean_apr_sep": 20.91026867030965,
            "Tmin_aug_sep": 18.283606557377052,
            "prec_jun_sep": 120.3,
            "vintage_score": -8.122098331799663
        },
        "missing": {
            "Tmean_apr_sep": 20.909940150923756,
            "Tmin_aug_sep": 18.283606557377052,
            "prec_jun_sep": 120.3,
            "vintage_score": -8.120121984867723
        },
        "filled": {
            "Tmean_apr_sep": 20.910535558812345,
            "Tmin_aug_sep": 18.283606557377052,
            "prec_jun_sep": 120.3176145449234,
            "vintage_score": -8.123825877478424
        },
        "Deviation missing": 0.0243329599224654,
        "Deviation filled": 0.021269696674292307,
        "Improvement": 0.0030632632481730933
    }
}