{
    "dataset": "Report(Rebutti2023)",
    "gap_parameters": {
        "gap_type": "overlap",
        "perc": "100.0 %",
        "length": 6,
        "seed": 2025
    },
    "algorithm": "DynaMMo",
    "algorithm_parameters": {
        "H": 8,
        "max_iter": 100,
        "fast": true
    },
    "metrics": {
        "Missing value percentage": 0.1439342015078821,
        "Missing value percentage between 4 and 9": 0.1366120218579235,
        "Mean absolute error": 0.04178320210797641,
        "Mean square error": 0.0029530365252473097,
        "Root mean square error": 0.05434184874705046,
        "Mean relative error": 0.03571100713490282,
        "Euclidean Distance": 0.26621960221955554,
        "r2 score": 0.9941642726274249,
        "Execution Time": 32.07911682128906
    },
    "vintage_score": {
        "original": {
            "Tmean_apr_sep": 20.91026867030965,
            "Tmin_aug_sep": 18.283606557377052,
            "prec_jun_sep": 120.3,
            "vintage_score": -8.122098331799663
        },
        "missing": {
            "Tmean_apr_sep": 20.91334368272893,
            "Tmin_aug_sep": 18.283606557377052,
            "prec_jun_sep": 120.3,
            "vintage_score": -8.140604472364004
        },
        "filled": {
            "Tmean_apr_sep": 20.910406950113053,
            "Tmin_aug_sep": 18.283606557377052,
            "prec_jun_sep": 120.27086916003412,
            "vintage_score": -8.122728728959828
        },
        "Deviation missing": 0.22784925530740835,
        "Deviation filled": 0.007761506133177402,
        "Improvement": 0.22008774917423093
    }
}