{
    "dataset": "Report(Rebutti2023)",
    "gap_parameters": {
        "gap_type": "overlap",
        "perc": "100.0 %",
        "length": 6,
        "seed": 2024
    },
    "algorithm": "DynaMMo",
    "algorithm_parameters": {
        "H": 8,
        "max_iter": 100,
        "fast": true
    },
    "metrics": {
        "Missing value percentage": 0.1439342015078821,
        "Missing value percentage between 4 and 9": 0.1366120218579235,
        "Mean absolute error": 0.08835059307289453,
        "Mean square error": 0.01138114339515733,
        "Root mean square error": 0.10668244183162162,
        "Mean relative error": 0.07008624179420649,
        "Euclidean Distance": 0.5226350940032513,
        "r2 score": 0.9817393042871425,
        "Execution Time": 32.13842225074768
    },
    "vintage_score": {
        "original": {
            "Tmean_apr_sep": 20.91026867030965,
            "Tmin_aug_sep": 18.283606557377052,
            "prec_jun_sep": 120.3,
            "vintage_score": -8.122098331799663
        },
        "missing": {
            "Tmean_apr_sep": 20.90640558591378,
            "Tmin_aug_sep": 18.283606557377052,
            "prec_jun_sep": 120.3,
            "vintage_score": -8.098867589492698
        },
        "filled": {
            "Tmean_apr_sep": 20.909518354400365,
            "Tmin_aug_sep": 18.283606557377052,
            "prec_jun_sep": 120.32486493552939,
            "vintage_score": -8.117756720486256
        },
        "Deviation missing": 0.2860189738901724,
        "Deviation filled": 0.0534543062155363,
        "Improvement": 0.2325646676746361
    }
}