{
    "dataset": "Report(Rebutti2023)",
    "gap_parameters": {
        "gap_type": "overlap",
        "perc": "50.0 %",
        "length": 3,
        "seed": 2023
    },
    "algorithm": "DynaMMo",
    "algorithm_parameters": {
        "H": 8,
        "max_iter": 100,
        "fast": true
    },
    "metrics": {
        "Missing value percentage": 0.10281014393420151,
        "Missing value percentage between 4 and 9": 0.06830601092896176,
        "Mean absolute error": 0.08684870713804173,
        "Mean square error": 0.009562759484553138,
        "Root mean square error": 0.09778936283948851,
        "Mean relative error": 0.09410180973368912,
        "Euclidean Distance": 0.33875228975557825,
        "r2 score": 0.9700999703633221,
        "Execution Time": 32.05523490905762
    },
    "vintage_score": {
        "original": {
            "Tmean_apr_sep": 20.91026867030965,
            "Tmin_aug_sep": 18.283606557377052,
            "prec_jun_sep": 120.3,
            "vintage_score": -8.122098331799663
        },
        "missing": {
            "Tmean_apr_sep": 20.906567135050743,
            "Tmin_aug_sep": 18.283606557377052,
            "prec_jun_sep": 120.3,
            "vintage_score": -8.099838662724466
        },
        "filled": {
            "Tmean_apr_sep": 20.909698606309494,
            "Tmin_aug_sep": 18.283606557377052,
            "prec_jun_sep": 120.36847820329055,
            "vintage_score": -8.119142697065541
        },
        "Deviation missing": 0.27406303353957107,
        "Deviation filled": 0.03639003879760227,
        "Improvement": 0.2376729947419688
    }
}