{
    "dataset": "Report(Rebutti2023)",
    "gap_parameters": {
        "gap_type": "overlap",
        "perc": "50.0 %",
        "length": 12,
        "seed": 2025
    },
    "algorithm": "DynaMMo",
    "algorithm_parameters": {
        "H": 8,
        "max_iter": 100,
        "fast": true
    },
    "metrics": {
        "Missing value percentage": 0.22618231665524333,
        "Missing value percentage between 4 and 9": 0.273224043715847,
        "Mean absolute error": 0.145934787999146,
        "Mean square error": 0.032227117790225246,
        "Root mean square error": 0.17951912931558364,
        "Mean relative error": 0.1361898938839513,
        "Euclidean Distance": 1.2437450116204865,
        "r2 score": 0.9268296719552904,
        "Execution Time": 31.74695873260498
    },
    "vintage_score": {
        "original": {
            "Tmean_apr_sep": 20.91026867030965,
            "Tmin_aug_sep": 18.283606557377052,
            "prec_jun_sep": 120.3,
            "vintage_score": -8.122098331799663
        },
        "missing": {
            "Tmean_apr_sep": 20.923507617155156,
            "Tmin_aug_sep": 18.324590163934428,
            "prec_jun_sep": 120.3,
            "vintage_score": -8.218622958597166
        },
        "filled": {
            "Tmean_apr_sep": 20.90730227513896,
            "Tmin_aug_sep": 18.252140528173943,
            "prec_jun_sep": 120.13484037518363,
            "vintage_score": -8.090249009992817
        },
        "Deviation missing": 1.1884198252019407,
        "Deviation filled": 0.39213169436953077,
        "Improvement": 0.7962881308324099
    }
}