{
    "dataset": "Report(Rebutti2023)",
    "gap_parameters": {
        "gap_type": "overlap",
        "perc": "50.0 %",
        "length": 3,
        "seed": 2024
    },
    "algorithm": "DynaMMo",
    "algorithm_parameters": {
        "H": 8,
        "max_iter": 100,
        "fast": true
    },
    "metrics": {
        "Missing value percentage": 0.10281014393420151,
        "Missing value percentage between 4 and 9": 0.06830601092896176,
        "Mean absolute error": 0.05830366597959664,
        "Mean square error": 0.006650471266850965,
        "Root mean square error": 0.08155042162276639,
        "Mean relative error": 0.05250658210987891,
        "Euclidean Distance": 0.2824989472586017,
        "r2 score": 0.9862026333375232,
        "Execution Time": 31.804438829421997
    },
    "vintage_score": {
        "original": {
            "Tmean_apr_sep": 20.91026867030965,
            "Tmin_aug_sep": 18.283606557377052,
            "prec_jun_sep": 120.3,
            "vintage_score": -8.122098331799663
        },
        "missing": {
            "Tmean_apr_sep": 20.909940150923756,
            "Tmin_aug_sep": 18.283606557377052,
            "prec_jun_sep": 120.3,
            "vintage_score": -8.120121984867723
        },
        "filled": {
            "Tmean_apr_sep": 20.91066274696863,
            "Tmin_aug_sep": 18.283606557377052,
            "prec_jun_sep": 120.30582198172135,
            "vintage_score": -8.124509535979598
        },
        "Deviation missing": 0.0243329599224654,
        "Deviation filled": 0.02968696119443929,
        "Improvement": -0.0053540012719738884
    }
}