{
    "dataset": "Report(Rebutti2023)",
    "gap_parameters": {
        "gap_type": "overlap",
        "perc": "50.0 %",
        "length": 24,
        "seed": 2023
    },
    "algorithm": "DynaMMo",
    "algorithm_parameters": {
        "H": 8,
        "max_iter": 100,
        "fast": true
    },
    "metrics": {
        "Missing value percentage": 0.39067854694996573,
        "Missing value percentage between 4 and 9": 0.546448087431694,
        "Mean absolute error": 0.08254839293900601,
        "Mean square error": 0.009871358154395774,
        "Root mean square error": 0.09935470876810909,
        "Mean relative error": 0.17706305672114098,
        "Euclidean Distance": 0.9734733600987775,
        "r2 score": 0.9600665254611767,
        "Execution Time": 31.875625133514404
    },
    "vintage_score": {
        "original": {
            "Tmean_apr_sep": 20.91026867030965,
            "Tmin_aug_sep": 18.283606557377052,
            "prec_jun_sep": 120.3,
            "vintage_score": -8.122098331799663
        },
        "missing": {
            "Tmean_apr_sep": 20.9220415907711,
            "Tmin_aug_sep": 18.38688524590164,
            "prec_jun_sep": 120.3,
            "vintage_score": -8.23525069291594
        },
        "filled": {
            "Tmean_apr_sep": 20.908246020257618,
            "Tmin_aug_sep": 18.28260855292457,
            "prec_jun_sep": 120.03646465135856,
            "vintage_score": -8.107701332400524
        },
        "Deviation missing": 1.393141975064045,
        "Deviation filled": 0.17725714231717565,
        "Improvement": 1.2158848327468694
    }
}