{
    "dataset": "Report(Rebutti2023)",
    "gap_parameters": {
        "gap_type": "overlap",
        "perc": "50.0 %",
        "length": 12,
        "seed": 2024
    },
    "algorithm": "DynaMMo",
    "algorithm_parameters": {
        "H": 8,
        "max_iter": 100,
        "fast": true
    },
    "metrics": {
        "Missing value percentage": 0.22618231665524333,
        "Missing value percentage between 4 and 9": 0.273224043715847,
        "Mean absolute error": 0.08677124228537499,
        "Mean square error": 0.011445297627208976,
        "Root mean square error": 0.10698269779365716,
        "Mean relative error": 0.07042603721269053,
        "Euclidean Distance": 0.7411978724376119,
        "r2 score": 0.9805381990982577,
        "Execution Time": 31.921721935272217
    },
    "vintage_score": {
        "original": {
            "Tmean_apr_sep": 20.91026867030965,
            "Tmin_aug_sep": 18.283606557377052,
            "prec_jun_sep": 120.3,
            "vintage_score": -8.122098331799663
        },
        "missing": {
            "Tmean_apr_sep": 20.900591985428047,
            "Tmin_aug_sep": 18.283606557377052,
            "prec_jun_sep": 120.3,
            "vintage_score": -8.063945574201085
        },
        "filled": {
            "Tmean_apr_sep": 20.91072088377583,
            "Tmin_aug_sep": 18.283606557377052,
            "prec_jun_sep": 120.14881814002233,
            "vintage_score": -8.123773176263398
        },
        "Deviation missing": 0.7159819448491231,
        "Deviation filled": 0.020620834608446253,
        "Improvement": 0.6953611102406769
    }
}