{
    "dataset": "Report(Rebutti2023)",
    "gap_parameters": {
        "gap_type": "overlap",
        "perc": "50.0 %",
        "length": 48,
        "seed": 2025
    },
    "algorithm": "DynaMMo",
    "algorithm_parameters": {
        "H": 8,
        "max_iter": 100,
        "fast": true
    },
    "metrics": {
        "Missing value percentage": 0.7196710075394106,
        "Missing value percentage between 4 and 9": 1.092896174863388,
        "Mean absolute error": 0.15578674880850935,
        "Mean square error": 0.28911940657931,
        "Root mean square error": 0.5376982486295729,
        "Mean relative error": 0.12221520244070709,
        "Euclidean Distance": 7.4505654861378,
        "r2 score": 0.637847976722854,
        "Execution Time": 31.949805974960327
    },
    "vintage_score": {
        "original": {
            "Tmean_apr_sep": 20.91026867030965,
            "Tmin_aug_sep": 18.283606557377052,
            "prec_jun_sep": 120.3,
            "vintage_score": -8.122098331799663
        },
        "missing": {
            "Tmean_apr_sep": 20.840417915417916,
            "Tmin_aug_sep": 18.15666666666667,
            "prec_jun_sep": 114.2,
            "vintage_score": -7.6110734787627905
        },
        "filled": {
            "Tmean_apr_sep": 20.90419686980971,
            "Tmin_aug_sep": 18.236261977240282,
            "prec_jun_sep": 126.00541453875022,
            "vintage_score": -8.105705391957855
        },
        "Deviation missing": 6.291783627343025,
        "Deviation filled": 0.20183133929351718,
        "Improvement": 6.089952288049508
    }
}