{
    "dataset": "Report(Rebutti2023)",
    "gap_parameters": {
        "gap_type": "overlap",
        "perc": "50.0 %",
        "length": 6,
        "seed": 2024
    },
    "algorithm": "DynaMMo",
    "algorithm_parameters": {
        "H": 8,
        "max_iter": 100,
        "fast": true
    },
    "metrics": {
        "Missing value percentage": 0.1439342015078821,
        "Missing value percentage between 4 and 9": 0.1366120218579235,
        "Mean absolute error": 0.10852013502640588,
        "Mean square error": 0.01638223553455391,
        "Root mean square error": 0.12799310737127179,
        "Mean relative error": 0.08608621808260421,
        "Euclidean Distance": 0.6270356073057656,
        "r2 score": 0.9737152052472918,
        "Execution Time": 31.757638931274414
    },
    "vintage_score": {
        "original": {
            "Tmean_apr_sep": 20.91026867030965,
            "Tmin_aug_sep": 18.283606557377052,
            "prec_jun_sep": 120.3,
            "vintage_score": -8.122098331799663
        },
        "missing": {
            "Tmean_apr_sep": 20.90640558591378,
            "Tmin_aug_sep": 18.283606557377052,
            "prec_jun_sep": 120.3,
            "vintage_score": -8.098867589492698
        },
        "filled": {
            "Tmean_apr_sep": 20.90951780938017,
            "Tmin_aug_sep": 18.283606557377052,
            "prec_jun_sep": 120.13224179423774,
            "vintage_score": -8.116420875229835
        },
        "Deviation missing": 0.2860189738901724,
        "Deviation filled": 0.06990135230940582,
        "Improvement": 0.21611762158076658
    }
}