{
    "dataset": "Report(Rebutti2023)",
    "gap_parameters": {
        "gap_type": "overlap",
        "perc": "100.0 %",
        "length": 48,
        "seed": 2024
    },
    "algorithm": "DynaMMo",
    "algorithm_parameters": {
        "H": 8,
        "max_iter": 100,
        "fast": true
    },
    "metrics": {
        "Missing value percentage": 0.7196710075394106,
        "Missing value percentage between 4 and 9": 1.092896174863388,
        "Mean absolute error": 0.23864113992713162,
        "Mean square error": 0.30893034932787045,
        "Root mean square error": 0.5558150315778356,
        "Mean relative error": 0.2077653956266249,
        "Euclidean Distance": 7.701598994426511,
        "r2 score": 0.9586650356969466,
        "Execution Time": 31.94234538078308
    },
    "vintage_score": {
        "original": {
            "Tmean_apr_sep": 20.91026867030965,
            "Tmin_aug_sep": 18.283606557377052,
            "prec_jun_sep": 120.3,
            "vintage_score": -8.122098331799663
        },
        "missing": {
            "Tmean_apr_sep": 20.883550824175824,
            "Tmin_aug_sep": 18.281666666666673,
            "prec_jun_sep": 81.0,
            "vintage_score": -7.689173977554759
        },
        "filled": {
            "Tmean_apr_sep": 20.89941276300908,
            "Tmin_aug_sep": 18.170525427191755,
            "prec_jun_sep": 123.8676608686032,
            "vintage_score": -8.035309845352145
        },
        "Deviation missing": 5.330203311500389,
        "Deviation filled": 1.0685475957330226,
        "Improvement": 4.2616557157673665
    }
}