{
    "dataset": "Report(Rebutti2023)",
    "gap_parameters": {
        "gap_type": "overlap",
        "perc": "0.0 %",
        "length": 48,
        "seed": 2025
    },
    "algorithm": "DynaMMo",
    "algorithm_parameters": {
        "H": 8,
        "max_iter": 100,
        "fast": true
    },
    "metrics": {
        "Missing value percentage": 0.7196710075394106,
        "Missing value percentage between 4 and 9": 1.092896174863388,
        "Mean absolute error": 0.09467838061489124,
        "Mean square error": 0.014700820591109276,
        "Root mean square error": 0.12124694054329485,
        "Mean relative error": 0.07800205191663873,
        "Euclidean Distance": 1.6800468902661605,
        "r2 score": 0.9773967815967606,
        "Execution Time": 31.723440647125244
    },
    "vintage_score": {
        "original": {
            "Tmean_apr_sep": 20.91026867030965,
            "Tmin_aug_sep": 18.283606557377052,
            "prec_jun_sep": 120.3,
            "vintage_score": -8.122098331799663
        },
        "missing": {
            "Tmean_apr_sep": 20.840417915417916,
            "Tmin_aug_sep": 18.15666666666667,
            "prec_jun_sep": 120.3,
            "vintage_score": -7.653273278762782
        },
        "filled": {
            "Tmean_apr_sep": 20.90434193507773,
            "Tmin_aug_sep": 18.23665989372265,
            "prec_jun_sep": 119.35376148638349,
            "vintage_score": -8.060723516009347
        },
        "Deviation missing": 5.772215921116533,
        "Deviation filled": 0.7556522130496888,
        "Improvement": 5.016563708066845
    }
}