{
    "dataset": "Report(Rebutti2023)",
    "gap_parameters": {
        "gap_type": "overlap",
        "perc": "0.0 %",
        "length": 24,
        "seed": 2023
    },
    "algorithm": "DynaMMo",
    "algorithm_parameters": {
        "H": 8,
        "max_iter": 100,
        "fast": true
    },
    "metrics": {
        "Missing value percentage": 0.39067854694996573,
        "Missing value percentage between 4 and 9": 0.546448087431694,
        "Mean absolute error": 0.07979913866103625,
        "Mean square error": 0.009178186928654368,
        "Root mean square error": 0.09580285449115997,
        "Mean relative error": 0.17116601440657184,
        "Euclidean Distance": 0.9386724376217874,
        "r2 score": 0.9628706720701073,
        "Execution Time": 31.76286482810974
    },
    "vintage_score": {
        "original": {
            "Tmean_apr_sep": 20.91026867030965,
            "Tmin_aug_sep": 18.283606557377052,
            "prec_jun_sep": 120.3,
            "vintage_score": -8.122098331799663
        },
        "missing": {
            "Tmean_apr_sep": 20.9220415907711,
            "Tmin_aug_sep": 18.38688524590164,
            "prec_jun_sep": 120.3,
            "vintage_score": -8.23525069291594
        },
        "filled": {
            "Tmean_apr_sep": 20.908244875853477,
            "Tmin_aug_sep": 18.282615524883276,
            "prec_jun_sep": 120.42446780514912,
            "vintage_score": -8.110381507295529
        },
        "Deviation missing": 1.393141975064045,
        "Deviation filled": 0.1442585896585417,
        "Improvement": 1.2488833854055033
    }
}