{
    "dataset": "Report(Rebutti2023)",
    "gap_parameters": {
        "gap_type": "overlap",
        "perc": "50.0 %",
        "length": 3,
        "seed": 2024
    },
    "algorithm": "SoftImpute",
    "algorithm_parameters": {
        "max_rank": 3
    },
    "metrics": {
        "Missing value percentage": 0.10281014393420151,
        "Missing value percentage between 4 and 9": 0.06830601092896176,
        "Mean absolute error": 0.06003560049217068,
        "Mean square error": 0.005654345880860489,
        "Root mean square error": 0.0751953847045182,
        "Mean relative error": 0.05406631184840385,
        "Euclidean Distance": 0.2604844536058371,
        "r2 score": 0.9882692398441655,
        "Execution Time": 0.3960127830505371
    },
    "vintage_score": {
        "original": {
            "Tmean_apr_sep": 20.91026867030965,
            "Tmin_aug_sep": 18.283606557377052,
            "prec_jun_sep": 120.3,
            "vintage_score": -8.122098331799663
        },
        "missing": {
            "Tmean_apr_sep": 20.909940150923756,
            "Tmin_aug_sep": 18.283606557377052,
            "prec_jun_sep": 120.3,
            "vintage_score": -8.120121984867723
        },
        "filled": {
            "Tmean_apr_sep": 20.910535699384372,
            "Tmin_aug_sep": 18.283606557377052,
            "prec_jun_sep": 120.31768223235525,
            "vintage_score": -8.123827191492722
        },
        "Deviation missing": 0.0243329599224654,
        "Deviation filled": 0.021285874935679697,
        "Improvement": 0.0030470849867857037
    }
}