{
    "dataset": "Report(Rebutti2023)",
    "gap_parameters": {
        "gap_type": "overlap",
        "perc": "100.0 %",
        "length": 6,
        "seed": 2023
    },
    "algorithm": "SoftImpute",
    "algorithm_parameters": {
        "max_rank": 3
    },
    "metrics": {
        "Missing value percentage": 0.1439342015078821,
        "Missing value percentage between 4 and 9": 0.1366120218579235,
        "Mean absolute error": 0.07733711797782049,
        "Mean square error": 0.009627791799897423,
        "Root mean square error": 0.09812131164990316,
        "Mean relative error": 0.099845684548584,
        "Euclidean Distance": 0.48069429286974874,
        "r2 score": 0.9650477007596295,
        "Execution Time": 0.3607022762298584
    },
    "vintage_score": {
        "original": {
            "Tmean_apr_sep": 20.91026867030965,
            "Tmin_aug_sep": 18.283606557377052,
            "prec_jun_sep": 120.3,
            "vintage_score": -8.122098331799663
        },
        "missing": {
            "Tmean_apr_sep": 20.90454614450516,
            "Tmin_aug_sep": 18.283606557377052,
            "prec_jun_sep": 120.3,
            "vintage_score": -8.087693023045261
        },
        "filled": {
            "Tmean_apr_sep": 20.909183976090286,
            "Tmin_aug_sep": 18.283606557377052,
            "prec_jun_sep": 120.33251360690939,
            "vintage_score": -8.115798382271237
        },
        "Deviation missing": 0.4236012339286439,
        "Deviation filled": 0.07756554120701002,
        "Improvement": 0.34603569272163387
    }
}