{
    "dataset": "Report(Rebutti2023)",
    "gap_parameters": {
        "gap_type": "overlap",
        "perc": "50.0 %",
        "length": 48,
        "seed": 2024
    },
    "algorithm": "SoftImpute",
    "algorithm_parameters": {
        "max_rank": 3
    },
    "metrics": {
        "Missing value percentage": 0.7196710075394106,
        "Missing value percentage between 4 and 9": 1.092896174863388,
        "Mean absolute error": 0.3031293525211529,
        "Mean square error": 1.2522077187143985,
        "Root mean square error": 1.1190208750127937,
        "Mean relative error": 0.21117538722270385,
        "Euclidean Distance": 15.50560808201877,
        "r2 score": 0.8751249892160751,
        "Execution Time": 0.3355095386505127
    },
    "vintage_score": {
        "original": {
            "Tmean_apr_sep": 20.91026867030965,
            "Tmin_aug_sep": 18.283606557377052,
            "prec_jun_sep": 120.3,
            "vintage_score": -8.122098331799663
        },
        "missing": {
            "Tmean_apr_sep": 20.883550824175824,
            "Tmin_aug_sep": 18.281666666666673,
            "prec_jun_sep": 53.0,
            "vintage_score": -7.495469977554762
        },
        "filled": {
            "Tmean_apr_sep": 20.905657339941452,
            "Tmin_aug_sep": 18.2198729552876,
            "prec_jun_sep": 122.30194646565741,
            "vintage_score": -8.082159134594406
        },
        "Deviation missing": 7.715104258114226,
        "Deviation filled": 0.4917349627360075,
        "Improvement": 7.223369295378219
    }
}