{
    "dataset": "Report(Rebutti2023)",
    "gap_parameters": {
        "gap_type": "overlap",
        "perc": "100.0 %",
        "length": 3,
        "seed": 2025
    },
    "algorithm": "SoftImpute",
    "algorithm_parameters": {
        "max_rank": 3
    },
    "metrics": {
        "Missing value percentage": 0.10281014393420151,
        "Missing value percentage between 4 and 9": 0.06830601092896176,
        "Mean absolute error": 0.13682024638369028,
        "Mean square error": 0.026796577341077137,
        "Root mean square error": 0.1636966014951964,
        "Mean relative error": 0.11140716408169243,
        "Euclidean Distance": 0.5670616616320948,
        "r2 score": 0.9512591799255284,
        "Execution Time": 0.3562476634979248
    },
    "vintage_score": {
        "original": {
            "Tmean_apr_sep": 20.91026867030965,
            "Tmin_aug_sep": 18.283606557377052,
            "prec_jun_sep": 120.3,
            "vintage_score": -8.122098331799663
        },
        "missing": {
            "Tmean_apr_sep": 20.911426362700418,
            "Tmin_aug_sep": 18.283606557377052,
            "prec_jun_sep": 120.3,
            "vintage_score": -8.129064086950137
        },
        "filled": {
            "Tmean_apr_sep": 20.909281119898015,
            "Tmin_aug_sep": 18.283606557377052,
            "prec_jun_sep": 120.3071646533536,
            "vintage_score": -8.116207312742944
        },
        "Deviation missing": 0.08576299948502669,
        "Deviation filled": 0.07253075272007513,
        "Improvement": 0.013232246764951563
    }
}