{
    "dataset": "Report(Rebutti2023)",
    "gap_parameters": {
        "gap_type": "overlap",
        "perc": "0.0 %",
        "length": 6,
        "seed": 2023
    },
    "algorithm": "SoftImpute",
    "algorithm_parameters": {
        "max_rank": 3
    },
    "metrics": {
        "Missing value percentage": 0.1439342015078821,
        "Missing value percentage between 4 and 9": 0.1366120218579235,
        "Mean absolute error": 0.07499971967868753,
        "Mean square error": 0.009584259552355534,
        "Root mean square error": 0.09789923162290669,
        "Mean relative error": 0.09682799861274971,
        "Euclidean Distance": 0.479606327373339,
        "r2 score": 0.965205738259226,
        "Execution Time": 0.36292004585266113
    },
    "vintage_score": {
        "original": {
            "Tmean_apr_sep": 20.91026867030965,
            "Tmin_aug_sep": 18.283606557377052,
            "prec_jun_sep": 120.3,
            "vintage_score": -8.122098331799663
        },
        "missing": {
            "Tmean_apr_sep": 20.90454614450516,
            "Tmin_aug_sep": 18.283606557377052,
            "prec_jun_sep": 120.3,
            "vintage_score": -8.087693023045261
        },
        "filled": {
            "Tmean_apr_sep": 20.909184998932716,
            "Tmin_aug_sep": 18.283606557377052,
            "prec_jun_sep": 120.30587857900238,
            "vintage_score": -8.115620273210453
        },
        "Deviation missing": 0.4236012339286439,
        "Deviation filled": 0.07975843586929444,
        "Improvement": 0.3438427980593495
    }
}