{
    "dataset": "Report(Rebutti2023)",
    "gap_parameters": {
        "gap_type": "overlap",
        "perc": "0.0 %",
        "length": 12,
        "seed": 2025
    },
    "algorithm": "SoftImpute",
    "algorithm_parameters": {
        "max_rank": 3
    },
    "metrics": {
        "Missing value percentage": 0.22618231665524333,
        "Missing value percentage between 4 and 9": 0.273224043715847,
        "Mean absolute error": 0.2061855523452954,
        "Mean square error": 0.06700635277959062,
        "Root mean square error": 0.25885585328439187,
        "Mean relative error": 0.1924173727135849,
        "Euclidean Distance": 1.7934059589006661,
        "r2 score": 0.8478648681561816,
        "Execution Time": 0.381695032119751
    },
    "vintage_score": {
        "original": {
            "Tmean_apr_sep": 20.91026867030965,
            "Tmin_aug_sep": 18.283606557377052,
            "prec_jun_sep": 120.3,
            "vintage_score": -8.122098331799663
        },
        "missing": {
            "Tmean_apr_sep": 20.923507617155156,
            "Tmin_aug_sep": 18.324590163934428,
            "prec_jun_sep": 120.3,
            "vintage_score": -8.218622958597166
        },
        "filled": {
            "Tmean_apr_sep": 20.904703137518688,
            "Tmin_aug_sep": 18.235580143120266,
            "prec_jun_sep": 120.32115860873847,
            "vintage_score": -8.069144686934067
        },
        "Deviation missing": 1.1884198252019407,
        "Deviation filled": 0.6519700045771645,
        "Improvement": 0.5364498206247762
    }
}