{
    "dataset": "Report(Rebutti2023)",
    "gap_parameters": {
        "gap_type": "overlap",
        "perc": "0.0 %",
        "length": 48,
        "seed": 2025
    },
    "algorithm": "SoftImpute",
    "algorithm_parameters": {
        "max_rank": 3
    },
    "metrics": {
        "Missing value percentage": 0.7196710075394106,
        "Missing value percentage between 4 and 9": 1.092896174863388,
        "Mean absolute error": 0.10022133763167874,
        "Mean square error": 0.022689443692154455,
        "Root mean square error": 0.15063015532141782,
        "Mean relative error": 0.08256869129288459,
        "Euclidean Distance": 2.0871926573495028,
        "r2 score": 0.9651138895245118,
        "Execution Time": 0.41131114959716797
    },
    "vintage_score": {
        "original": {
            "Tmean_apr_sep": 20.91026867030965,
            "Tmin_aug_sep": 18.283606557377052,
            "prec_jun_sep": 120.3,
            "vintage_score": -8.122098331799663
        },
        "missing": {
            "Tmean_apr_sep": 20.840417915417916,
            "Tmin_aug_sep": 18.15666666666667,
            "prec_jun_sep": 120.3,
            "vintage_score": -7.653273278762782
        },
        "filled": {
            "Tmean_apr_sep": 20.90151833995846,
            "Tmin_aug_sep": 18.205592365965057,
            "prec_jun_sep": 120.43112524801053,
            "vintage_score": -8.038514188344408
        },
        "Deviation missing": 5.772215921116533,
        "Deviation filled": 1.0290954386504534,
        "Improvement": 4.74312048246608
    }
}