{
    "dataset": "Report(Rebutti2023)",
    "gap_parameters": {
        "gap_type": "overlap",
        "perc": "0.0 %",
        "length": 48,
        "seed": 2025
    },
    "algorithm": "Naive",
    "algorithm_parameters": {},
    "metrics": {
        "Missing value percentage": 0.7196710075394106,
        "Missing value percentage between 4 and 9": 1.092896174863388,
        "Mean absolute error": 0.2724276915868292,
        "Mean square error": 0.14894838650385575,
        "Root mean square error": 0.385938319558781,
        "Mean relative error": 0.22444320239401788,
        "Euclidean Distance": 5.347718224508511,
        "r2 score": 0.7709846950317263,
        "Execution Time": 0.25023770332336426
    },
    "vintage_score": {
        "original": {
            "Tmean_apr_sep": 20.91026867030965,
            "Tmin_aug_sep": 18.283606557377052,
            "prec_jun_sep": 120.3,
            "vintage_score": -8.122098331799663
        },
        "missing": {
            "Tmean_apr_sep": 20.840417915417916,
            "Tmin_aug_sep": 18.15666666666667,
            "prec_jun_sep": 120.3,
            "vintage_score": -7.653273278762782
        },
        "filled": {
            "Tmean_apr_sep": 20.894831511839705,
            "Tmin_aug_sep": 18.310973569755774,
            "prec_jun_sep": 120.3,
            "vintage_score": -8.040578331347717
        },
        "Deviation missing": 5.772215921116533,
        "Deviation filled": 1.0036815256567144,
        "Improvement": 4.7685343954598185
    }
}