{
    "dataset": "Report(Rebutti2023)",
    "gap_parameters": {
        "gap_type": "overlap",
        "perc": "50.0 %",
        "length": 24,
        "seed": 2023
    },
    "algorithm": "Naive",
    "algorithm_parameters": {},
    "metrics": {
        "Missing value percentage": 0.39067854694996573,
        "Missing value percentage between 4 and 9": 0.546448087431694,
        "Mean absolute error": 0.5056689846374008,
        "Mean square error": 0.48551477921441905,
        "Root mean square error": 0.696788905777366,
        "Mean relative error": 1.0846400871199324,
        "Euclidean Distance": 6.827109110347124,
        "r2 score": -0.9640956969378824,
        "Execution Time": 0.24164390563964844
    },
    "vintage_score": {
        "original": {
            "Tmean_apr_sep": 20.91026867030965,
            "Tmin_aug_sep": 18.283606557377052,
            "prec_jun_sep": 120.3,
            "vintage_score": -8.122098331799663
        },
        "missing": {
            "Tmean_apr_sep": 20.9220415907711,
            "Tmin_aug_sep": 18.38688524590164,
            "prec_jun_sep": 120.3,
            "vintage_score": -8.23525069291594
        },
        "filled": {
            "Tmean_apr_sep": 20.938296903460838,
            "Tmin_aug_sep": 18.38688524590164,
            "prec_jun_sep": 120.3,
            "vintage_score": -8.333484308262996
        },
        "Deviation missing": 1.393141975064045,
        "Deviation filled": 2.6026030199082206,
        "Improvement": -1.2094610448441756
    }
}