{
    "dataset": "Report(Rebutti2023)",
    "gap_parameters": {
        "gap_type": "overlap",
        "perc": "0.0 %",
        "length": 24,
        "seed": 2025
    },
    "algorithm": "Naive",
    "algorithm_parameters": {},
    "metrics": {
        "Missing value percentage": 0.39067854694996573,
        "Missing value percentage between 4 and 9": 0.546448087431694,
        "Mean absolute error": 0.301507626938453,
        "Mean square error": 0.16533833497904601,
        "Root mean square error": 0.406618168530436,
        "Mean relative error": 0.22639167953306774,
        "Euclidean Distance": 3.984028132178359,
        "r2 score": 0.7866768504998204,
        "Execution Time": 0.22720003128051758
    },
    "vintage_score": {
        "original": {
            "Tmean_apr_sep": 20.91026867030965,
            "Tmin_aug_sep": 18.283606557377052,
            "prec_jun_sep": 120.3,
            "vintage_score": -8.122098331799663
        },
        "missing": {
            "Tmean_apr_sep": 20.90110324557046,
            "Tmin_aug_sep": 18.324590163934428,
            "prec_jun_sep": 120.3,
            "vintage_score": -8.083773045041255
        },
        "filled": {
            "Tmean_apr_sep": 20.906693989071037,
            "Tmin_aug_sep": 18.324590163934428,
            "prec_jun_sep": 120.3,
            "vintage_score": -8.117359404878528
        },
        "Deviation missing": 0.47186435318514125,
        "Deviation filled": 0.05834609145990302,
        "Improvement": 0.4135182617252382
    }
}