{
    "dataset": "Report(Rebutti2023)",
    "gap_parameters": {
        "gap_type": "overlap",
        "perc": "0.0 %",
        "length": 3,
        "seed": 2023
    },
    "algorithm": "Naive",
    "algorithm_parameters": {},
    "metrics": {
        "Missing value percentage": 0.10281014393420151,
        "Missing value percentage between 4 and 9": 0.06830601092896176,
        "Mean absolute error": 0.1225801143124033,
        "Mean square error": 0.025614132464748907,
        "Root mean square error": 0.1600441578588513,
        "Mean relative error": 0.13281729773852946,
        "Euclidean Distance": 0.5544092257322316,
        "r2 score": 0.9199118914314538,
        "Execution Time": 0.2127532958984375
    },
    "vintage_score": {
        "original": {
            "Tmean_apr_sep": 20.91026867030965,
            "Tmin_aug_sep": 18.283606557377052,
            "prec_jun_sep": 120.3,
            "vintage_score": -8.122098331799663
        },
        "missing": {
            "Tmean_apr_sep": 20.906567135050743,
            "Tmin_aug_sep": 18.283606557377052,
            "prec_jun_sep": 120.3,
            "vintage_score": -8.099838662724466
        },
        "filled": {
            "Tmean_apr_sep": 20.90927823315118,
            "Tmin_aug_sep": 18.283606557377052,
            "prec_jun_sep": 120.3,
            "vintage_score": -8.116140384460977
        },
        "Deviation missing": 0.27406303353957107,
        "Deviation filled": 0.07335477970464332,
        "Improvement": 0.20070825383492774
    }
}