{
    "dataset": "Report(Bertelegni2023)",
    "gap_parameters": {
        "gap_type": "overlap",
        "perc": "100.0 %",
        "length": 3,
        "seed": 2025
    },
    "algorithm": "Autoformer",
    "algorithm_parameters": {
        "n_layers": 3,
        "d_model": 128,
        "d_ffn": 16,
        "n_heads": 2,
        "factor": 3,
        "moving_avg_window_size": 25,
        "dropout": 0,
        "epochs": 100,
        "batch_size": 32,
        "ORT_weight": 1,
        "MIT_weight": 1,
        "num_workers": 0,
        "patience": 10,
        "lr": 0.0016391197440885812,
        "device": "cuda"
    },
    "metrics": {
        "Missing value percentage": 1.4393420150788212,
        "Missing value percentage between 4 and 9": 0.06830601092896176,
        "Mean absolute error": 0.552028748182521,
        "Mean square error": 0.41485051638040593,
        "Root mean square error": 0.6440889040966363,
        "Mean relative error": 0.5484978694409124,
        "Euclidean Distance": 2.231189412973557,
        "r2 score": -0.09538581053748718,
        "Execution Time": 9.519120216369629
    },
    "vintage_score": {
        "original": {
            "Tmean_apr_sep": 20.354001429188713,
            "Tmin_aug_sep": 16.15245901639344,
            "prec_jun_sep": 125.0,
            "vintage_score": -4.14670757438347
        },
        "missing": {
            "Tmean_apr_sep": 20.356307994485302,
            "Tmin_aug_sep": 16.15245901639344,
            "prec_jun_sep": 125.0,
            "vintage_score": -4.158845413171321
        },
        "filled": {
            "Tmean_apr_sep": 20.30171734006654,
            "Tmin_aug_sep": 16.076340512774014,
            "prec_jun_sep": 125.03449352064256,
            "vintage_score": -3.842624794255727
        },
        "Deviation missing": 0.29271026640106024,
        "Deviation filled": 7.333113673272558,
        "Improvement": -7.040403406871498
    }
}