{
    "dataset": "Report(Bertelegni2023)",
    "gap_parameters": {
        "gap_type": "overlap",
        "perc": "0.0 %",
        "length": 12,
        "seed": 2025
    },
    "algorithm": "Autoformer",
    "algorithm_parameters": {
        "n_layers": 3,
        "d_model": 128,
        "d_ffn": 16,
        "n_heads": 2,
        "factor": 3,
        "moving_avg_window_size": 25,
        "dropout": 0,
        "epochs": 100,
        "batch_size": 32,
        "ORT_weight": 1,
        "MIT_weight": 1,
        "num_workers": 0,
        "patience": 10,
        "lr": 0.0016391197440885812,
        "device": "cuda"
    },
    "metrics": {
        "Missing value percentage": 1.562714187799863,
        "Missing value percentage between 4 and 9": 0.273224043715847,
        "Mean absolute error": 0.9155552125683676,
        "Mean square error": 1.1378861787831753,
        "Root mean square error": 1.0667174784277116,
        "Mean relative error": 1.0633140440526367,
        "Euclidean Distance": 7.390435479834294,
        "r2 score": -2.37005529574946,
        "Execution Time": 9.468845129013062
    },
    "vintage_score": {
        "original": {
            "Tmean_apr_sep": 20.354001429188713,
            "Tmin_aug_sep": 16.15245901639344,
            "prec_jun_sep": 125.0,
            "vintage_score": -4.14670757438347
        },
        "missing": {
            "Tmean_apr_sep": 20.37561865531414,
            "Tmin_aug_sep": 16.26229508196721,
            "prec_jun_sep": 125.0,
            "vintage_score": -4.305659316513385
        },
        "filled": {
            "Tmean_apr_sep": 20.274161977774817,
            "Tmin_aug_sep": 15.930977125707194,
            "prec_jun_sep": 125.0338483875646,
            "vintage_score": -3.6406918560595045
        },
        "Deviation missing": 3.8332035543535468,
        "Deviation filled": 12.202831023096666,
        "Improvement": -8.369627468743118
    }
}