{
    "dataset": "Report(Bertelegni2023)",
    "gap_parameters": {
        "gap_type": "overlap",
        "perc": "50.0 %",
        "length": 6,
        "seed": 2023
    },
    "algorithm": "Autoformer",
    "algorithm_parameters": {
        "n_layers": 3,
        "d_model": 128,
        "d_ffn": 16,
        "n_heads": 2,
        "factor": 3,
        "moving_avg_window_size": 25,
        "dropout": 0,
        "epochs": 100,
        "batch_size": 32,
        "ORT_weight": 1,
        "MIT_weight": 1,
        "num_workers": 0,
        "patience": 10,
        "lr": 0.0016391197440885812,
        "device": "cuda"
    },
    "metrics": {
        "Missing value percentage": 1.4804660726525016,
        "Missing value percentage between 4 and 9": 0.1366120218579235,
        "Mean absolute error": 0.21391260257140857,
        "Mean square error": 0.07926503325172737,
        "Root mean square error": 0.28154046467910676,
        "Mean relative error": 0.2865246371728057,
        "Euclidean Distance": 1.379260960819792,
        "r2 score": 0.6888307162112842,
        "Execution Time": 9.873949766159058
    },
    "vintage_score": {
        "original": {
            "Tmean_apr_sep": 20.354001429188713,
            "Tmin_aug_sep": 16.15245901639344,
            "prec_jun_sep": 125.0,
            "vintage_score": -4.14670757438347
        },
        "missing": {
            "Tmean_apr_sep": 20.347952552443118,
            "Tmin_aug_sep": 16.15245901639344,
            "prec_jun_sep": 125.0,
            "vintage_score": -4.1149108870538385
        },
        "filled": {
            "Tmean_apr_sep": 20.292821745809608,
            "Tmin_aug_sep": 16.15245901639344,
            "prec_jun_sep": 124.99060344200748,
            "vintage_score": -3.827333997687134
        },
        "Deviation missing": 0.7667935768139831,
        "Deviation filled": 7.70185914891334,
        "Improvement": -6.935065572099357
    }
}