{
    "dataset": "Report(Bertelegni2023)",
    "gap_parameters": {
        "gap_type": "overlap",
        "perc": "100.0 %",
        "length": 6,
        "seed": 2025
    },
    "algorithm": "Autoformer",
    "algorithm_parameters": {
        "n_layers": 3,
        "d_model": 128,
        "d_ffn": 16,
        "n_heads": 2,
        "factor": 3,
        "moving_avg_window_size": 25,
        "dropout": 0,
        "epochs": 100,
        "batch_size": 32,
        "ORT_weight": 1,
        "MIT_weight": 1,
        "num_workers": 0,
        "patience": 10,
        "lr": 0.0016391197440885812,
        "device": "cuda"
    },
    "metrics": {
        "Missing value percentage": 1.4804660726525016,
        "Missing value percentage between 4 and 9": 0.1366120218579235,
        "Mean absolute error": 0.8669346711944208,
        "Mean square error": 1.0318676018501838,
        "Root mean square error": 1.0158088411951256,
        "Mean relative error": 0.9492626980943425,
        "Euclidean Distance": 4.976426674271956,
        "r2 score": -2.1565336819246075,
        "Execution Time": 9.24698257446289
    },
    "vintage_score": {
        "original": {
            "Tmean_apr_sep": 20.354001429188713,
            "Tmin_aug_sep": 16.15245901639344,
            "prec_jun_sep": 125.0,
            "vintage_score": -4.14670757438347
        },
        "missing": {
            "Tmean_apr_sep": 20.360622558514763,
            "Tmin_aug_sep": 16.15245901639344,
            "prec_jun_sep": 125.0,
            "vintage_score": -4.181569341076795
        },
        "filled": {
            "Tmean_apr_sep": 20.295505969075695,
            "Tmin_aug_sep": 15.943466217535224,
            "prec_jun_sep": 125.03409209952858,
            "vintage_score": -3.7560805627751677
        },
        "Deviation missing": 0.8407095525299564,
        "Deviation filled": 9.420172621320672,
        "Improvement": -8.579463068790716
    }
}