{
    "dataset": "Report(Bertelegni2023)",
    "gap_parameters": {
        "gap_type": "overlap",
        "perc": "0.0 %",
        "length": 6,
        "seed": 2023
    },
    "algorithm": "Autoformer",
    "algorithm_parameters": {
        "n_layers": 3,
        "d_model": 128,
        "d_ffn": 16,
        "n_heads": 2,
        "factor": 3,
        "moving_avg_window_size": 25,
        "dropout": 0,
        "epochs": 100,
        "batch_size": 32,
        "ORT_weight": 1,
        "MIT_weight": 1,
        "num_workers": 0,
        "patience": 10,
        "lr": 0.0016391197440885812,
        "device": "cuda"
    },
    "metrics": {
        "Missing value percentage": 1.4804660726525016,
        "Missing value percentage between 4 and 9": 0.1366120218579235,
        "Mean absolute error": 0.16991489007307892,
        "Mean square error": 0.06329280077938867,
        "Root mean square error": 0.2515806049348572,
        "Mean relative error": 0.2275920242342621,
        "Euclidean Distance": 1.2324882225422649,
        "r2 score": 0.7515326155865197,
        "Execution Time": 9.71109938621521
    },
    "vintage_score": {
        "original": {
            "Tmean_apr_sep": 20.354001429188713,
            "Tmin_aug_sep": 16.15245901639344,
            "prec_jun_sep": 125.0,
            "vintage_score": -4.14670757438347
        },
        "missing": {
            "Tmean_apr_sep": 20.347952552443118,
            "Tmin_aug_sep": 16.15245901639344,
            "prec_jun_sep": 125.0,
            "vintage_score": -4.1149108870538385
        },
        "filled": {
            "Tmean_apr_sep": 20.304784031084353,
            "Tmin_aug_sep": 16.15245901639344,
            "prec_jun_sep": 125.02494295642018,
            "vintage_score": -3.8896052702642407
        },
        "Deviation missing": 0.7667935768139831,
        "Deviation filled": 6.200155171478541,
        "Improvement": -5.433361594664558
    }
}