{
    "dataset": "Report(Bertelegni2023)",
    "gap_parameters": {
        "gap_type": "overlap",
        "perc": "50.0 %",
        "length": 48,
        "seed": 2025
    },
    "algorithm": "Autoformer",
    "algorithm_parameters": {
        "n_layers": 3,
        "d_model": 128,
        "d_ffn": 16,
        "n_heads": 2,
        "factor": 3,
        "moving_avg_window_size": 25,
        "dropout": 0,
        "epochs": 100,
        "batch_size": 32,
        "ORT_weight": 1,
        "MIT_weight": 1,
        "num_workers": 0,
        "patience": 10,
        "lr": 0.0016391197440885812,
        "device": "cuda"
    },
    "metrics": {
        "Missing value percentage": 2.0562028786840303,
        "Missing value percentage between 4 and 9": 1.092896174863388,
        "Mean absolute error": 1.3279893378351497,
        "Mean square error": 4.724500206060487,
        "Root mean square error": 2.173591545360003,
        "Mean relative error": 0.9495262816271107,
        "Euclidean Distance": 30.118167931725498,
        "r2 score": -0.5017300277440777,
        "Execution Time": 9.721149921417236
    },
    "vintage_score": {
        "original": {
            "Tmean_apr_sep": 20.354001429188713,
            "Tmin_aug_sep": 16.15245901639344,
            "prec_jun_sep": 125.0,
            "vintage_score": -4.14670757438347
        },
        "missing": {
            "Tmean_apr_sep": 20.275245942535907,
            "Tmin_aug_sep": 16.081666666666663,
            "prec_jun_sep": 108.2,
            "vintage_score": -3.5914379686328743
        },
        "filled": {
            "Tmean_apr_sep": 20.158730674178784,
            "Tmin_aug_sep": 15.718189247512585,
            "prec_jun_sep": 108.23816518495713,
            "vintage_score": -2.851799527514288
        },
        "Deviation missing": 13.390614018234759,
        "Deviation filled": 31.227377953259893,
        "Improvement": -17.836763935025132
    }
}