{
    "dataset": "Report(Bertelegni2023)",
    "gap_parameters": {
        "gap_type": "overlap",
        "perc": "100.0 %",
        "length": 24,
        "seed": 2024
    },
    "algorithm": "Autoformer",
    "algorithm_parameters": {
        "n_layers": 3,
        "d_model": 128,
        "d_ffn": 16,
        "n_heads": 2,
        "factor": 3,
        "moving_avg_window_size": 25,
        "dropout": 0,
        "epochs": 100,
        "batch_size": 32,
        "ORT_weight": 1,
        "MIT_weight": 1,
        "num_workers": 0,
        "patience": 10,
        "lr": 0.0016391197440885812,
        "device": "cuda"
    },
    "metrics": {
        "Missing value percentage": 1.7272104180945853,
        "Missing value percentage between 4 and 9": 0.546448087431694,
        "Mean absolute error": 0.9789176873042711,
        "Mean square error": 1.3822592828188145,
        "Root mean square error": 1.1756952338164914,
        "Mean relative error": 0.8794568095828086,
        "Euclidean Distance": 11.519413663490326,
        "r2 score": -1.3279476979298783,
        "Execution Time": 9.448225736618042
    },
    "vintage_score": {
        "original": {
            "Tmean_apr_sep": 20.354001429188713,
            "Tmin_aug_sep": 16.15245901639344,
            "prec_jun_sep": 125.0,
            "vintage_score": -4.14670757438347
        },
        "missing": {
            "Tmean_apr_sep": 20.337084307148643,
            "Tmin_aug_sep": 16.15245901639344,
            "prec_jun_sep": 125.0,
            "vintage_score": -4.057905418629332
        },
        "filled": {
            "Tmean_apr_sep": 20.240326857431935,
            "Tmin_aug_sep": 15.897308458548535,
            "prec_jun_sep": 125.02130943965554,
            "vintage_score": -3.4532862278444156
        },
        "Deviation missing": 2.1415099608836274,
        "Deviation filled": 16.722214771610744,
        "Improvement": -14.580704810727116
    }
}