{
    "dataset": "Report(Bertelegni2023)",
    "gap_parameters": {
        "gap_type": "overlap",
        "perc": "100.0 %",
        "length": 3,
        "seed": 2024
    },
    "algorithm": "Autoformer",
    "algorithm_parameters": {
        "n_layers": 3,
        "d_model": 128,
        "d_ffn": 16,
        "n_heads": 2,
        "factor": 3,
        "moving_avg_window_size": 25,
        "dropout": 0,
        "epochs": 100,
        "batch_size": 32,
        "ORT_weight": 1,
        "MIT_weight": 1,
        "num_workers": 0,
        "patience": 10,
        "lr": 0.0016391197440885812,
        "device": "cuda"
    },
    "metrics": {
        "Missing value percentage": 1.4393420150788212,
        "Missing value percentage between 4 and 9": 0.06830601092896176,
        "Mean absolute error": 0.6777640421272013,
        "Mean square error": 0.6431513114661994,
        "Root mean square error": 0.8019671511141834,
        "Mean relative error": 0.525103603781439,
        "Euclidean Distance": 2.7780957034621823,
        "r2 score": -0.025465134305383996,
        "Execution Time": 9.582987785339355
    },
    "vintage_score": {
        "original": {
            "Tmean_apr_sep": 20.354001429188713,
            "Tmin_aug_sep": 16.15245901639344,
            "prec_jun_sep": 125.0,
            "vintage_score": -4.14670757438347
        },
        "missing": {
            "Tmean_apr_sep": 20.352632056302948,
            "Tmin_aug_sep": 16.15245901639344,
            "prec_jun_sep": 125.0,
            "vintage_score": -4.139504941214341
        },
        "filled": {
            "Tmean_apr_sep": 20.302831442483257,
            "Tmin_aug_sep": 16.09348279909003,
            "prec_jun_sep": 124.98254458778194,
            "vintage_score": -3.855057628332048
        },
        "Deviation missing": 0.17369522783867733,
        "Deviation filled": 7.033289442764337,
        "Improvement": -6.85959421492566
    }
}