{
    "dataset": "Report(Bertelegni2023)",
    "gap_parameters": {
        "gap_type": "overlap",
        "perc": "100.0 %",
        "length": 48,
        "seed": 2024
    },
    "algorithm": "Autoformer",
    "algorithm_parameters": {
        "n_layers": 3,
        "d_model": 128,
        "d_ffn": 16,
        "n_heads": 2,
        "factor": 3,
        "moving_avg_window_size": 25,
        "dropout": 0,
        "epochs": 100,
        "batch_size": 32,
        "ORT_weight": 1,
        "MIT_weight": 1,
        "num_workers": 0,
        "patience": 10,
        "lr": 0.0016391197440885812,
        "device": "cuda"
    },
    "metrics": {
        "Missing value percentage": 2.0562028786840303,
        "Missing value percentage between 4 and 9": 1.092896174863388,
        "Mean absolute error": 1.2871250439574509,
        "Mean square error": 10.310928436981522,
        "Root mean square error": 3.2110634433130594,
        "Mean relative error": 0.9657074717879357,
        "Euclidean Distance": 44.49380024116239,
        "r2 score": -0.1858298559525342,
        "Execution Time": 9.557942390441895
    },
    "vintage_score": {
        "original": {
            "Tmean_apr_sep": 20.354001429188713,
            "Tmin_aug_sep": 16.15245901639344,
            "prec_jun_sep": 125.0,
            "vintage_score": -4.14670757438347
        },
        "missing": {
            "Tmean_apr_sep": 20.317645209935172,
            "Tmin_aug_sep": 16.10833333333333,
            "prec_jun_sep": 76.7,
            "vintage_score": -3.6041622709991543
        },
        "filled": {
            "Tmean_apr_sep": 20.214803426875008,
            "Tmin_aug_sep": 15.751122247716639,
            "prec_jun_sep": 76.83005727912426,
            "vintage_score": -2.9302340115928303
        },
        "Deviation missing": 13.0837608790145,
        "Deviation filled": 29.335889762409984,
        "Improvement": -16.252128883395486
    }
}