{
    "dataset": "Report(Bertelegni2023)",
    "gap_parameters": {
        "gap_type": "overlap",
        "perc": "100.0 %",
        "length": 12,
        "seed": 2023
    },
    "algorithm": "Autoformer",
    "algorithm_parameters": {
        "n_layers": 3,
        "d_model": 128,
        "d_ffn": 16,
        "n_heads": 2,
        "factor": 3,
        "moving_avg_window_size": 25,
        "dropout": 0,
        "epochs": 100,
        "batch_size": 32,
        "ORT_weight": 1,
        "MIT_weight": 1,
        "num_workers": 0,
        "patience": 10,
        "lr": 0.0016391197440885812,
        "device": "cuda"
    },
    "metrics": {
        "Missing value percentage": 1.562714187799863,
        "Missing value percentage between 4 and 9": 0.273224043715847,
        "Mean absolute error": 0.16560727858142404,
        "Mean square error": 0.05415083806809727,
        "Root mean square error": 0.23270332629358195,
        "Mean relative error": 0.38870045727533714,
        "Euclidean Distance": 1.612215936923067,
        "r2 score": 0.7941634121525385,
        "Execution Time": 9.944849491119385
    },
    "vintage_score": {
        "original": {
            "Tmean_apr_sep": 20.354001429188713,
            "Tmin_aug_sep": 16.15245901639344,
            "prec_jun_sep": 125.0,
            "vintage_score": -4.14670757438347
        },
        "missing": {
            "Tmean_apr_sep": 20.354973976677655,
            "Tmin_aug_sep": 16.17868852459016,
            "prec_jun_sep": 125.0,
            "vintage_score": -4.162549776100519
        },
        "filled": {
            "Tmean_apr_sep": 20.30178548829316,
            "Tmin_aug_sep": 16.136376086904956,
            "prec_jun_sep": 124.97213299563799,
            "vintage_score": -3.867095604601815
        },
        "Deviation missing": 0.38204289627065946,
        "Deviation filled": 6.742987412687946,
        "Improvement": -6.360944516417287
    }
}