{
    "dataset": "Report(Bertelegni2023)",
    "gap_parameters": {
        "gap_type": "overlap",
        "perc": "0.0 %",
        "length": 24,
        "seed": 2023
    },
    "algorithm": "Autoformer",
    "algorithm_parameters": {
        "n_layers": 3,
        "d_model": 128,
        "d_ffn": 16,
        "n_heads": 2,
        "factor": 3,
        "moving_avg_window_size": 25,
        "dropout": 0,
        "epochs": 100,
        "batch_size": 32,
        "ORT_weight": 1,
        "MIT_weight": 1,
        "num_workers": 0,
        "patience": 10,
        "lr": 0.0016391197440885812,
        "device": "cuda"
    },
    "metrics": {
        "Missing value percentage": 1.7272104180945853,
        "Missing value percentage between 4 and 9": 0.546448087431694,
        "Mean absolute error": 0.22886375790309457,
        "Mean square error": 0.09408695710749197,
        "Root mean square error": 0.3067359729596318,
        "Mean relative error": 0.4877480086840668,
        "Euclidean Distance": 3.0053864780289614,
        "r2 score": 0.7030694165128695,
        "Execution Time": 9.859120845794678
    },
    "vintage_score": {
        "original": {
            "Tmean_apr_sep": 20.354001429188713,
            "Tmin_aug_sep": 16.15245901639344,
            "prec_jun_sep": 125.0,
            "vintage_score": -4.14670757438347
        },
        "missing": {
            "Tmean_apr_sep": 20.36559068237633,
            "Tmin_aug_sep": 16.270491803278688,
            "prec_jun_sep": 125.0,
            "vintage_score": -4.256030355559972
        },
        "filled": {
            "Tmean_apr_sep": 20.291090915798076,
            "Tmin_aug_sep": 16.129281537881212,
            "prec_jun_sep": 125.00046154336158,
            "vintage_score": -3.8089653238471044
        },
        "Deviation missing": 2.636375466933086,
        "Deviation filled": 8.14482922844109,
        "Improvement": -5.508453761508004
    }
}