{
    "dataset": "Report(Bertelegni2023)",
    "gap_parameters": {
        "gap_type": "overlap",
        "perc": "50.0 %",
        "length": 24,
        "seed": 2023
    },
    "algorithm": "Autoformer",
    "algorithm_parameters": {
        "n_layers": 3,
        "d_model": 128,
        "d_ffn": 16,
        "n_heads": 2,
        "factor": 3,
        "moving_avg_window_size": 25,
        "dropout": 0,
        "epochs": 100,
        "batch_size": 32,
        "ORT_weight": 1,
        "MIT_weight": 1,
        "num_workers": 0,
        "patience": 10,
        "lr": 0.0016391197440885812,
        "device": "cuda"
    },
    "metrics": {
        "Missing value percentage": 1.7272104180945853,
        "Missing value percentage between 4 and 9": 0.546448087431694,
        "Mean absolute error": 0.2114196943939956,
        "Mean square error": 0.07723575002711505,
        "Root mean square error": 0.2779132059242868,
        "Mean relative error": 0.45057171079454256,
        "Euclidean Distance": 2.722982189182133,
        "r2 score": 0.7562504195409752,
        "Execution Time": 9.14867115020752
    },
    "vintage_score": {
        "original": {
            "Tmean_apr_sep": 20.354001429188713,
            "Tmin_aug_sep": 16.15245901639344,
            "prec_jun_sep": 125.0,
            "vintage_score": -4.14670757438347
        },
        "missing": {
            "Tmean_apr_sep": 20.36559068237633,
            "Tmin_aug_sep": 16.270491803278688,
            "prec_jun_sep": 125.0,
            "vintage_score": -4.256030355559972
        },
        "filled": {
            "Tmean_apr_sep": 20.29094516227399,
            "Tmin_aug_sep": 16.144675562253216,
            "prec_jun_sep": 125.18338589583021,
            "vintage_score": -3.815771107081389
        },
        "Deviation missing": 2.636375466933086,
        "Deviation filled": 7.980704242239324,
        "Improvement": -5.344328775306238
    }
}