{
    "dataset": "Report(Rebutti2023)",
    "gap_parameters": {
        "gap_type": "overlap",
        "perc": "50.0 %",
        "length": 6,
        "seed": 2023
    },
    "algorithm": "CDMissingValueRecovery",
    "algorithm_parameters": {
        "truncation": 3,
        "eps": 0.0006726626404970295
    },
    "metrics": {
        "Missing value percentage": 0.1439342015078821,
        "Missing value percentage between 4 and 9": 0.1366120218579235,
        "Mean absolute error": 0.08494568283374677,
        "Mean square error": 0.011445015299232612,
        "Root mean square error": 0.10698137828254323,
        "Mean relative error": 0.10966868269405573,
        "Euclidean Distance": 0.5240995775438043,
        "r2 score": 0.9584505348823956,
        "Execution Time": 0.29288721084594727
    },
    "vintage_score": {
        "original": {
            "Tmean_apr_sep": 20.91026867030965,
            "Tmin_aug_sep": 18.283606557377052,
            "prec_jun_sep": 120.3,
            "vintage_score": -8.122098331799663
        },
        "missing": {
            "Tmean_apr_sep": 20.90454614450516,
            "Tmin_aug_sep": 18.283606557377052,
            "prec_jun_sep": 120.3,
            "vintage_score": -8.087693023045261
        },
        "filled": {
            "Tmean_apr_sep": 20.909144706982495,
            "Tmin_aug_sep": 18.283606557377052,
            "prec_jun_sep": 120.25081369693095,
            "vintage_score": -8.11499699254432
        },
        "Deviation missing": 0.4236012339286439,
        "Deviation filled": 0.08743232309241228,
        "Improvement": 0.3361689108362316
    }
}