{
    "dataset": "Report(Rebutti2023)",
    "gap_parameters": {
        "gap_type": "overlap",
        "perc": "100.0 %",
        "length": 6,
        "seed": 2024
    },
    "algorithm": "CDMissingValueRecovery",
    "algorithm_parameters": {
        "truncation": 3,
        "eps": 0.0006726626404970295
    },
    "metrics": {
        "Missing value percentage": 0.1439342015078821,
        "Missing value percentage between 4 and 9": 0.1366120218579235,
        "Mean absolute error": 0.07004002766790249,
        "Mean square error": 0.007073236638286971,
        "Root mean square error": 0.08410253645572749,
        "Mean relative error": 0.05556094355083092,
        "Euclidean Distance": 0.41201660078071417,
        "r2 score": 0.988651208628849,
        "Execution Time": 0.3340942859649658
    },
    "vintage_score": {
        "original": {
            "Tmean_apr_sep": 20.91026867030965,
            "Tmin_aug_sep": 18.283606557377052,
            "prec_jun_sep": 120.3,
            "vintage_score": -8.122098331799663
        },
        "missing": {
            "Tmean_apr_sep": 20.90640558591378,
            "Tmin_aug_sep": 18.283606557377052,
            "prec_jun_sep": 120.3,
            "vintage_score": -8.098867589492698
        },
        "filled": {
            "Tmean_apr_sep": 20.909754682434922,
            "Tmin_aug_sep": 18.283606557377052,
            "prec_jun_sep": 120.34340033282757,
            "vintage_score": -8.119306529175049
        },
        "Deviation missing": 0.2860189738901724,
        "Deviation filled": 0.034372923234426,
        "Improvement": 0.2516460506557464
    }
}