{
    "dataset": "Report(Rebutti2023)",
    "gap_parameters": {
        "gap_type": "overlap",
        "perc": "0.0 %",
        "length": 12,
        "seed": 2025
    },
    "algorithm": "CDMissingValueRecovery",
    "algorithm_parameters": {
        "truncation": 3,
        "eps": 0.0006726626404970295
    },
    "metrics": {
        "Missing value percentage": 0.22618231665524333,
        "Missing value percentage between 4 and 9": 0.273224043715847,
        "Mean absolute error": 0.16865869542112608,
        "Mean square error": 0.04302561322693696,
        "Root mean square error": 0.20742616331344743,
        "Mean relative error": 0.15739639702730265,
        "Euclidean Distance": 1.4370906147118967,
        "r2 score": 0.9023121380375304,
        "Execution Time": 0.2847309112548828
    },
    "vintage_score": {
        "original": {
            "Tmean_apr_sep": 20.91026867030965,
            "Tmin_aug_sep": 18.283606557377052,
            "prec_jun_sep": 120.3,
            "vintage_score": -8.122098331799663
        },
        "missing": {
            "Tmean_apr_sep": 20.923507617155156,
            "Tmin_aug_sep": 18.324590163934428,
            "prec_jun_sep": 120.3,
            "vintage_score": -8.218622958597166
        },
        "filled": {
            "Tmean_apr_sep": 20.90598728422229,
            "Tmin_aug_sep": 18.24651059126834,
            "prec_jun_sep": 120.10672077102234,
            "vintage_score": -8.079847692924261
        },
        "Deviation missing": 1.1884198252019407,
        "Deviation filled": 0.5201936390006726,
        "Improvement": 0.6682261862012681
    }
}