{
    "dataset": "Report(Rebutti2023)",
    "gap_parameters": {
        "gap_type": "overlap",
        "perc": "0.0 %",
        "length": 24,
        "seed": 2023
    },
    "algorithm": "CDMissingValueRecovery",
    "algorithm_parameters": {
        "truncation": 3,
        "eps": 0.0006726626404970295
    },
    "metrics": {
        "Missing value percentage": 0.39067854694996573,
        "Missing value percentage between 4 and 9": 0.546448087431694,
        "Mean absolute error": 0.10117908578844119,
        "Mean square error": 0.01657828458993152,
        "Root mean square error": 0.12875668755420636,
        "Mean relative error": 0.21702516024980867,
        "Euclidean Distance": 1.2615527419150745,
        "r2 score": 0.9329344052546009,
        "Execution Time": 0.3411581516265869
    },
    "vintage_score": {
        "original": {
            "Tmean_apr_sep": 20.91026867030965,
            "Tmin_aug_sep": 18.283606557377052,
            "prec_jun_sep": 120.3,
            "vintage_score": -8.122098331799663
        },
        "missing": {
            "Tmean_apr_sep": 20.9220415907711,
            "Tmin_aug_sep": 18.38688524590164,
            "prec_jun_sep": 120.3,
            "vintage_score": -8.23525069291594
        },
        "filled": {
            "Tmean_apr_sep": 20.905053136198116,
            "Tmin_aug_sep": 18.272176664476305,
            "prec_jun_sep": 119.87853074610217,
            "vintage_score": -8.083149985606184
        },
        "Deviation missing": 1.393141975064045,
        "Deviation filled": 0.47953551659166793,
        "Improvement": 0.9136064584723771
    }
}