{
    "dataset": "Report(Rebutti2023)",
    "gap_parameters": {
        "gap_type": "overlap",
        "perc": "100.0 %",
        "length": 12,
        "seed": 2024
    },
    "algorithm": "CDMissingValueRecovery",
    "algorithm_parameters": {
        "truncation": 3,
        "eps": 0.0006726626404970295
    },
    "metrics": {
        "Missing value percentage": 0.22618231665524333,
        "Missing value percentage between 4 and 9": 0.273224043715847,
        "Mean absolute error": 0.09812119901322212,
        "Mean square error": 0.016263085189566543,
        "Root mean square error": 0.12752680184795093,
        "Mean relative error": 0.07963798870520149,
        "Euclidean Distance": 0.8835316005096877,
        "r2 score": 0.9723459418604388,
        "Execution Time": 0.3265528678894043
    },
    "vintage_score": {
        "original": {
            "Tmean_apr_sep": 20.91026867030965,
            "Tmin_aug_sep": 18.283606557377052,
            "prec_jun_sep": 120.3,
            "vintage_score": -8.122098331799663
        },
        "missing": {
            "Tmean_apr_sep": 20.900591985428047,
            "Tmin_aug_sep": 18.283606557377052,
            "prec_jun_sep": 120.3,
            "vintage_score": -8.063945574201085
        },
        "filled": {
            "Tmean_apr_sep": 20.90854754610845,
            "Tmin_aug_sep": 18.283606557377052,
            "prec_jun_sep": 120.3887333845955,
            "vintage_score": -8.112359668228038
        },
        "Deviation missing": 0.7159819448491231,
        "Deviation filled": 0.11990329559906877,
        "Improvement": 0.5960786492500544
    }
}