{
    "dataset": "Report(Rebutti2023)",
    "gap_parameters": {
        "gap_type": "overlap",
        "perc": "50.0 %",
        "length": 6,
        "seed": 2024
    },
    "algorithm": "CDMissingValueRecovery",
    "algorithm_parameters": {
        "truncation": 3,
        "eps": 0.0006726626404970295
    },
    "metrics": {
        "Missing value percentage": 0.1439342015078821,
        "Missing value percentage between 4 and 9": 0.1366120218579235,
        "Mean absolute error": 0.07148890758434479,
        "Mean square error": 0.007116393677290872,
        "Root mean square error": 0.08435872022079799,
        "Mean relative error": 0.056710302537824504,
        "Euclidean Distance": 0.4132716397903297,
        "r2 score": 0.9885819644826542,
        "Execution Time": 0.37918996810913086
    },
    "vintage_score": {
        "original": {
            "Tmean_apr_sep": 20.91026867030965,
            "Tmin_aug_sep": 18.283606557377052,
            "prec_jun_sep": 120.3,
            "vintage_score": -8.122098331799663
        },
        "missing": {
            "Tmean_apr_sep": 20.90640558591378,
            "Tmin_aug_sep": 18.283606557377052,
            "prec_jun_sep": 120.3,
            "vintage_score": -8.098867589492698
        },
        "filled": {
            "Tmean_apr_sep": 20.90975992226316,
            "Tmin_aug_sep": 18.283606557377052,
            "prec_jun_sep": 120.32605050719766,
            "vintage_score": -8.119218023008358
        },
        "Deviation missing": 0.2860189738901724,
        "Deviation filled": 0.03546261906270882,
        "Improvement": 0.2505563548274636
    }
}