{
    "dataset": "Report(Torrevilla2023)",
    "gap_parameters": {
        "gap_type": "overlap",
        "perc": "0.0 %",
        "length": 48,
        "seed": 2023
    },
    "algorithm": "TimesNet",
    "algorithm_parameters": {
        "n_layers": 1,
        "d_model": 128,
        "d_ffn": 128,
        "n_heads": 1,
        "top_k": 2,
        "n_kernels": 3,
        "dropout": 0.3,
        "epochs": 100,
        "batch_size": 32,
        "attn_dropout": 0,
        "apply_nonstationary_norm": true,
        "num_workers": 0,
        "patience": 10,
        "lr": 0.009978373271498147,
        "device": "cuda"
    },
    "metrics": {
        "Missing value percentage": 0.9150102810143934,
        "Missing value percentage between 4 and 9": 1.092896174863388,
        "Mean absolute error": 0.15462890596281018,
        "Mean square error": 0.034499066740730375,
        "Root mean square error": 0.1857392439435737,
        "Mean relative error": 0.34686492698464666,
        "Euclidean Distance": 2.573678459757603,
        "r2 score": 0.8670637662502183,
        "Execution Time": 7.148261547088623
    },
    "vintage_score": {
        "original": {
            "Tmean_apr_sep": 20.869581056466302,
            "Tmin_aug_sep": 17.044262295081968,
            "prec_jun_sep": 144.89999999999998,
            "vintage_score": -7.541854756514482
        },
        "missing": {
            "Tmean_apr_sep": 20.882315323565322,
            "Tmin_aug_sep": 17.175,
            "prec_jun_sep": 144.89999999999998,
            "vintage_score": -7.67133109084682
        },
        "filled": {
            "Tmean_apr_sep": 20.881553874927786,
            "Tmin_aug_sep": 17.119793501802505,
            "prec_jun_sep": 149.76461292043055,
            "vintage_score": -7.6778588593831785
        },
        "Deviation missing": 1.7167704565047408,
        "Deviation filled": 1.8033243447338896,
        "Improvement": -0.08655388822914878
    }
}