{
    "dataset": "Report(Torrevilla2023)",
    "gap_parameters": {
        "gap_type": "overlap",
        "perc": "100.0 %",
        "length": 48,
        "seed": 2023
    },
    "algorithm": "TimesNet",
    "algorithm_parameters": {
        "n_layers": 1,
        "d_model": 128,
        "d_ffn": 128,
        "n_heads": 1,
        "top_k": 2,
        "n_kernels": 3,
        "dropout": 0.3,
        "epochs": 100,
        "batch_size": 32,
        "attn_dropout": 0,
        "apply_nonstationary_norm": true,
        "num_workers": 0,
        "patience": 10,
        "lr": 0.009978373271498147,
        "device": "cuda"
    },
    "metrics": {
        "Missing value percentage": 0.9150102810143934,
        "Missing value percentage between 4 and 9": 1.092896174863388,
        "Mean absolute error": 0.1473112211379751,
        "Mean square error": 0.031114224397521636,
        "Root mean square error": 0.17639224585429383,
        "Mean relative error": 0.33044983178198417,
        "Euclidean Distance": 2.444162655046547,
        "r2 score": 0.8801066753910535,
        "Execution Time": 6.808722257614136
    },
    "vintage_score": {
        "original": {
            "Tmean_apr_sep": 20.869581056466302,
            "Tmin_aug_sep": 17.044262295081968,
            "prec_jun_sep": 144.89999999999998,
            "vintage_score": -7.541854756514482
        },
        "missing": {
            "Tmean_apr_sep": 20.882315323565322,
            "Tmin_aug_sep": 17.175,
            "prec_jun_sep": 144.89999999999998,
            "vintage_score": -7.67133109084682
        },
        "filled": {
            "Tmean_apr_sep": 20.887517542993834,
            "Tmin_aug_sep": 17.078271484879078,
            "prec_jun_sep": 150.63120253712674,
            "vintage_score": -7.702545462043162
        },
        "Deviation missing": 1.7167704565047408,
        "Deviation filled": 2.1306523490110805,
        "Improvement": -0.41388189250633967
    }
}