{
    "dataset": "Report(Torrevilla2023)",
    "gap_parameters": {
        "gap_type": "overlap",
        "perc": "0.0 %",
        "length": 12,
        "seed": 2023
    },
    "algorithm": "TimesNet",
    "algorithm_parameters": {
        "n_layers": 1,
        "d_model": 128,
        "d_ffn": 128,
        "n_heads": 1,
        "top_k": 2,
        "n_kernels": 3,
        "dropout": 0.3,
        "epochs": 100,
        "batch_size": 32,
        "attn_dropout": 0,
        "apply_nonstationary_norm": true,
        "num_workers": 0,
        "patience": 10,
        "lr": 0.009978373271498147,
        "device": "cuda"
    },
    "metrics": {
        "Missing value percentage": 0.42152159013022616,
        "Missing value percentage between 4 and 9": 0.273224043715847,
        "Mean absolute error": 0.06375102615184615,
        "Mean square error": 0.0048335386695318875,
        "Root mean square error": 0.06952365546727163,
        "Mean relative error": 0.13982445209494013,
        "Euclidean Distance": 0.4816740143889178,
        "r2 score": 0.9790012282018449,
        "Execution Time": 6.560350656509399
    },
    "vintage_score": {
        "original": {
            "Tmean_apr_sep": 20.869581056466302,
            "Tmin_aug_sep": 17.044262295081968,
            "prec_jun_sep": 144.89999999999998,
            "vintage_score": -7.541854756514482
        },
        "missing": {
            "Tmean_apr_sep": 20.86752016653656,
            "Tmin_aug_sep": 17.049180327868854,
            "prec_jun_sep": 144.89999999999998,
            "vintage_score": -7.531583883627377
        },
        "filled": {
            "Tmean_apr_sep": 20.869477510898108,
            "Tmin_aug_sep": 17.042135441533034,
            "prec_jun_sep": 145.28921474838458,
            "vintage_score": -7.543060457154354
        },
        "Deviation missing": 0.13618497330823426,
        "Deviation filled": 0.015986792092894175,
        "Improvement": 0.12019818121534008
    }
}