{
    "dataset": "Report(Torrevilla2023)",
    "gap_parameters": {
        "gap_type": "overlap",
        "perc": "100.0 %",
        "length": 3,
        "seed": 2025
    },
    "algorithm": "TimesNet",
    "algorithm_parameters": {
        "n_layers": 1,
        "d_model": 128,
        "d_ffn": 128,
        "n_heads": 1,
        "top_k": 2,
        "n_kernels": 3,
        "dropout": 0.3,
        "epochs": 100,
        "batch_size": 32,
        "attn_dropout": 0,
        "apply_nonstationary_norm": true,
        "num_workers": 0,
        "patience": 10,
        "lr": 0.009978373271498147,
        "device": "cuda"
    },
    "metrics": {
        "Missing value percentage": 0.2981494174091844,
        "Missing value percentage between 4 and 9": 0.06830601092896176,
        "Mean absolute error": 0.1314317098630457,
        "Mean square error": 0.025401571127864588,
        "Root mean square error": 0.1593787034953685,
        "Mean relative error": 0.11609789309955622,
        "Euclidean Distance": 0.5521040241968903,
        "r2 score": 0.946215469668836,
        "Execution Time": 6.744615793228149
    },
    "vintage_score": {
        "original": {
            "Tmean_apr_sep": 20.869581056466302,
            "Tmin_aug_sep": 17.044262295081968,
            "prec_jun_sep": 144.89999999999998,
            "vintage_score": -7.541854756514482
        },
        "missing": {
            "Tmean_apr_sep": 20.87050521249559,
            "Tmin_aug_sep": 17.044262295081968,
            "prec_jun_sep": 144.89999999999998,
            "vintage_score": -7.547364129850763
        },
        "filled": {
            "Tmean_apr_sep": 20.8705825645861,
            "Tmin_aug_sep": 17.044262295081968,
            "prec_jun_sep": 144.87793711899323,
            "vintage_score": -7.547672687365804
        },
        "Deviation missing": 0.0730506422378675,
        "Deviation filled": 0.07714191056644741,
        "Improvement": -0.004091268328579908
    }
}