{
    "dataset": "Report(Torrevilla2023)",
    "gap_parameters": {
        "gap_type": "overlap",
        "perc": "0.0 %",
        "length": 6,
        "seed": 2024
    },
    "algorithm": "TimesNet",
    "algorithm_parameters": {
        "n_layers": 1,
        "d_model": 128,
        "d_ffn": 128,
        "n_heads": 1,
        "top_k": 2,
        "n_kernels": 3,
        "dropout": 0.3,
        "epochs": 100,
        "batch_size": 32,
        "attn_dropout": 0,
        "apply_nonstationary_norm": true,
        "num_workers": 0,
        "patience": 10,
        "lr": 0.009978373271498147,
        "device": "cuda"
    },
    "metrics": {
        "Missing value percentage": 0.339273474982865,
        "Missing value percentage between 4 and 9": 0.1366120218579235,
        "Mean absolute error": 0.21218664253759753,
        "Mean square error": 0.06265852385193246,
        "Root mean square error": 0.2503168469199236,
        "Mean relative error": 0.17055486646290177,
        "Euclidean Distance": 1.226297097952385,
        "r2 score": 0.8910667771288031,
        "Execution Time": 6.5789079666137695
    },
    "vintage_score": {
        "original": {
            "Tmean_apr_sep": 20.869581056466302,
            "Tmin_aug_sep": 17.044262295081968,
            "prec_jun_sep": 144.89999999999998,
            "vintage_score": -7.541854756514482
        },
        "missing": {
            "Tmean_apr_sep": 20.864609896782028,
            "Tmin_aug_sep": 17.044262295081968,
            "prec_jun_sep": 144.89999999999998,
            "vintage_score": -7.5122389948607236
        },
        "filled": {
            "Tmean_apr_sep": 20.872531573398007,
            "Tmin_aug_sep": 17.044262295081968,
            "prec_jun_sep": 144.91409458650168,
            "vintage_score": -7.559545883976341
        },
        "Deviation missing": 0.3926853885402266,
        "Deviation filled": 0.23457263541939435,
        "Improvement": 0.15811275312083226
    }
}