{
    "dataset": "Report(Torrevilla2023)",
    "gap_parameters": {
        "gap_type": "overlap",
        "perc": "100.0 %",
        "length": 6,
        "seed": 2024
    },
    "algorithm": "TimesNet",
    "algorithm_parameters": {
        "n_layers": 1,
        "d_model": 128,
        "d_ffn": 128,
        "n_heads": 1,
        "top_k": 2,
        "n_kernels": 3,
        "dropout": 0.3,
        "epochs": 100,
        "batch_size": 32,
        "attn_dropout": 0,
        "apply_nonstationary_norm": true,
        "num_workers": 0,
        "patience": 10,
        "lr": 0.009978373271498147,
        "device": "cuda"
    },
    "metrics": {
        "Missing value percentage": 0.339273474982865,
        "Missing value percentage between 4 and 9": 0.1366120218579235,
        "Mean absolute error": 0.11468203858653697,
        "Mean square error": 0.018879986482465843,
        "Root mean square error": 0.1374044631097034,
        "Mean relative error": 0.09218101357796066,
        "Euclidean Distance": 0.6731416459997102,
        "r2 score": 0.9671767279395267,
        "Execution Time": 6.821539402008057
    },
    "vintage_score": {
        "original": {
            "Tmean_apr_sep": 20.869581056466302,
            "Tmin_aug_sep": 17.044262295081968,
            "prec_jun_sep": 144.89999999999998,
            "vintage_score": -7.541854756514482
        },
        "missing": {
            "Tmean_apr_sep": 20.864609896782028,
            "Tmin_aug_sep": 17.044262295081968,
            "prec_jun_sep": 144.89999999999998,
            "vintage_score": -7.5122389948607236
        },
        "filled": {
            "Tmean_apr_sep": 20.87143027496745,
            "Tmin_aug_sep": 17.044262295081968,
            "prec_jun_sep": 144.8661045021153,
            "vintage_score": -7.5526455794332605
        },
        "Deviation missing": 0.3926853885402266,
        "Deviation filled": 0.14307916642729912,
        "Improvement": 0.2496062221129275
    }
}