{
    "dataset": "Report(Torrevilla2023)",
    "gap_parameters": {
        "gap_type": "overlap",
        "perc": "50.0 %",
        "length": 48,
        "seed": 2025
    },
    "algorithm": "TimesNet",
    "algorithm_parameters": {
        "n_layers": 1,
        "d_model": 128,
        "d_ffn": 128,
        "n_heads": 1,
        "top_k": 2,
        "n_kernels": 3,
        "dropout": 0.3,
        "epochs": 100,
        "batch_size": 32,
        "attn_dropout": 0,
        "apply_nonstationary_norm": true,
        "num_workers": 0,
        "patience": 10,
        "lr": 0.009978373271498147,
        "device": "cuda"
    },
    "metrics": {
        "Missing value percentage": 0.9150102810143934,
        "Missing value percentage between 4 and 9": 1.092896174863388,
        "Mean absolute error": 0.3040013571219187,
        "Mean square error": 0.22260140406194154,
        "Root mean square error": 0.47180653244941567,
        "Mean relative error": 0.2598812448250143,
        "Euclidean Distance": 6.537543084362274,
        "r2 score": 0.656334417647576,
        "Execution Time": 6.469869136810303
    },
    "vintage_score": {
        "original": {
            "Tmean_apr_sep": 20.869581056466302,
            "Tmin_aug_sep": 17.044262295081968,
            "prec_jun_sep": 144.89999999999998,
            "vintage_score": -7.541854756514482
        },
        "missing": {
            "Tmean_apr_sep": 20.8014319014319,
            "Tmin_aug_sep": 16.973333333333336,
            "prec_jun_sep": 141.0,
            "vintage_score": -7.0827954987421435
        },
        "filled": {
            "Tmean_apr_sep": 20.89112974312485,
            "Tmin_aug_sep": 17.118004899643314,
            "prec_jun_sep": 145.33947363000988,
            "vintage_score": -7.703813050929938
        },
        "Deviation missing": 6.086821777836726,
        "Deviation filled": 2.1474597382767144,
        "Improvement": 3.9393620395600117
    }
}