{
    "dataset": "Report(Torrevilla2023)",
    "gap_parameters": {
        "gap_type": "overlap",
        "perc": "0.0 %",
        "length": 3,
        "seed": 2023
    },
    "algorithm": "TimesNet",
    "algorithm_parameters": {
        "n_layers": 1,
        "d_model": 128,
        "d_ffn": 128,
        "n_heads": 1,
        "top_k": 2,
        "n_kernels": 3,
        "dropout": 0.3,
        "epochs": 100,
        "batch_size": 32,
        "attn_dropout": 0,
        "apply_nonstationary_norm": true,
        "num_workers": 0,
        "patience": 10,
        "lr": 0.009978373271498147,
        "device": "cuda"
    },
    "metrics": {
        "Missing value percentage": 0.2981494174091844,
        "Missing value percentage between 4 and 9": 0.06830601092896176,
        "Mean absolute error": 0.18060444671496773,
        "Mean square error": 0.041043646180202,
        "Root mean square error": 0.20259231520519727,
        "Mean relative error": 0.20773393272541674,
        "Euclidean Distance": 0.7018003663168502,
        "r2 score": 0.8539069253983302,
        "Execution Time": 6.674044370651245
    },
    "vintage_score": {
        "original": {
            "Tmean_apr_sep": 20.869581056466302,
            "Tmin_aug_sep": 17.044262295081968,
            "prec_jun_sep": 144.89999999999998,
            "vintage_score": -7.541854756514482
        },
        "missing": {
            "Tmean_apr_sep": 20.865781941191777,
            "Tmin_aug_sep": 17.044262295081968,
            "prec_jun_sep": 144.89999999999998,
            "vintage_score": -7.519218444377856
        },
        "filled": {
            "Tmean_apr_sep": 20.87034840041775,
            "Tmin_aug_sep": 17.044262295081968,
            "prec_jun_sep": 144.78682066792916,
            "vintage_score": -7.545646235413159
        },
        "Deviation missing": 0.30014250960048616,
        "Deviation filled": 0.05027249955194141,
        "Improvement": 0.24987001004854476
    }
}