{
    "dataset": "Report(Torrevilla2023)",
    "gap_parameters": {
        "gap_type": "overlap",
        "perc": "50.0 %",
        "length": 6,
        "seed": 2024
    },
    "algorithm": "TimesNet",
    "algorithm_parameters": {
        "n_layers": 1,
        "d_model": 128,
        "d_ffn": 128,
        "n_heads": 1,
        "top_k": 2,
        "n_kernels": 3,
        "dropout": 0.3,
        "epochs": 100,
        "batch_size": 32,
        "attn_dropout": 0,
        "apply_nonstationary_norm": true,
        "num_workers": 0,
        "patience": 10,
        "lr": 0.009978373271498147,
        "device": "cuda"
    },
    "metrics": {
        "Missing value percentage": 0.339273474982865,
        "Missing value percentage between 4 and 9": 0.1366120218579235,
        "Mean absolute error": 0.1049447971186247,
        "Mean square error": 0.014361173410208355,
        "Root mean square error": 0.11983811334549771,
        "Mean relative error": 0.08435425361599679,
        "Euclidean Distance": 0.5870844588685813,
        "r2 score": 0.975032783927643,
        "Execution Time": 6.685752868652344
    },
    "vintage_score": {
        "original": {
            "Tmean_apr_sep": 20.869581056466302,
            "Tmin_aug_sep": 17.044262295081968,
            "prec_jun_sep": 144.89999999999998,
            "vintage_score": -7.541854756514482
        },
        "missing": {
            "Tmean_apr_sep": 20.864609896782028,
            "Tmin_aug_sep": 17.044262295081968,
            "prec_jun_sep": 144.89999999999998,
            "vintage_score": -7.5122389948607236
        },
        "filled": {
            "Tmean_apr_sep": 20.870640476059073,
            "Tmin_aug_sep": 17.044262295081968,
            "prec_jun_sep": 145.34771473712664,
            "vintage_score": -7.551267893949955
        },
        "Deviation missing": 0.3926853885402266,
        "Deviation filled": 0.12481196919553861,
        "Improvement": 0.267873419344688
    }
}