{
    "dataset": "Report(Torrevilla2023)",
    "gap_parameters": {
        "gap_type": "overlap",
        "perc": "50.0 %",
        "length": 6,
        "seed": 2023
    },
    "algorithm": "TimesNet",
    "algorithm_parameters": {
        "n_layers": 1,
        "d_model": 128,
        "d_ffn": 128,
        "n_heads": 1,
        "top_k": 2,
        "n_kernels": 3,
        "dropout": 0.3,
        "epochs": 100,
        "batch_size": 32,
        "attn_dropout": 0,
        "apply_nonstationary_norm": true,
        "num_workers": 0,
        "patience": 10,
        "lr": 0.009978373271498147,
        "device": "cuda"
    },
    "metrics": {
        "Missing value percentage": 0.339273474982865,
        "Missing value percentage between 4 and 9": 0.1366120218579235,
        "Mean absolute error": 0.054135755994619665,
        "Mean square error": 0.005485797167763786,
        "Root mean square error": 0.07406616749747341,
        "Mean relative error": 0.07180475171061669,
        "Euclidean Distance": 0.36284863514465143,
        "r2 score": 0.9776235458038042,
        "Execution Time": 6.443057060241699
    },
    "vintage_score": {
        "original": {
            "Tmean_apr_sep": 20.869581056466302,
            "Tmin_aug_sep": 17.044262295081968,
            "prec_jun_sep": 144.89999999999998,
            "vintage_score": -7.541854756514482
        },
        "missing": {
            "Tmean_apr_sep": 20.86311475409836,
            "Tmin_aug_sep": 17.044262295081968,
            "prec_jun_sep": 144.89999999999998,
            "vintage_score": -7.5033382235152715
        },
        "filled": {
            "Tmean_apr_sep": 20.869420942195994,
            "Tmin_aug_sep": 17.044262295081968,
            "prec_jun_sep": 144.9710618358459,
            "vintage_score": -7.541391955977275
        },
        "Deviation missing": 0.5107037226610713,
        "Deviation filled": 0.006136428665736032,
        "Improvement": 0.5045672939953353
    }
}