{
    "dataset": "Report(Torrevilla2023)",
    "gap_parameters": {
        "gap_type": "overlap",
        "perc": "0.0 %",
        "length": 3,
        "seed": 2025
    },
    "algorithm": "TimesNet",
    "algorithm_parameters": {
        "n_layers": 1,
        "d_model": 128,
        "d_ffn": 128,
        "n_heads": 1,
        "top_k": 2,
        "n_kernels": 3,
        "dropout": 0.3,
        "epochs": 100,
        "batch_size": 32,
        "attn_dropout": 0,
        "apply_nonstationary_norm": true,
        "num_workers": 0,
        "patience": 10,
        "lr": 0.009978373271498147,
        "device": "cuda"
    },
    "metrics": {
        "Missing value percentage": 0.2981494174091844,
        "Missing value percentage between 4 and 9": 0.06830601092896176,
        "Mean absolute error": 0.1289574433298106,
        "Mean square error": 0.027486183810811266,
        "Root mean square error": 0.16578957690642457,
        "Mean relative error": 0.11391229320304218,
        "Euclidean Distance": 0.5743119411345742,
        "r2 score": 0.9418015728468523,
        "Execution Time": 6.489761590957642
    },
    "vintage_score": {
        "original": {
            "Tmean_apr_sep": 20.869581056466302,
            "Tmin_aug_sep": 17.044262295081968,
            "prec_jun_sep": 144.89999999999998,
            "vintage_score": -7.541854756514482
        },
        "missing": {
            "Tmean_apr_sep": 20.87050521249559,
            "Tmin_aug_sep": 17.044262295081968,
            "prec_jun_sep": 144.89999999999998,
            "vintage_score": -7.547364129850763
        },
        "filled": {
            "Tmean_apr_sep": 20.870201502484008,
            "Tmin_aug_sep": 17.044262295081968,
            "prec_jun_sep": 144.70235071772538,
            "vintage_score": -7.544186091292261
        },
        "Deviation missing": 0.0730506422378675,
        "Deviation filled": 0.0309119553882278,
        "Improvement": 0.0421386868496397
    }
}