{
    "dataset": "Report(Barbieri2023)",
    "gap_parameters": {
        "gap_type": "overlap",
        "perc": "0.0 %",
        "length": 24,
        "seed": 2024
    },
    "algorithm": "Nonstationary_Transformer",
    "algorithm_parameters": {
        "n_layers": 1,
        "d_model": 128,
        "d_ffn": 16,
        "n_heads": 2,
        "n_projector_hidden_layers": 2,
        "d_projector_hidden": [
            64,
            64
        ],
        "dropout": 0.3,
        "epochs": 100,
        "batch_size": 32,
        "ORT_weight": 1,
        "MIT_weight": 1,
        "num_workers": 0,
        "patience": 10,
        "lr": 0.0060002798206847075,
        "device": "cuda"
    },
    "metrics": {
        "Missing value percentage": 5.6956819739547635,
        "Missing value percentage between 4 and 9": 0.546448087431694,
        "Mean absolute error": 0.2640644099436939,
        "Mean square error": 0.10968742289697604,
        "Root mean square error": 0.3311909160846294,
        "Mean relative error": 0.2703626953108351,
        "Euclidean Distance": 3.2449950074090728,
        "r2 score": 0.7494923569616121,
        "Execution Time": 11.42858600616455
    },
    "vintage_score": {
        "original": {
            "Tmean_apr_sep": 21.284699453551912,
            "Tmin_aug_sep": 18.38196721311475,
            "prec_jun_sep": 132.3,
            "vintage_score": -10.593158555185312
        },
        "missing": {
            "Tmean_apr_sep": 21.276206739526412,
            "Tmin_aug_sep": 18.39344262295082,
            "prec_jun_sep": 132.3,
            "vintage_score": -10.542488076387457
        },
        "filled": {
            "Tmean_apr_sep": 21.29724511372112,
            "Tmin_aug_sep": 18.39344262295082,
            "prec_jun_sep": 132.53401042001042,
            "vintage_score": -10.681432293162032
        },
        "Deviation missing": 0.47833210967140577,
        "Deviation filled": 0.8333089466834328,
        "Improvement": -0.35497683701202704
    }
}