{
    "dataset": "Report(Barbieri2023)",
    "gap_parameters": {
        "gap_type": "overlap",
        "perc": "50.0 %",
        "length": 6,
        "seed": 2023
    },
    "algorithm": "Nonstationary_Transformer",
    "algorithm_parameters": {
        "n_layers": 1,
        "d_model": 128,
        "d_ffn": 16,
        "n_heads": 2,
        "n_projector_hidden_layers": 2,
        "d_projector_hidden": [
            64,
            64
        ],
        "dropout": 0.3,
        "epochs": 100,
        "batch_size": 32,
        "ORT_weight": 1,
        "MIT_weight": 1,
        "num_workers": 0,
        "patience": 10,
        "lr": 0.0060002798206847075,
        "device": "cuda"
    },
    "metrics": {
        "Missing value percentage": 5.44893762851268,
        "Missing value percentage between 4 and 9": 0.1366120218579235,
        "Mean absolute error": 0.06586678307776372,
        "Mean square error": 0.008342814354151936,
        "Root mean square error": 0.09133900784523519,
        "Mean relative error": 0.09448388267456749,
        "Euclidean Distance": 0.4474679256658009,
        "r2 score": 0.960141529924003,
        "Execution Time": 10.774974584579468
    },
    "vintage_score": {
        "original": {
            "Tmean_apr_sep": 21.284699453551912,
            "Tmin_aug_sep": 18.38196721311475,
            "prec_jun_sep": 132.3,
            "vintage_score": -10.593158555185312
        },
        "missing": {
            "Tmean_apr_sep": 21.27895415907711,
            "Tmin_aug_sep": 18.38196721311475,
            "prec_jun_sep": 132.3,
            "vintage_score": -10.55569509398424
        },
        "filled": {
            "Tmean_apr_sep": 21.285259863531945,
            "Tmin_aug_sep": 18.38196721311475,
            "prec_jun_sep": 132.32885893302523,
            "vintage_score": -10.597014877735376
        },
        "Deviation missing": 0.35365713640463436,
        "Deviation filled": 0.036403897194347154,
        "Improvement": 0.3172532392102872
    }
}