{
    "dataset": "Report(Barbieri2023)",
    "gap_parameters": {
        "gap_type": "overlap",
        "perc": "0.0 %",
        "length": 12,
        "seed": 2024
    },
    "algorithm": "Nonstationary_Transformer",
    "algorithm_parameters": {
        "n_layers": 1,
        "d_model": 128,
        "d_ffn": 16,
        "n_heads": 2,
        "n_projector_hidden_layers": 2,
        "d_projector_hidden": [
            64,
            64
        ],
        "dropout": 0.3,
        "epochs": 100,
        "batch_size": 32,
        "ORT_weight": 1,
        "MIT_weight": 1,
        "num_workers": 0,
        "patience": 10,
        "lr": 0.0060002798206847075,
        "device": "cuda"
    },
    "metrics": {
        "Missing value percentage": 5.531185743660041,
        "Missing value percentage between 4 and 9": 0.273224043715847,
        "Mean absolute error": 0.18907109977407674,
        "Mean square error": 0.06545473171811189,
        "Root mean square error": 0.25584122364879336,
        "Mean relative error": 0.16016163655161272,
        "Euclidean Distance": 1.7725199921212276,
        "r2 score": 0.8832109514853307,
        "Execution Time": 10.42127251625061
    },
    "vintage_score": {
        "original": {
            "Tmean_apr_sep": 21.284699453551912,
            "Tmin_aug_sep": 18.38196721311475,
            "prec_jun_sep": 132.3,
            "vintage_score": -10.593158555185312
        },
        "missing": {
            "Tmean_apr_sep": 21.27645719489982,
            "Tmin_aug_sep": 18.38196721311475,
            "prec_jun_sep": 132.3,
            "vintage_score": -10.539427061973242
        },
        "filled": {
            "Tmean_apr_sep": 21.288994286728038,
            "Tmin_aug_sep": 18.38196721311475,
            "prec_jun_sep": 131.79198691025974,
            "vintage_score": -10.617678807604591
        },
        "Deviation missing": 0.5072282542751898,
        "Deviation filled": 0.23147253287619826,
        "Improvement": 0.2757557213989915
    }
}