{
    "dataset": "Report(Barbieri2023)",
    "gap_parameters": {
        "gap_type": "overlap",
        "perc": "0.0 %",
        "length": 3,
        "seed": 2024
    },
    "algorithm": "Nonstationary_Transformer",
    "algorithm_parameters": {
        "n_layers": 1,
        "d_model": 128,
        "d_ffn": 16,
        "n_heads": 2,
        "n_projector_hidden_layers": 2,
        "d_projector_hidden": [
            64,
            64
        ],
        "dropout": 0.3,
        "epochs": 100,
        "batch_size": 32,
        "ORT_weight": 1,
        "MIT_weight": 1,
        "num_workers": 0,
        "patience": 10,
        "lr": 0.0060002798206847075,
        "device": "cuda"
    },
    "metrics": {
        "Missing value percentage": 5.407813570938999,
        "Missing value percentage between 4 and 9": 0.06830601092896176,
        "Mean absolute error": 0.10839840065941936,
        "Mean square error": 0.014403379662238681,
        "Root mean square error": 0.12001408109983878,
        "Mean relative error": 0.09677318452711964,
        "Euclidean Distance": 0.4157409721772423,
        "r2 score": 0.9690022329773061,
        "Execution Time": 9.423818349838257
    },
    "vintage_score": {
        "original": {
            "Tmean_apr_sep": 21.284699453551912,
            "Tmin_aug_sep": 18.38196721311475,
            "prec_jun_sep": 132.3,
            "vintage_score": -10.593158555185312
        },
        "missing": {
            "Tmean_apr_sep": 21.283944834764508,
            "Tmin_aug_sep": 18.38196721311475,
            "prec_jun_sep": 132.3,
            "vintage_score": -10.588235339606854
        },
        "filled": {
            "Tmean_apr_sep": 21.285284874896327,
            "Tmin_aug_sep": 18.38196721311475,
            "prec_jun_sep": 132.18048366510482,
            "vintage_score": -10.596151626785996
        },
        "Deviation missing": 0.046475426123477485,
        "Deviation filled": 0.028254760703259923,
        "Improvement": 0.018220665420217563
    }
}