{
    "dataset": "Report(Barbieri2023)",
    "gap_parameters": {
        "gap_type": "overlap",
        "perc": "50.0 %",
        "length": 12,
        "seed": 2023
    },
    "algorithm": "Nonstationary_Transformer",
    "algorithm_parameters": {
        "n_layers": 1,
        "d_model": 128,
        "d_ffn": 16,
        "n_heads": 2,
        "n_projector_hidden_layers": 2,
        "d_projector_hidden": [
            64,
            64
        ],
        "dropout": 0.3,
        "epochs": 100,
        "batch_size": 32,
        "ORT_weight": 1,
        "MIT_weight": 1,
        "num_workers": 0,
        "patience": 10,
        "lr": 0.0060002798206847075,
        "device": "cuda"
    },
    "metrics": {
        "Missing value percentage": 5.531185743660041,
        "Missing value percentage between 4 and 9": 0.273224043715847,
        "Mean absolute error": 0.16575357957420184,
        "Mean square error": 0.03383812206210185,
        "Root mean square error": 0.18395141223187675,
        "Mean relative error": 0.3682809123990023,
        "Euclidean Distance": 1.2744527684386435,
        "r2 score": 0.8142070210684218,
        "Execution Time": 11.537420511245728
    },
    "vintage_score": {
        "original": {
            "Tmean_apr_sep": 21.284699453551912,
            "Tmin_aug_sep": 18.38196721311475,
            "prec_jun_sep": 132.3,
            "vintage_score": -10.593158555185312
        },
        "missing": {
            "Tmean_apr_sep": 21.281407754358572,
            "Tmin_aug_sep": 18.38196721311475,
            "prec_jun_sep": 132.3,
            "vintage_score": -10.571688819836254
        },
        "filled": {
            "Tmean_apr_sep": 21.280219123465123,
            "Tmin_aug_sep": 18.371901323690455,
            "prec_jun_sep": 132.57376686530316,
            "vintage_score": -10.561717702368753
        },
        "Deviation missing": 0.2026754837776734,
        "Deviation filled": 0.29680338166153886,
        "Improvement": -0.09412789788386547
    }
}