{
    "dataset": "Report(Barbieri2023)",
    "gap_parameters": {
        "gap_type": "overlap",
        "perc": "100.0 %",
        "length": 48,
        "seed": 2025
    },
    "algorithm": "Nonstationary_Transformer",
    "algorithm_parameters": {
        "n_layers": 1,
        "d_model": 128,
        "d_ffn": 16,
        "n_heads": 2,
        "n_projector_hidden_layers": 2,
        "d_projector_hidden": [
            64,
            64
        ],
        "dropout": 0.3,
        "epochs": 100,
        "batch_size": 32,
        "ORT_weight": 1,
        "MIT_weight": 1,
        "num_workers": 0,
        "patience": 10,
        "lr": 0.0060002798206847075,
        "device": "cuda"
    },
    "metrics": {
        "Missing value percentage": 6.024674434544209,
        "Missing value percentage between 4 and 9": 1.092896174863388,
        "Mean absolute error": 0.24137831936925097,
        "Mean square error": 0.1008343522593223,
        "Root mean square error": 0.3175442524425884,
        "Mean relative error": 0.2027949425513715,
        "Euclidean Distance": 4.400022231056337,
        "r2 score": 0.8461652861151358,
        "Execution Time": 10.937510013580322
    },
    "vintage_score": {
        "original": {
            "Tmean_apr_sep": 21.284699453551912,
            "Tmin_aug_sep": 18.38196721311475,
            "prec_jun_sep": 132.3,
            "vintage_score": -10.593158555185312
        },
        "missing": {
            "Tmean_apr_sep": 21.213792457542457,
            "Tmin_aug_sep": 18.274999999999995,
            "prec_jun_sep": 132.3,
            "vintage_score": -10.090192203314103
        },
        "filled": {
            "Tmean_apr_sep": 21.31172985924726,
            "Tmin_aug_sep": 18.390469724451123,
            "prec_jun_sep": 131.90774930040772,
            "vintage_score": -10.770780924042384
        },
        "Deviation missing": 4.748030054029619,
        "Deviation filled": 1.67676494155869,
        "Improvement": 3.071265112470929
    }
}