{
    "dataset": "Report(Barbieri2023)",
    "gap_parameters": {
        "gap_type": "overlap",
        "perc": "0.0 %",
        "length": 24,
        "seed": 2023
    },
    "algorithm": "Nonstationary_Transformer",
    "algorithm_parameters": {
        "n_layers": 1,
        "d_model": 128,
        "d_ffn": 16,
        "n_heads": 2,
        "n_projector_hidden_layers": 2,
        "d_projector_hidden": [
            64,
            64
        ],
        "dropout": 0.3,
        "epochs": 100,
        "batch_size": 32,
        "ORT_weight": 1,
        "MIT_weight": 1,
        "num_workers": 0,
        "patience": 10,
        "lr": 0.0060002798206847075,
        "device": "cuda"
    },
    "metrics": {
        "Missing value percentage": 5.6956819739547635,
        "Missing value percentage between 4 and 9": 0.546448087431694,
        "Mean absolute error": 0.08849289018902846,
        "Mean square error": 0.014261380666543139,
        "Root mean square error": 0.11942102271603246,
        "Mean relative error": 0.2231743100751622,
        "Euclidean Distance": 1.1700822808623996,
        "r2 score": 0.9294816169796776,
        "Execution Time": 11.605037689208984
    },
    "vintage_score": {
        "original": {
            "Tmean_apr_sep": 21.284699453551912,
            "Tmin_aug_sep": 18.38196721311475,
            "prec_jun_sep": 132.3,
            "vintage_score": -10.593158555185312
        },
        "missing": {
            "Tmean_apr_sep": 21.296205221615057,
            "Tmin_aug_sep": 18.5,
            "prec_jun_sep": 132.3,
            "vintage_score": -10.716582835392103
        },
        "filled": {
            "Tmean_apr_sep": 21.28854322641152,
            "Tmin_aug_sep": 18.397166498179118,
            "prec_jun_sep": 132.69242422450827,
            "vintage_score": -10.627177529996402
        },
        "Deviation missing": 1.1651320006569272,
        "Deviation filled": 0.3211409952363831,
        "Improvement": 0.8439910054205442
    }
}