{
    "dataset": "Report(Barbieri2023)",
    "gap_parameters": {
        "gap_type": "overlap",
        "perc": "0.0 %",
        "length": 6,
        "seed": 2024
    },
    "algorithm": "Nonstationary_Transformer",
    "algorithm_parameters": {
        "n_layers": 1,
        "d_model": 128,
        "d_ffn": 16,
        "n_heads": 2,
        "n_projector_hidden_layers": 2,
        "d_projector_hidden": [
            64,
            64
        ],
        "dropout": 0.3,
        "epochs": 100,
        "batch_size": 32,
        "ORT_weight": 1,
        "MIT_weight": 1,
        "num_workers": 0,
        "patience": 10,
        "lr": 0.0060002798206847075,
        "device": "cuda"
    },
    "metrics": {
        "Missing value percentage": 5.44893762851268,
        "Missing value percentage between 4 and 9": 0.1366120218579235,
        "Mean absolute error": 0.1457536763043355,
        "Mean square error": 0.028312246108927196,
        "Root mean square error": 0.1682624322566603,
        "Mean relative error": 0.1178267051657411,
        "Euclidean Distance": 0.8243142038168946,
        "r2 score": 0.9510311351347425,
        "Execution Time": 9.9381685256958
    },
    "vintage_score": {
        "original": {
            "Tmean_apr_sep": 21.284699453551912,
            "Tmin_aug_sep": 18.38196721311475,
            "prec_jun_sep": 132.3,
            "vintage_score": -10.593158555185312
        },
        "missing": {
            "Tmean_apr_sep": 21.280813600485732,
            "Tmin_aug_sep": 18.38196721311475,
            "prec_jun_sep": 132.3,
            "vintage_score": -10.567815086133919
        },
        "filled": {
            "Tmean_apr_sep": 21.286612697612597,
            "Tmin_aug_sep": 18.38196721311475,
            "prec_jun_sep": 132.55190101463563,
            "vintage_score": -10.607386885903907
        },
        "Deviation missing": 0.239243743208084,
        "Deviation filled": 0.13431622536821322,
        "Improvement": 0.10492751783987078
    }
}