{
    "dataset": "Report(Barbieri2023)",
    "gap_parameters": {
        "gap_type": "overlap",
        "perc": "100.0 %",
        "length": 24,
        "seed": 2023
    },
    "algorithm": "Nonstationary_Transformer",
    "algorithm_parameters": {
        "n_layers": 1,
        "d_model": 128,
        "d_ffn": 16,
        "n_heads": 2,
        "n_projector_hidden_layers": 2,
        "d_projector_hidden": [
            64,
            64
        ],
        "dropout": 0.3,
        "epochs": 100,
        "batch_size": 32,
        "ORT_weight": 1,
        "MIT_weight": 1,
        "num_workers": 0,
        "patience": 10,
        "lr": 0.0060002798206847075,
        "device": "cuda"
    },
    "metrics": {
        "Missing value percentage": 5.6956819739547635,
        "Missing value percentage between 4 and 9": 0.546448087431694,
        "Mean absolute error": 0.14018835140331248,
        "Mean square error": 0.030753830711555876,
        "Root mean square error": 0.17536770144914335,
        "Mean relative error": 0.3535474831726947,
        "Euclidean Distance": 1.7182455436605661,
        "r2 score": 0.8479312442344803,
        "Execution Time": 11.171371936798096
    },
    "vintage_score": {
        "original": {
            "Tmean_apr_sep": 21.284699453551912,
            "Tmin_aug_sep": 18.38196721311475,
            "prec_jun_sep": 132.3,
            "vintage_score": -10.593158555185312
        },
        "missing": {
            "Tmean_apr_sep": 21.296205221615057,
            "Tmin_aug_sep": 18.5,
            "prec_jun_sep": 132.3,
            "vintage_score": -10.716582835392103
        },
        "filled": {
            "Tmean_apr_sep": 21.287932292215793,
            "Tmin_aug_sep": 18.390164998854118,
            "prec_jun_sep": 132.7869016101518,
            "vintage_score": -10.620979161318587
        },
        "Deviation missing": 1.1651320006569272,
        "Deviation filled": 0.26262805364748576,
        "Improvement": 0.9025039470094415
    }
}