{
    "dataset": "Report(Barbieri2023)",
    "gap_parameters": {
        "gap_type": "overlap",
        "perc": "50.0 %",
        "length": 48,
        "seed": 2023
    },
    "algorithm": "Nonstationary_Transformer",
    "algorithm_parameters": {
        "n_layers": 1,
        "d_model": 128,
        "d_ffn": 16,
        "n_heads": 2,
        "n_projector_hidden_layers": 2,
        "d_projector_hidden": [
            64,
            64
        ],
        "dropout": 0.3,
        "epochs": 100,
        "batch_size": 32,
        "ORT_weight": 1,
        "MIT_weight": 1,
        "num_workers": 0,
        "patience": 10,
        "lr": 0.0060002798206847075,
        "device": "cuda"
    },
    "metrics": {
        "Missing value percentage": 6.024674434544209,
        "Missing value percentage between 4 and 9": 1.092896174863388,
        "Mean absolute error": 0.17377702145112806,
        "Mean square error": 0.05161544687565576,
        "Root mean square error": 0.22719033182698545,
        "Mean relative error": 0.3951995563013622,
        "Euclidean Distance": 3.148041581702179,
        "r2 score": 0.7659479683629822,
        "Execution Time": 11.819175720214844
    },
    "vintage_score": {
        "original": {
            "Tmean_apr_sep": 21.284699453551912,
            "Tmin_aug_sep": 18.38196721311475,
            "prec_jun_sep": 132.3,
            "vintage_score": -10.593158555185312
        },
        "missing": {
            "Tmean_apr_sep": 21.29297161172161,
            "Tmin_aug_sep": 18.52166666666666,
            "prec_jun_sep": 132.3,
            "vintage_score": -10.70430082876888
        },
        "filled": {
            "Tmean_apr_sep": 21.26751285165639,
            "Tmin_aug_sep": 18.323213368515855,
            "prec_jun_sep": 131.01348474327614,
            "vintage_score": -10.448298479726162
        },
        "Deviation missing": 1.0491891819099006,
        "Deviation filled": 1.3674870880530823,
        "Improvement": -0.31829790614318165
    }
}