{
    "dataset": "Report(Barbieri2023)",
    "gap_parameters": {
        "gap_type": "overlap",
        "perc": "50.0 %",
        "length": 48,
        "seed": 2025
    },
    "algorithm": "Nonstationary_Transformer",
    "algorithm_parameters": {
        "n_layers": 1,
        "d_model": 128,
        "d_ffn": 16,
        "n_heads": 2,
        "n_projector_hidden_layers": 2,
        "d_projector_hidden": [
            64,
            64
        ],
        "dropout": 0.3,
        "epochs": 100,
        "batch_size": 32,
        "ORT_weight": 1,
        "MIT_weight": 1,
        "num_workers": 0,
        "patience": 10,
        "lr": 0.0060002798206847075,
        "device": "cuda"
    },
    "metrics": {
        "Missing value percentage": 6.024674434544209,
        "Missing value percentage between 4 and 9": 1.092896174863388,
        "Mean absolute error": 0.1921076548828281,
        "Mean square error": 0.2349803083074222,
        "Root mean square error": 0.48474767488604026,
        "Mean relative error": 0.1554233531494424,
        "Euclidean Distance": 6.71686081402803,
        "r2 score": 0.6762363108497675,
        "Execution Time": 11.512018918991089
    },
    "vintage_score": {
        "original": {
            "Tmean_apr_sep": 21.284699453551912,
            "Tmin_aug_sep": 18.38196721311475,
            "prec_jun_sep": 132.3,
            "vintage_score": -10.593158555185312
        },
        "missing": {
            "Tmean_apr_sep": 21.213792457542457,
            "Tmin_aug_sep": 18.274999999999995,
            "prec_jun_sep": 127.0,
            "vintage_score": -10.053526803314128
        },
        "filled": {
            "Tmean_apr_sep": 21.27285511664419,
            "Tmin_aug_sep": 18.36610524517563,
            "prec_jun_sep": 127.20566231867829,
            "vintage_score": -10.474245404701975
        },
        "Deviation missing": 5.09415344875619,
        "Deviation filled": 1.1225466876933452,
        "Improvement": 3.9716067610628447
    }
}