{
    "dataset": "Report(Barbieri2023)",
    "gap_parameters": {
        "gap_type": "overlap",
        "perc": "50.0 %",
        "length": 3,
        "seed": 2024
    },
    "algorithm": "Nonstationary_Transformer",
    "algorithm_parameters": {
        "n_layers": 1,
        "d_model": 128,
        "d_ffn": 16,
        "n_heads": 2,
        "n_projector_hidden_layers": 2,
        "d_projector_hidden": [
            64,
            64
        ],
        "dropout": 0.3,
        "epochs": 100,
        "batch_size": 32,
        "ORT_weight": 1,
        "MIT_weight": 1,
        "num_workers": 0,
        "patience": 10,
        "lr": 0.0060002798206847075,
        "device": "cuda"
    },
    "metrics": {
        "Missing value percentage": 5.407813570938999,
        "Missing value percentage between 4 and 9": 0.06830601092896176,
        "Mean absolute error": 0.059760698208243514,
        "Mean square error": 0.005384778102525766,
        "Root mean square error": 0.07338104729782594,
        "Mean relative error": 0.0533516457807011,
        "Euclidean Distance": 0.25419940446490935,
        "r2 score": 0.9884113242165934,
        "Execution Time": 9.643559694290161
    },
    "vintage_score": {
        "original": {
            "Tmean_apr_sep": 21.284699453551912,
            "Tmin_aug_sep": 18.38196721311475,
            "prec_jun_sep": 132.3,
            "vintage_score": -10.593158555185312
        },
        "missing": {
            "Tmean_apr_sep": 21.283944834764508,
            "Tmin_aug_sep": 18.38196721311475,
            "prec_jun_sep": 132.3,
            "vintage_score": -10.588235339606854
        },
        "filled": {
            "Tmean_apr_sep": 21.284737941389412,
            "Tmin_aug_sep": 18.38196721311475,
            "prec_jun_sep": 132.25358703527283,
            "vintage_score": -10.593088589886946
        },
        "Deviation missing": 0.046475426123477485,
        "Deviation filled": 0.0006604762687264026,
        "Improvement": 0.04581494985475108
    }
}