{
    "dataset": "Report(Barbieri2023)",
    "gap_parameters": {
        "gap_type": "overlap",
        "perc": "50.0 %",
        "length": 24,
        "seed": 2023
    },
    "algorithm": "Nonstationary_Transformer",
    "algorithm_parameters": {
        "n_layers": 1,
        "d_model": 128,
        "d_ffn": 16,
        "n_heads": 2,
        "n_projector_hidden_layers": 2,
        "d_projector_hidden": [
            64,
            64
        ],
        "dropout": 0.3,
        "epochs": 100,
        "batch_size": 32,
        "ORT_weight": 1,
        "MIT_weight": 1,
        "num_workers": 0,
        "patience": 10,
        "lr": 0.0060002798206847075,
        "device": "cuda"
    },
    "metrics": {
        "Missing value percentage": 5.6956819739547635,
        "Missing value percentage between 4 and 9": 0.546448087431694,
        "Mean absolute error": 0.11597255163053206,
        "Mean square error": 0.023070927947073425,
        "Root mean square error": 0.1518911713927884,
        "Mean relative error": 0.2924765384260106,
        "Euclidean Distance": 1.4882234653838355,
        "r2 score": 0.88592096574333,
        "Execution Time": 11.041285514831543
    },
    "vintage_score": {
        "original": {
            "Tmean_apr_sep": 21.284699453551912,
            "Tmin_aug_sep": 18.38196721311475,
            "prec_jun_sep": 132.3,
            "vintage_score": -10.593158555185312
        },
        "missing": {
            "Tmean_apr_sep": 21.296205221615057,
            "Tmin_aug_sep": 18.5,
            "prec_jun_sep": 132.3,
            "vintage_score": -10.716582835392103
        },
        "filled": {
            "Tmean_apr_sep": 21.28616201703343,
            "Tmin_aug_sep": 18.38750312417174,
            "prec_jun_sep": 131.95645111659533,
            "vintage_score": -10.6025896441447
        },
        "Deviation missing": 1.1651320006569272,
        "Deviation filled": 0.08902999903434851,
        "Improvement": 1.0761020016225786
    }
}