{
    "dataset": "Report(Barbieri2023)",
    "gap_parameters": {
        "gap_type": "overlap",
        "perc": "100.0 %",
        "length": 3,
        "seed": 2025
    },
    "algorithm": "Nonstationary_Transformer",
    "algorithm_parameters": {
        "n_layers": 1,
        "d_model": 128,
        "d_ffn": 16,
        "n_heads": 2,
        "n_projector_hidden_layers": 2,
        "d_projector_hidden": [
            64,
            64
        ],
        "dropout": 0.3,
        "epochs": 100,
        "batch_size": 32,
        "ORT_weight": 1,
        "MIT_weight": 1,
        "num_workers": 0,
        "patience": 10,
        "lr": 0.0060002798206847075,
        "device": "cuda"
    },
    "metrics": {
        "Missing value percentage": 5.407813570938999,
        "Missing value percentage between 4 and 9": 0.06830601092896176,
        "Mean absolute error": 0.03393950562251802,
        "Mean square error": 0.0021413939187181416,
        "Root mean square error": 0.04627519766265879,
        "Mean relative error": 0.02686886107064855,
        "Euclidean Distance": 0.16030198696404185,
        "r2 score": 0.9962931269712274,
        "Execution Time": 11.015060663223267
    },
    "vintage_score": {
        "original": {
            "Tmean_apr_sep": 21.284699453551912,
            "Tmin_aug_sep": 18.38196721311475,
            "prec_jun_sep": 132.3,
            "vintage_score": -10.593158555185312
        },
        "missing": {
            "Tmean_apr_sep": 21.28511963901308,
            "Tmin_aug_sep": 18.38196721311475,
            "prec_jun_sep": 132.3,
            "vintage_score": -10.595900226311073
        },
        "filled": {
            "Tmean_apr_sep": 21.28469080124824,
            "Tmin_aug_sep": 18.38196721311475,
            "prec_jun_sep": 132.27565324149919,
            "vintage_score": -10.592933671351147
        },
        "Deviation missing": 0.02588152637835743,
        "Deviation filled": 0.0021229157761848325,
        "Improvement": 0.0237586106021726
    }
}