{
    "dataset": "Report(Barbieri2023)",
    "gap_parameters": {
        "gap_type": "overlap",
        "perc": "100.0 %",
        "length": 6,
        "seed": 2024
    },
    "algorithm": "Nonstationary_Transformer",
    "algorithm_parameters": {
        "n_layers": 1,
        "d_model": 128,
        "d_ffn": 16,
        "n_heads": 2,
        "n_projector_hidden_layers": 2,
        "d_projector_hidden": [
            64,
            64
        ],
        "dropout": 0.3,
        "epochs": 100,
        "batch_size": 32,
        "ORT_weight": 1,
        "MIT_weight": 1,
        "num_workers": 0,
        "patience": 10,
        "lr": 0.0060002798206847075,
        "device": "cuda"
    },
    "metrics": {
        "Missing value percentage": 5.44893762851268,
        "Missing value percentage between 4 and 9": 0.1366120218579235,
        "Mean absolute error": 0.09885911523183641,
        "Mean square error": 0.01713425376595004,
        "Root mean square error": 0.13089787533015973,
        "Mean relative error": 0.07991732434279006,
        "Euclidean Distance": 0.6412660059466884,
        "r2 score": 0.970364592268528,
        "Execution Time": 11.417786359786987
    },
    "vintage_score": {
        "original": {
            "Tmean_apr_sep": 21.284699453551912,
            "Tmin_aug_sep": 18.38196721311475,
            "prec_jun_sep": 132.3,
            "vintage_score": -10.593158555185312
        },
        "missing": {
            "Tmean_apr_sep": 21.280813600485732,
            "Tmin_aug_sep": 18.38196721311475,
            "prec_jun_sep": 132.3,
            "vintage_score": -10.567815086133919
        },
        "filled": {
            "Tmean_apr_sep": 21.28570224685398,
            "Tmin_aug_sep": 18.38196721311475,
            "prec_jun_sep": 132.36946177163384,
            "vintage_score": -10.60018262161779
        },
        "Deviation missing": 0.239243743208084,
        "Deviation filled": 0.06630757385426177,
        "Improvement": 0.17293616935382222
    }
}