{
    "dataset": "Report(Barbieri2023)",
    "gap_parameters": {
        "gap_type": "overlap",
        "perc": "50.0 %",
        "length": 48,
        "seed": 2024
    },
    "algorithm": "Nonstationary_Transformer",
    "algorithm_parameters": {
        "n_layers": 1,
        "d_model": 128,
        "d_ffn": 16,
        "n_heads": 2,
        "n_projector_hidden_layers": 2,
        "d_projector_hidden": [
            64,
            64
        ],
        "dropout": 0.3,
        "epochs": 100,
        "batch_size": 32,
        "ORT_weight": 1,
        "MIT_weight": 1,
        "num_workers": 0,
        "patience": 10,
        "lr": 0.0060002798206847075,
        "device": "cuda"
    },
    "metrics": {
        "Missing value percentage": 6.024674434544209,
        "Missing value percentage between 4 and 9": 1.092896174863388,
        "Mean absolute error": 0.7661502987925088,
        "Mean square error": 11.01283688832765,
        "Root mean square error": 3.318559459815004,
        "Mean relative error": 0.5750798198542763,
        "Euclidean Distance": 45.98330873870344,
        "r2 score": -0.06750745942696978,
        "Execution Time": 11.47927451133728
    },
    "vintage_score": {
        "original": {
            "Tmean_apr_sep": 21.284699453551912,
            "Tmin_aug_sep": 18.38196721311475,
            "prec_jun_sep": 132.3,
            "vintage_score": -10.593158555185312
        },
        "missing": {
            "Tmean_apr_sep": 21.26070283882784,
            "Tmin_aug_sep": 18.386666666666663,
            "prec_jun_sep": 64.7,
            "vintage_score": -9.971245518472728
        },
        "filled": {
            "Tmean_apr_sep": 21.295830802970105,
            "Tmin_aug_sep": 18.37877914445513,
            "prec_jun_sep": 67.29357053117783,
            "vintage_score": -10.214852453379393
        },
        "Deviation missing": 5.870893307909189,
        "Deviation filled": 3.5712304298583275,
        "Improvement": 2.299662878050862
    }
}