{
    "dataset": "Report(Bertelegni2023)",
    "gap_parameters": {
        "gap_type": "overlap",
        "perc": "100.0 %",
        "length": 48,
        "seed": 2025
    },
    "algorithm": "Nonstationary_Transformer",
    "algorithm_parameters": {
        "n_layers": 1,
        "d_model": 128,
        "d_ffn": 256,
        "n_heads": 4,
        "n_projector_hidden_layers": 2,
        "d_projector_hidden": [
            128,
            128
        ],
        "dropout": 0.3,
        "epochs": 100,
        "batch_size": 32,
        "ORT_weight": 1,
        "MIT_weight": 1,
        "num_workers": 0,
        "patience": 10,
        "lr": 0.003947660496431522,
        "device": "cuda"
    },
    "metrics": {
        "Missing value percentage": 2.0562028786840303,
        "Missing value percentage between 4 and 9": 1.092896174863388,
        "Mean absolute error": 0.17431860745841182,
        "Mean square error": 0.062992448916761,
        "Root mean square error": 0.25098296539159987,
        "Mean relative error": 0.14273631122433766,
        "Euclidean Distance": 3.4777219831404254,
        "r2 score": 0.916241135695491,
        "Execution Time": 13.564061880111694
    },
    "vintage_score": {
        "original": {
            "Tmean_apr_sep": 20.354001429188713,
            "Tmin_aug_sep": 16.15245901639344,
            "prec_jun_sep": 125.0,
            "vintage_score": -4.14670757438347
        },
        "missing": {
            "Tmean_apr_sep": 20.275245942535907,
            "Tmin_aug_sep": 16.081666666666663,
            "prec_jun_sep": 125.0,
            "vintage_score": -3.7076603686328724
        },
        "filled": {
            "Tmean_apr_sep": 20.328559954660342,
            "Tmin_aug_sep": 16.24150809805462,
            "prec_jun_sep": 124.36794819180105,
            "vintage_score": -4.04534587630647
        },
        "Deviation missing": 10.587850671285272,
        "Deviation filled": 2.4443898263568773,
        "Improvement": 8.143460844928395
    }
}