{
    "dataset": "Report(Bertelegni2023)",
    "gap_parameters": {
        "gap_type": "overlap",
        "perc": "50.0 %",
        "length": 6,
        "seed": 2024
    },
    "algorithm": "Nonstationary_Transformer",
    "algorithm_parameters": {
        "n_layers": 1,
        "d_model": 128,
        "d_ffn": 256,
        "n_heads": 4,
        "n_projector_hidden_layers": 2,
        "d_projector_hidden": [
            128,
            128
        ],
        "dropout": 0.3,
        "epochs": 100,
        "batch_size": 32,
        "ORT_weight": 1,
        "MIT_weight": 1,
        "num_workers": 0,
        "patience": 10,
        "lr": 0.003947660496431522,
        "device": "cuda"
    },
    "metrics": {
        "Missing value percentage": 1.4804660726525016,
        "Missing value percentage between 4 and 9": 0.1366120218579235,
        "Mean absolute error": 0.08259384529143285,
        "Mean square error": 0.01282154600392409,
        "Root mean square error": 0.11323226573695366,
        "Mean relative error": 0.05714022836288901,
        "Euclidean Distance": 0.5547225469495457,
        "r2 score": 0.9839302788115681,
        "Execution Time": 14.54578161239624
    },
    "vintage_score": {
        "original": {
            "Tmean_apr_sep": 20.354001429188713,
            "Tmin_aug_sep": 16.15245901639344,
            "prec_jun_sep": 125.0,
            "vintage_score": -4.14670757438347
        },
        "missing": {
            "Tmean_apr_sep": 20.347588253718165,
            "Tmin_aug_sep": 16.15245901639344,
            "prec_jun_sep": 125.0,
            "vintage_score": -4.112997490985549
        },
        "filled": {
            "Tmean_apr_sep": 20.320215568089736,
            "Tmin_aug_sep": 16.15245901639344,
            "prec_jun_sep": 124.98979172630149,
            "vintage_score": -3.9696735952568076
        },
        "Deviation missing": 0.8129361136089441,
        "Deviation filled": 4.269266061110748,
        "Improvement": -3.4563299475018034
    }
}