{
    "dataset": "Report(Bertelegni2023)",
    "gap_parameters": {
        "gap_type": "overlap",
        "perc": "100.0 %",
        "length": 12,
        "seed": 2024
    },
    "algorithm": "Nonstationary_Transformer",
    "algorithm_parameters": {
        "n_layers": 1,
        "d_model": 128,
        "d_ffn": 256,
        "n_heads": 4,
        "n_projector_hidden_layers": 2,
        "d_projector_hidden": [
            128,
            128
        ],
        "dropout": 0.3,
        "epochs": 100,
        "batch_size": 32,
        "ORT_weight": 1,
        "MIT_weight": 1,
        "num_workers": 0,
        "patience": 10,
        "lr": 0.003947660496431522,
        "device": "cuda"
    },
    "metrics": {
        "Missing value percentage": 1.562714187799863,
        "Missing value percentage between 4 and 9": 0.273224043715847,
        "Mean absolute error": 0.09478648444948246,
        "Mean square error": 0.015149350816838205,
        "Root mean square error": 0.123082699096332,
        "Mean relative error": 0.06822035942492836,
        "Euclidean Distance": 0.8527419534702448,
        "r2 score": 0.9796413254806087,
        "Execution Time": 13.524221658706665
    },
    "vintage_score": {
        "original": {
            "Tmean_apr_sep": 20.354001429188713,
            "Tmin_aug_sep": 16.15245901639344,
            "prec_jun_sep": 125.0,
            "vintage_score": -4.14670757438347
        },
        "missing": {
            "Tmean_apr_sep": 20.33799505396103,
            "Tmin_aug_sep": 16.15245901639344,
            "prec_jun_sep": 125.0,
            "vintage_score": -4.0626762555019695
        },
        "filled": {
            "Tmean_apr_sep": 20.3252561470058,
            "Tmin_aug_sep": 16.15245901639344,
            "prec_jun_sep": 125.01412353711083,
            "vintage_score": -3.996145051151842
        },
        "Deviation missing": 2.0264587597304597,
        "Deviation filled": 3.63089319733411,
        "Improvement": -1.6044344376036501
    }
}