{
    "dataset": "Report(Bertelegni2023)",
    "gap_parameters": {
        "gap_type": "overlap",
        "perc": "100.0 %",
        "length": 6,
        "seed": 2024
    },
    "algorithm": "Nonstationary_Transformer",
    "algorithm_parameters": {
        "n_layers": 1,
        "d_model": 128,
        "d_ffn": 256,
        "n_heads": 4,
        "n_projector_hidden_layers": 2,
        "d_projector_hidden": [
            128,
            128
        ],
        "dropout": 0.3,
        "epochs": 100,
        "batch_size": 32,
        "ORT_weight": 1,
        "MIT_weight": 1,
        "num_workers": 0,
        "patience": 10,
        "lr": 0.003947660496431522,
        "device": "cuda"
    },
    "metrics": {
        "Missing value percentage": 1.4804660726525016,
        "Missing value percentage between 4 and 9": 0.1366120218579235,
        "Mean absolute error": 0.1908601806848808,
        "Mean square error": 0.05198291235448857,
        "Root mean square error": 0.22799761479999867,
        "Mean relative error": 0.1320412467930896,
        "Euclidean Distance": 1.116955637663277,
        "r2 score": 0.9348478796672678,
        "Execution Time": 14.28494906425476
    },
    "vintage_score": {
        "original": {
            "Tmean_apr_sep": 20.354001429188713,
            "Tmin_aug_sep": 16.15245901639344,
            "prec_jun_sep": 125.0,
            "vintage_score": -4.14670757438347
        },
        "missing": {
            "Tmean_apr_sep": 20.347588253718165,
            "Tmin_aug_sep": 16.15245901639344,
            "prec_jun_sep": 125.0,
            "vintage_score": -4.112997490985549
        },
        "filled": {
            "Tmean_apr_sep": 20.31812727286312,
            "Tmin_aug_sep": 16.15245901639344,
            "prec_jun_sep": 125.04882829760005,
            "vintage_score": -3.959194819272909
        },
        "Deviation missing": 0.8129361136089441,
        "Deviation filled": 4.521967169060383,
        "Improvement": -3.7090310554514385
    }
}