{
    "dataset": "Report(Bertelegni2023)",
    "gap_parameters": {
        "gap_type": "overlap",
        "perc": "50.0 %",
        "length": 12,
        "seed": 2023
    },
    "algorithm": "Saits",
    "algorithm_parameters": {
        "n_layers": 3,
        "d_model": 128,
        "d_ffn": 128,
        "n_heads": 2,
        "d_k": 64,
        "d_v": 128,
        "dropout": 0.2,
        "epochs": 100,
        "batch_size": 32,
        "ORT_weight": 1,
        "MIT_weight": 1,
        "attn_dropout": 0.4,
        "diagonal_attention_mask": false,
        "num_workers": 0,
        "patience": 10,
        "lr": 0.0022511528688296573,
        "device": "cuda"
    },
    "metrics": {
        "Missing value percentage": 1.562714187799863,
        "Missing value percentage between 4 and 9": 0.273224043715847,
        "Mean absolute error": 0.08606390051898981,
        "Mean square error": 0.013528154032499058,
        "Root mean square error": 0.11631059295050927,
        "Mean relative error": 0.20200245890872848,
        "Euclidean Distance": 0.8058234257949866,
        "r2 score": 0.9485771750674896,
        "Execution Time": 12.310539484024048
    },
    "vintage_score": {
        "original": {
            "Tmean_apr_sep": 20.354001429188713,
            "Tmin_aug_sep": 16.15245901639344,
            "prec_jun_sep": 125.0,
            "vintage_score": -4.14670757438347
        },
        "missing": {
            "Tmean_apr_sep": 20.354973976677655,
            "Tmin_aug_sep": 16.17868852459016,
            "prec_jun_sep": 125.0,
            "vintage_score": -4.162549776100519
        },
        "filled": {
            "Tmean_apr_sep": 20.310379974117602,
            "Tmin_aug_sep": 16.17868852459016,
            "prec_jun_sep": 124.95903952332887,
            "vintage_score": -3.9289606089477616
        },
        "Deviation missing": 0.38204289627065946,
        "Deviation filled": 5.251080803981766,
        "Improvement": -4.869037907711106
    }
}