{
    "dataset": "Report(Bertelegni2023)",
    "gap_parameters": {
        "gap_type": "overlap",
        "perc": "100.0 %",
        "length": 48,
        "seed": 2024
    },
    "algorithm": "Saits",
    "algorithm_parameters": {
        "n_layers": 3,
        "d_model": 128,
        "d_ffn": 128,
        "n_heads": 2,
        "d_k": 64,
        "d_v": 128,
        "dropout": 0.2,
        "epochs": 100,
        "batch_size": 32,
        "ORT_weight": 1,
        "MIT_weight": 1,
        "attn_dropout": 0.4,
        "diagonal_attention_mask": false,
        "num_workers": 0,
        "patience": 10,
        "lr": 0.0022511528688296573,
        "device": "cuda"
    },
    "metrics": {
        "Missing value percentage": 2.0562028786840303,
        "Missing value percentage between 4 and 9": 1.092896174863388,
        "Mean absolute error": 0.6495164494966899,
        "Mean square error": 9.325465101634036,
        "Root mean square error": 3.0537624500989,
        "Mean relative error": 0.48732086386849904,
        "Euclidean Distance": 42.314173742538614,
        "r2 score": -0.07249458724770097,
        "Execution Time": 12.788651466369629
    },
    "vintage_score": {
        "original": {
            "Tmean_apr_sep": 20.354001429188713,
            "Tmin_aug_sep": 16.15245901639344,
            "prec_jun_sep": 125.0,
            "vintage_score": -4.14670757438347
        },
        "missing": {
            "Tmean_apr_sep": 20.317645209935172,
            "Tmin_aug_sep": 16.10833333333333,
            "prec_jun_sep": 76.7,
            "vintage_score": -3.6041622709991543
        },
        "filled": {
            "Tmean_apr_sep": 20.29848726466785,
            "Tmin_aug_sep": 16.133316064378384,
            "prec_jun_sep": 77.06766316465625,
            "vintage_score": -3.517331423037433
        },
        "Deviation missing": 13.0837608790145,
        "Deviation filled": 15.177731731893635,
        "Improvement": -2.093970852879135
    }
}