{
    "dataset": "Report(Bertelegni2023)",
    "gap_parameters": {
        "gap_type": "overlap",
        "perc": "50.0 %",
        "length": 3,
        "seed": 2025
    },
    "algorithm": "Saits",
    "algorithm_parameters": {
        "n_layers": 3,
        "d_model": 128,
        "d_ffn": 128,
        "n_heads": 2,
        "d_k": 64,
        "d_v": 128,
        "dropout": 0.2,
        "epochs": 100,
        "batch_size": 32,
        "ORT_weight": 1,
        "MIT_weight": 1,
        "attn_dropout": 0.4,
        "diagonal_attention_mask": false,
        "num_workers": 0,
        "patience": 10,
        "lr": 0.0022511528688296573,
        "device": "cuda"
    },
    "metrics": {
        "Missing value percentage": 1.4393420150788212,
        "Missing value percentage between 4 and 9": 0.06830601092896176,
        "Mean absolute error": 0.3541728211808783,
        "Mean square error": 0.16729524746246094,
        "Root mean square error": 0.40901741706492273,
        "Mean relative error": 0.35190746581799115,
        "Euclidean Distance": 1.4168778950741303,
        "r2 score": 0.5582677783804428,
        "Execution Time": 12.559186697006226
    },
    "vintage_score": {
        "original": {
            "Tmean_apr_sep": 20.354001429188713,
            "Tmin_aug_sep": 16.15245901639344,
            "prec_jun_sep": 125.0,
            "vintage_score": -4.14670757438347
        },
        "missing": {
            "Tmean_apr_sep": 20.356307994485302,
            "Tmin_aug_sep": 16.15245901639344,
            "prec_jun_sep": 125.0,
            "vintage_score": -4.158845413171321
        },
        "filled": {
            "Tmean_apr_sep": 20.31901998895311,
            "Tmin_aug_sep": 16.15245901639344,
            "prec_jun_sep": 124.98628340491331,
            "vintage_score": -3.9634155261201727
        },
        "Deviation missing": 0.29271026640106024,
        "Deviation filled": 4.420182638283793,
        "Improvement": -4.1274723718827335
    }
}