{
    "dataset": "Report(Bertelegni2023)",
    "gap_parameters": {
        "gap_type": "overlap",
        "perc": "100.0 %",
        "length": 12,
        "seed": 2024
    },
    "algorithm": "Saits",
    "algorithm_parameters": {
        "n_layers": 3,
        "d_model": 128,
        "d_ffn": 128,
        "n_heads": 2,
        "d_k": 64,
        "d_v": 128,
        "dropout": 0.2,
        "epochs": 100,
        "batch_size": 32,
        "ORT_weight": 1,
        "MIT_weight": 1,
        "attn_dropout": 0.4,
        "diagonal_attention_mask": false,
        "num_workers": 0,
        "patience": 10,
        "lr": 0.0022511528688296573,
        "device": "cuda"
    },
    "metrics": {
        "Missing value percentage": 1.562714187799863,
        "Missing value percentage between 4 and 9": 0.273224043715847,
        "Mean absolute error": 0.17514811117547863,
        "Mean square error": 0.04885501493327649,
        "Root mean square error": 0.22103170571951095,
        "Mean relative error": 0.1260587642466753,
        "Euclidean Distance": 1.5313525775592376,
        "r2 score": 0.9343454805627003,
        "Execution Time": 12.541143894195557
    },
    "vintage_score": {
        "original": {
            "Tmean_apr_sep": 20.354001429188713,
            "Tmin_aug_sep": 16.15245901639344,
            "prec_jun_sep": 125.0,
            "vintage_score": -4.14670757438347
        },
        "missing": {
            "Tmean_apr_sep": 20.33799505396103,
            "Tmin_aug_sep": 16.15245901639344,
            "prec_jun_sep": 125.0,
            "vintage_score": -4.0626762555019695
        },
        "filled": {
            "Tmean_apr_sep": 20.30254636955512,
            "Tmin_aug_sep": 16.15245901639344,
            "prec_jun_sep": 125.03529748620714,
            "vintage_score": -3.878058119877693
        },
        "Deviation missing": 2.0264587597304597,
        "Deviation filled": 6.478620681269515,
        "Improvement": -4.452161921539055
    }
}