{
    "dataset": "Report(Bertelegni2023)",
    "gap_parameters": {
        "gap_type": "overlap",
        "perc": "0.0 %",
        "length": 12,
        "seed": 2024
    },
    "algorithm": "Saits",
    "algorithm_parameters": {
        "n_layers": 3,
        "d_model": 128,
        "d_ffn": 128,
        "n_heads": 2,
        "d_k": 64,
        "d_v": 128,
        "dropout": 0.2,
        "epochs": 100,
        "batch_size": 32,
        "ORT_weight": 1,
        "MIT_weight": 1,
        "attn_dropout": 0.4,
        "diagonal_attention_mask": false,
        "num_workers": 0,
        "patience": 10,
        "lr": 0.0022511528688296573,
        "device": "cuda"
    },
    "metrics": {
        "Missing value percentage": 1.562714187799863,
        "Missing value percentage between 4 and 9": 0.273224043715847,
        "Mean absolute error": 0.15463930148370678,
        "Mean square error": 0.03810878591662576,
        "Root mean square error": 0.1952147174693183,
        "Mean relative error": 0.1112980272420678,
        "Euclidean Distance": 1.3524872361682658,
        "r2 score": 0.9487869560758069,
        "Execution Time": 12.662280321121216
    },
    "vintage_score": {
        "original": {
            "Tmean_apr_sep": 20.354001429188713,
            "Tmin_aug_sep": 16.15245901639344,
            "prec_jun_sep": 125.0,
            "vintage_score": -4.14670757438347
        },
        "missing": {
            "Tmean_apr_sep": 20.33799505396103,
            "Tmin_aug_sep": 16.15245901639344,
            "prec_jun_sep": 125.0,
            "vintage_score": -4.0626762555019695
        },
        "filled": {
            "Tmean_apr_sep": 20.31107021611923,
            "Tmin_aug_sep": 16.15245901639344,
            "prec_jun_sep": 124.85962566605997,
            "vintage_score": -3.9211382324941155
        },
        "Deviation missing": 2.0264587597304597,
        "Deviation filled": 5.439721461981602,
        "Improvement": -3.413262702251142
    }
}