{
    "dataset": "Report(Torrevilla2023)",
    "gap_parameters": {
        "gap_type": "overlap",
        "perc": "0.0 %",
        "length": 24,
        "seed": 2023
    },
    "algorithm": "DynaMMo",
    "algorithm_parameters": {
        "H": 2,
        "max_iter": 100,
        "fast": false
    },
    "metrics": {
        "Missing value percentage": 0.5860178204249485,
        "Missing value percentage between 4 and 9": 0.546448087431694,
        "Mean absolute error": 0.04840489419728187,
        "Mean square error": 0.0043354264670274235,
        "Root mean square error": 0.06584395543273068,
        "Mean relative error": 0.1168118858321724,
        "Euclidean Distance": 0.6451363738269894,
        "r2 score": 0.9820802289421657,
        "Execution Time": 21.94758677482605
    },
    "vintage_score": {
        "original": {
            "Tmean_apr_sep": 20.869581056466302,
            "Tmin_aug_sep": 17.044262295081968,
            "prec_jun_sep": 144.89999999999998,
            "vintage_score": -7.541854756514482
        },
        "missing": {
            "Tmean_apr_sep": 20.8824043715847,
            "Tmin_aug_sep": 17.142622950819668,
            "prec_jun_sep": 144.89999999999998,
            "vintage_score": -7.658624466284493
        },
        "filled": {
            "Tmean_apr_sep": 20.87001007202002,
            "Tmin_aug_sep": 17.038329858303573,
            "prec_jun_sep": 144.80904451777118,
            "vintage_score": -7.541357193047645
        },
        "Deviation missing": 1.5482890288910474,
        "Deviation filled": 0.00659736209328551,
        "Improvement": 1.5416916667977618
    }
}