{
    "dataset": "Report(Torrevilla2023)",
    "gap_parameters": {
        "gap_type": "overlap",
        "perc": "50.0 %",
        "length": 24,
        "seed": 2025
    },
    "algorithm": "DynaMMo",
    "algorithm_parameters": {
        "H": 2,
        "max_iter": 100,
        "fast": false
    },
    "metrics": {
        "Missing value percentage": 0.5860178204249485,
        "Missing value percentage between 4 and 9": 0.546448087431694,
        "Mean absolute error": 0.08593229151807456,
        "Mean square error": 0.013874845694313806,
        "Root mean square error": 0.1177915349009164,
        "Mean relative error": 0.06898352000207085,
        "Euclidean Distance": 1.1541166261059317,
        "r2 score": 0.9825440837683687,
        "Execution Time": 21.684918642044067
    },
    "vintage_score": {
        "original": {
            "Tmean_apr_sep": 20.869581056466302,
            "Tmin_aug_sep": 17.044262295081968,
            "prec_jun_sep": 144.89999999999998,
            "vintage_score": -7.541854756514482
        },
        "missing": {
            "Tmean_apr_sep": 20.86091861235304,
            "Tmin_aug_sep": 17.114754098360656,
            "prec_jun_sep": 144.89999999999998,
            "vintage_score": -7.519093919835285
        },
        "filled": {
            "Tmean_apr_sep": 20.871756821173804,
            "Tmin_aug_sep": 17.073854678718035,
            "prec_jun_sep": 144.83889621873888,
            "vintage_score": -7.566505077003512
        },
        "Deviation missing": 0.3017936225772133,
        "Deviation filled": 0.32684692671571114,
        "Improvement": -0.025053304138497823
    }
}