{
    "dataset": "Report(Torrevilla2023)",
    "gap_parameters": {
        "gap_type": "overlap",
        "perc": "0.0 %",
        "length": 24,
        "seed": 2025
    },
    "algorithm": "DynaMMo",
    "algorithm_parameters": {
        "H": 2,
        "max_iter": 100,
        "fast": false
    },
    "metrics": {
        "Missing value percentage": 0.5860178204249485,
        "Missing value percentage between 4 and 9": 0.546448087431694,
        "Mean absolute error": 0.08726005463182487,
        "Mean square error": 0.013893885778336463,
        "Root mean square error": 0.11787232829776657,
        "Mean relative error": 0.07004940305601154,
        "Euclidean Distance": 1.1549082364934082,
        "r2 score": 0.9825201294758984,
        "Execution Time": 21.794642686843872
    },
    "vintage_score": {
        "original": {
            "Tmean_apr_sep": 20.869581056466302,
            "Tmin_aug_sep": 17.044262295081968,
            "prec_jun_sep": 144.89999999999998,
            "vintage_score": -7.541854756514482
        },
        "missing": {
            "Tmean_apr_sep": 20.86091861235304,
            "Tmin_aug_sep": 17.114754098360656,
            "prec_jun_sep": 144.89999999999998,
            "vintage_score": -7.519093919835285
        },
        "filled": {
            "Tmean_apr_sep": 20.87175697459664,
            "Tmin_aug_sep": 17.07385451504623,
            "prec_jun_sep": 144.76354696623054,
            "vintage_score": -7.565984658939357
        },
        "Deviation missing": 0.3017936225772133,
        "Deviation filled": 0.3199465277958557,
        "Improvement": -0.01815290521864238
    }
}