{
    "dataset": "Report(Torrevilla2023)",
    "gap_parameters": {
        "gap_type": "overlap",
        "perc": "0.0 %",
        "length": 24,
        "seed": 2024
    },
    "algorithm": "DynaMMo",
    "algorithm_parameters": {
        "H": 2,
        "max_iter": 100,
        "fast": false
    },
    "metrics": {
        "Missing value percentage": 0.5860178204249485,
        "Missing value percentage between 4 and 9": 0.546448087431694,
        "Mean absolute error": 0.08557994089371927,
        "Mean square error": 0.01656436411114512,
        "Root mean square error": 0.12870261889777193,
        "Mean relative error": 0.08812474174348865,
        "Euclidean Distance": 1.2610229794377055,
        "r2 score": 0.9620992904973649,
        "Execution Time": 22.042973041534424
    },
    "vintage_score": {
        "original": {
            "Tmean_apr_sep": 20.869581056466302,
            "Tmin_aug_sep": 17.044262295081968,
            "prec_jun_sep": 144.89999999999998,
            "vintage_score": -7.541854756514482
        },
        "missing": {
            "Tmean_apr_sep": 20.859688069216755,
            "Tmin_aug_sep": 17.044262295081968,
            "prec_jun_sep": 144.89999999999998,
            "vintage_score": -7.482950191659228
        },
        "filled": {
            "Tmean_apr_sep": 20.872918047080095,
            "Tmin_aug_sep": 17.044262295081968,
            "prec_jun_sep": 144.80337268825787,
            "vintage_score": -7.561085287346742
        },
        "Deviation missing": 0.7810355245090576,
        "Deviation filled": 0.2549841047475667,
        "Improvement": 0.5260514197614908
    }
}