{
    "dataset": "Report(Torrevilla2023)",
    "gap_parameters": {
        "gap_type": "overlap",
        "perc": "100.0 %",
        "length": 3,
        "seed": 2025
    },
    "algorithm": "DynaMMo",
    "algorithm_parameters": {
        "H": 2,
        "max_iter": 100,
        "fast": false
    },
    "metrics": {
        "Missing value percentage": 0.2981494174091844,
        "Missing value percentage between 4 and 9": 0.06830601092896176,
        "Mean absolute error": 0.04231016215617804,
        "Mean square error": 0.003753196244717769,
        "Root mean square error": 0.06126333523991139,
        "Mean relative error": 0.037373938816982366,
        "Euclidean Distance": 0.21222241855331161,
        "r2 score": 0.9920530940292352,
        "Execution Time": 21.949578285217285
    },
    "vintage_score": {
        "original": {
            "Tmean_apr_sep": 20.869581056466302,
            "Tmin_aug_sep": 17.044262295081968,
            "prec_jun_sep": 144.89999999999998,
            "vintage_score": -7.541854756514482
        },
        "missing": {
            "Tmean_apr_sep": 20.87050521249559,
            "Tmin_aug_sep": 17.044262295081968,
            "prec_jun_sep": 144.89999999999998,
            "vintage_score": -7.547364129850763
        },
        "filled": {
            "Tmean_apr_sep": 20.86966836263728,
            "Tmin_aug_sep": 17.044262295081968,
            "prec_jun_sep": 144.88527589925712,
            "vintage_score": -7.542273322936467
        },
        "Deviation missing": 0.0730506422378675,
        "Deviation filled": 0.005549913588870568,
        "Improvement": 0.06750072864899694
    }
}