{
    "dataset": "Report(Torrevilla2023)",
    "gap_parameters": {
        "gap_type": "overlap",
        "perc": "100.0 %",
        "length": 12,
        "seed": 2024
    },
    "algorithm": "DynaMMo",
    "algorithm_parameters": {
        "H": 2,
        "max_iter": 100,
        "fast": false
    },
    "metrics": {
        "Missing value percentage": 0.42152159013022616,
        "Missing value percentage between 4 and 9": 0.273224043715847,
        "Mean absolute error": 0.09045412216497474,
        "Mean square error": 0.017966483620507366,
        "Root mean square error": 0.13403911227886944,
        "Mean relative error": 0.07679016396319266,
        "Euclidean Distance": 0.9286502106737344,
        "r2 score": 0.967719748054588,
        "Execution Time": 21.76728844642639
    },
    "vintage_score": {
        "original": {
            "Tmean_apr_sep": 20.869581056466302,
            "Tmin_aug_sep": 17.044262295081968,
            "prec_jun_sep": 144.89999999999998,
            "vintage_score": -7.541854756514482
        },
        "missing": {
            "Tmean_apr_sep": 20.85922131147541,
            "Tmin_aug_sep": 17.044262295081968,
            "prec_jun_sep": 144.89999999999998,
            "vintage_score": -7.480174318273072
        },
        "filled": {
            "Tmean_apr_sep": 20.871636143117055,
            "Tmin_aug_sep": 17.044262295081968,
            "prec_jun_sep": 144.88041293405604,
            "vintage_score": -7.553972268542225
        },
        "Deviation missing": 0.8178417674794396,
        "Deviation filled": 0.16067018550411588,
        "Improvement": 0.6571715819753237
    }
}