{
    "dataset": "Report(Torrevilla2023)",
    "gap_parameters": {
        "gap_type": "overlap",
        "perc": "50.0 %",
        "length": 6,
        "seed": 2023
    },
    "algorithm": "DynaMMo",
    "algorithm_parameters": {
        "H": 2,
        "max_iter": 100,
        "fast": false
    },
    "metrics": {
        "Missing value percentage": 0.339273474982865,
        "Missing value percentage between 4 and 9": 0.1366120218579235,
        "Mean absolute error": 0.04363477943847548,
        "Mean square error": 0.0030868838828312234,
        "Root mean square error": 0.05555973256623203,
        "Mean relative error": 0.057876433901443036,
        "Euclidean Distance": 0.27218599006552935,
        "r2 score": 0.9874086639187017,
        "Execution Time": 22.237104892730713
    },
    "vintage_score": {
        "original": {
            "Tmean_apr_sep": 20.869581056466302,
            "Tmin_aug_sep": 17.044262295081968,
            "prec_jun_sep": 144.89999999999998,
            "vintage_score": -7.541854756514482
        },
        "missing": {
            "Tmean_apr_sep": 20.86311475409836,
            "Tmin_aug_sep": 17.044262295081968,
            "prec_jun_sep": 144.89999999999998,
            "vintage_score": -7.5033382235152715
        },
        "filled": {
            "Tmean_apr_sep": 20.869018126860535,
            "Tmin_aug_sep": 17.044262295081968,
            "prec_jun_sep": 144.86742903393883,
            "vintage_score": -7.538274083676697
        },
        "Deviation missing": 0.5107037226610713,
        "Deviation filled": 0.0474773507762405,
        "Improvement": 0.46322637188483085
    }
}