{
    "dataset": "Report(Torrevilla2023)",
    "gap_parameters": {
        "gap_type": "overlap",
        "perc": "50.0 %",
        "length": 3,
        "seed": 2024
    },
    "algorithm": "DynaMMo",
    "algorithm_parameters": {
        "H": 2,
        "max_iter": 100,
        "fast": false
    },
    "metrics": {
        "Missing value percentage": 0.2981494174091844,
        "Missing value percentage between 4 and 9": 0.06830601092896176,
        "Mean absolute error": 0.04340964556839775,
        "Mean square error": 0.0028105393537595064,
        "Root mean square error": 0.05301452021625308,
        "Mean relative error": 0.03805234167536988,
        "Euclidean Distance": 0.1836476851068831,
        "r2 score": 0.9941110498752282,
        "Execution Time": 22.260557413101196
    },
    "vintage_score": {
        "original": {
            "Tmean_apr_sep": 20.869581056466302,
            "Tmin_aug_sep": 17.044262295081968,
            "prec_jun_sep": 144.89999999999998,
            "vintage_score": -7.541854756514482
        },
        "missing": {
            "Tmean_apr_sep": 20.86843937028363,
            "Tmin_aug_sep": 17.044262295081968,
            "prec_jun_sep": 144.89999999999998,
            "vintage_score": -7.535050174578799
        },
        "filled": {
            "Tmean_apr_sep": 20.86964901334348,
            "Tmin_aug_sep": 17.044262295081968,
            "prec_jun_sep": 144.8942278814777,
            "vintage_score": -7.5422199116768525
        },
        "Deviation missing": 0.09022425060367173,
        "Deviation filled": 0.00484171565429636,
        "Improvement": 0.08538253494937537
    }
}