{
    "dataset": "Report(Rebutti2023)",
    "gap_parameters": {
        "gap_type": "overlap",
        "perc": "100.0 %",
        "length": 3,
        "seed": 2025
    },
    "algorithm": "DynaMMo",
    "algorithm_parameters": {
        "H": 8,
        "max_iter": 100,
        "fast": true
    },
    "metrics": {
        "Missing value percentage": 0.10281014393420151,
        "Missing value percentage between 4 and 9": 0.06830601092896176,
        "Mean absolute error": 0.06155274897656091,
        "Mean square error": 0.0050829536795751916,
        "Root mean square error": 0.0712948362756742,
        "Mean relative error": 0.050119901009975,
        "Euclidean Distance": 0.2469725574935551,
        "r2 score": 0.9907545158626184,
        "Execution Time": 31.847456693649292
    },
    "vintage_score": {
        "original": {
            "Tmean_apr_sep": 20.91026867030965,
            "Tmin_aug_sep": 18.283606557377052,
            "prec_jun_sep": 120.3,
            "vintage_score": -8.122098331799663
        },
        "missing": {
            "Tmean_apr_sep": 20.911426362700418,
            "Tmin_aug_sep": 18.283606557377052,
            "prec_jun_sep": 120.3,
            "vintage_score": -8.129064086950137
        },
        "filled": {
            "Tmean_apr_sep": 20.91065121744739,
            "Tmin_aug_sep": 18.283606557377052,
            "prec_jun_sep": 120.22389459036793,
            "vintage_score": -8.123873392936503
        },
        "Deviation missing": 0.08576299948502669,
        "Deviation filled": 0.021854711237491064,
        "Improvement": 0.06390828824753562
    }
}