{
    "dataset": "Report(Rebutti2023)",
    "gap_parameters": {
        "gap_type": "overlap",
        "perc": "0.0 %",
        "length": 6,
        "seed": 2024
    },
    "algorithm": "DynaMMo",
    "algorithm_parameters": {
        "H": 8,
        "max_iter": 100,
        "fast": true
    },
    "metrics": {
        "Missing value percentage": 0.1439342015078821,
        "Missing value percentage between 4 and 9": 0.1366120218579235,
        "Mean absolute error": 0.0941888647275817,
        "Mean square error": 0.011743164250540006,
        "Root mean square error": 0.10836588139511442,
        "Mean relative error": 0.07471759178993394,
        "Euclidean Distance": 0.5308822298899935,
        "r2 score": 0.981158452921658,
        "Execution Time": 31.917794942855835
    },
    "vintage_score": {
        "original": {
            "Tmean_apr_sep": 20.91026867030965,
            "Tmin_aug_sep": 18.283606557377052,
            "prec_jun_sep": 120.3,
            "vintage_score": -8.122098331799663
        },
        "missing": {
            "Tmean_apr_sep": 20.90640558591378,
            "Tmin_aug_sep": 18.283606557377052,
            "prec_jun_sep": 120.3,
            "vintage_score": -8.098867589492698
        },
        "filled": {
            "Tmean_apr_sep": 20.90951721634778,
            "Tmin_aug_sep": 18.283606557377052,
            "prec_jun_sep": 120.35391593513224,
            "vintage_score": -8.117950849772825
        },
        "Deviation missing": 0.2860189738901724,
        "Deviation filled": 0.05106416910269906,
        "Improvement": 0.23495480478747333
    }
}