{
    "dataset": "Report(Rebutti2023)",
    "gap_parameters": {
        "gap_type": "overlap",
        "perc": "50.0 %",
        "length": 6,
        "seed": 2025
    },
    "algorithm": "DynaMMo",
    "algorithm_parameters": {
        "H": 8,
        "max_iter": 100,
        "fast": true
    },
    "metrics": {
        "Missing value percentage": 0.1439342015078821,
        "Missing value percentage between 4 and 9": 0.1366120218579235,
        "Mean absolute error": 0.041817822608290096,
        "Mean square error": 0.002477688913863569,
        "Root mean square error": 0.04977638912038085,
        "Mean relative error": 0.03574059636864611,
        "Euclidean Distance": 0.24385350916631926,
        "r2 score": 0.9951036443702136,
        "Execution Time": 32.14753341674805
    },
    "vintage_score": {
        "original": {
            "Tmean_apr_sep": 20.91026867030965,
            "Tmin_aug_sep": 18.283606557377052,
            "prec_jun_sep": 120.3,
            "vintage_score": -8.122098331799663
        },
        "missing": {
            "Tmean_apr_sep": 20.91334368272893,
            "Tmin_aug_sep": 18.283606557377052,
            "prec_jun_sep": 120.3,
            "vintage_score": -8.140604472364004
        },
        "filled": {
            "Tmean_apr_sep": 20.91040679969837,
            "Tmin_aug_sep": 18.283606557377052,
            "prec_jun_sep": 120.26292624198197,
            "vintage_score": -8.122672874908034
        },
        "Deviation missing": 0.22784925530740835,
        "Deviation filled": 0.007073826059474858,
        "Improvement": 0.2207754292479335
    }
}