{
    "dataset": "Report(Rebutti2023)",
    "gap_parameters": {
        "gap_type": "overlap",
        "perc": "100.0 %",
        "length": 12,
        "seed": 2023
    },
    "algorithm": "DynaMMo",
    "algorithm_parameters": {
        "H": 8,
        "max_iter": 100,
        "fast": true
    },
    "metrics": {
        "Missing value percentage": 0.22618231665524333,
        "Missing value percentage between 4 and 9": 0.273224043715847,
        "Mean absolute error": 0.06737920044597796,
        "Mean square error": 0.006777959399397642,
        "Root mean square error": 0.08232836327413319,
        "Mean relative error": 0.12853677244876896,
        "Euclidean Distance": 0.570387632379151,
        "r2 score": 0.9695153605176868,
        "Execution Time": 32.00267720222473
    },
    "vintage_score": {
        "original": {
            "Tmean_apr_sep": 20.91026867030965,
            "Tmin_aug_sep": 18.283606557377052,
            "prec_jun_sep": 120.3,
            "vintage_score": -8.122098331799663
        },
        "missing": {
            "Tmean_apr_sep": 20.907825266718707,
            "Tmin_aug_sep": 18.283606557377052,
            "prec_jun_sep": 120.3,
            "vintage_score": -8.107402515639222
        },
        "filled": {
            "Tmean_apr_sep": 20.90961165064665,
            "Tmin_aug_sep": 18.283606557377052,
            "prec_jun_sep": 120.31950003282749,
            "vintage_score": -8.118280800669254
        },
        "Deviation missing": 0.18093620096795854,
        "Deviation filled": 0.047001784199808515,
        "Improvement": 0.13393441676815002
    }
}