{
    "dataset": "Report(Rebutti2023)",
    "gap_parameters": {
        "gap_type": "overlap",
        "perc": "0.0 %",
        "length": 12,
        "seed": 2024
    },
    "algorithm": "DynaMMo",
    "algorithm_parameters": {
        "H": 8,
        "max_iter": 100,
        "fast": true
    },
    "metrics": {
        "Missing value percentage": 0.22618231665524333,
        "Missing value percentage between 4 and 9": 0.273224043715847,
        "Mean absolute error": 0.07873437205897703,
        "Mean square error": 0.009420443972016806,
        "Root mean square error": 0.09705897162043706,
        "Mean relative error": 0.06390308206383627,
        "Euclidean Distance": 0.6724442807079379,
        "r2 score": 0.9839812986117934,
        "Execution Time": 31.72859835624695
    },
    "vintage_score": {
        "original": {
            "Tmean_apr_sep": 20.91026867030965,
            "Tmin_aug_sep": 18.283606557377052,
            "prec_jun_sep": 120.3,
            "vintage_score": -8.122098331799663
        },
        "missing": {
            "Tmean_apr_sep": 20.900591985428047,
            "Tmin_aug_sep": 18.283606557377052,
            "prec_jun_sep": 120.3,
            "vintage_score": -8.063945574201085
        },
        "filled": {
            "Tmean_apr_sep": 20.9107174972575,
            "Tmin_aug_sep": 18.283606557377052,
            "prec_jun_sep": 120.27292530812322,
            "vintage_score": -8.124611373795602
        },
        "Deviation missing": 0.7159819448491231,
        "Deviation filled": 0.030940797479643074,
        "Improvement": 0.6850411473694801
    }
}