{
    "dataset": "Report(Rebutti2023)",
    "gap_parameters": {
        "gap_type": "overlap",
        "perc": "50.0 %",
        "length": 6,
        "seed": 2023
    },
    "algorithm": "DynaMMo",
    "algorithm_parameters": {
        "H": 8,
        "max_iter": 100,
        "fast": true
    },
    "metrics": {
        "Missing value percentage": 0.1439342015078821,
        "Missing value percentage between 4 and 9": 0.1366120218579235,
        "Mean absolute error": 0.0876023499252851,
        "Mean square error": 0.010100008555628624,
        "Root mean square error": 0.10049879877704322,
        "Mean relative error": 0.11309855894634137,
        "Euclidean Distance": 0.49234155353280623,
        "r2 score": 0.9633333864396201,
        "Execution Time": 31.973121166229248
    },
    "vintage_score": {
        "original": {
            "Tmean_apr_sep": 20.91026867030965,
            "Tmin_aug_sep": 18.283606557377052,
            "prec_jun_sep": 120.3,
            "vintage_score": -8.122098331799663
        },
        "missing": {
            "Tmean_apr_sep": 20.90454614450516,
            "Tmin_aug_sep": 18.283606557377052,
            "prec_jun_sep": 120.3,
            "vintage_score": -8.087693023045261
        },
        "filled": {
            "Tmean_apr_sep": 20.909791504809185,
            "Tmin_aug_sep": 18.283606557377052,
            "prec_jun_sep": 120.15301207208798,
            "vintage_score": -8.118210927143508
        },
        "Deviation missing": 0.4236012339286439,
        "Deviation filled": 0.04786207328880248,
        "Improvement": 0.3757391606398414
    }
}