{
    "dataset": "Report(Rebutti2023)",
    "gap_parameters": {
        "gap_type": "overlap",
        "perc": "100.0 %",
        "length": 3,
        "seed": 2023
    },
    "algorithm": "DynaMMo",
    "algorithm_parameters": {
        "H": 8,
        "max_iter": 100,
        "fast": true
    },
    "metrics": {
        "Missing value percentage": 0.10281014393420151,
        "Missing value percentage between 4 and 9": 0.06830601092896176,
        "Mean absolute error": 0.09455918669763587,
        "Mean square error": 0.010295873774758069,
        "Root mean square error": 0.10146858516190156,
        "Mean relative error": 0.1024562240293351,
        "Euclidean Distance": 0.35149748974510064,
        "r2 score": 0.9678077304466319,
        "Execution Time": 31.852707386016846
    },
    "vintage_score": {
        "original": {
            "Tmean_apr_sep": 20.91026867030965,
            "Tmin_aug_sep": 18.283606557377052,
            "prec_jun_sep": 120.3,
            "vintage_score": -8.122098331799663
        },
        "missing": {
            "Tmean_apr_sep": 20.906567135050743,
            "Tmin_aug_sep": 18.283606557377052,
            "prec_jun_sep": 120.3,
            "vintage_score": -8.099838662724466
        },
        "filled": {
            "Tmean_apr_sep": 20.90969842395166,
            "Tmin_aug_sep": 18.283606557377052,
            "prec_jun_sep": 120.41308237165717,
            "vintage_score": -8.11945017175239
        },
        "Deviation missing": 0.27406303353957107,
        "Deviation filled": 0.03260438299428119,
        "Improvement": 0.24145865054528987
    }
}