{
    "dataset": "Report(Rebutti2023)",
    "gap_parameters": {
        "gap_type": "overlap",
        "perc": "50.0 %",
        "length": 12,
        "seed": 2023
    },
    "algorithm": "DynaMMo",
    "algorithm_parameters": {
        "H": 8,
        "max_iter": 100,
        "fast": true
    },
    "metrics": {
        "Missing value percentage": 0.22618231665524333,
        "Missing value percentage between 4 and 9": 0.273224043715847,
        "Mean absolute error": 0.07119124933819437,
        "Mean square error": 0.007729354899123289,
        "Root mean square error": 0.08791674982119897,
        "Mean relative error": 0.13580887508250764,
        "Euclidean Distance": 0.6091051101065609,
        "r2 score": 0.965236351585174,
        "Execution Time": 31.975920915603638
    },
    "vintage_score": {
        "original": {
            "Tmean_apr_sep": 20.91026867030965,
            "Tmin_aug_sep": 18.283606557377052,
            "prec_jun_sep": 120.3,
            "vintage_score": -8.122098331799663
        },
        "missing": {
            "Tmean_apr_sep": 20.907825266718707,
            "Tmin_aug_sep": 18.283606557377052,
            "prec_jun_sep": 120.3,
            "vintage_score": -8.107402515639222
        },
        "filled": {
            "Tmean_apr_sep": 20.909614545886495,
            "Tmin_aug_sep": 18.283606557377052,
            "prec_jun_sep": 119.96109826119057,
            "vintage_score": -8.115818792817834
        },
        "Deviation missing": 0.18093620096795854,
        "Deviation filled": 0.07731424473455858,
        "Improvement": 0.10362195623339995
    }
}