{
    "dataset": "Report(Barbieri2023)",
    "gap_parameters": {
        "gap_type": "overlap",
        "perc": "50.0 %",
        "length": 24,
        "seed": 2024
    },
    "algorithm": "Naive",
    "algorithm_parameters": {},
    "metrics": {
        "Missing value percentage": 5.6956819739547635,
        "Missing value percentage between 4 and 9": 0.546448087431694,
        "Mean absolute error": 0.4696738149237206,
        "Mean square error": 0.5255718335513853,
        "Root mean square error": 0.7249633325564716,
        "Mean relative error": 0.4470080799157893,
        "Euclidean Distance": 7.103160987963985,
        "r2 score": 0.17110458668479078,
        "Execution Time": 0.2680060863494873
    },
    "vintage_score": {
        "original": {
            "Tmean_apr_sep": 21.284699453551912,
            "Tmin_aug_sep": 18.38196721311475,
            "prec_jun_sep": 132.3,
            "vintage_score": -10.593158555185312
        },
        "missing": {
            "Tmean_apr_sep": 21.276206739526412,
            "Tmin_aug_sep": 18.39344262295082,
            "prec_jun_sep": 128.10000000000002,
            "vintage_score": -10.513432476387464
        },
        "filled": {
            "Tmean_apr_sep": 21.283037340619305,
            "Tmin_aug_sep": 18.39344262295082,
            "prec_jun_sep": 138.9,
            "vintage_score": -10.632666867715471
        },
        "Deviation missing": 0.7526185734171014,
        "Deviation filled": 0.3729606455368352,
        "Improvement": 0.37965792788026614
    }
}