{
    "dataset": "Report(Barbieri2023)",
    "gap_parameters": {
        "gap_type": "overlap",
        "perc": "0.0 %",
        "length": 6,
        "seed": 2023
    },
    "algorithm": "Naive",
    "algorithm_parameters": {},
    "metrics": {
        "Missing value percentage": 5.44893762851268,
        "Missing value percentage between 4 and 9": 0.1366120218579235,
        "Mean absolute error": 0.1646260424342111,
        "Mean square error": 0.04390766975644982,
        "Root mean square error": 0.20954157047337843,
        "Mean relative error": 0.23615101499899255,
        "Euclidean Distance": 1.0265398551224592,
        "r2 score": 0.7902275578955856,
        "Execution Time": 0.2810995578765869
    },
    "vintage_score": {
        "original": {
            "Tmean_apr_sep": 21.284699453551912,
            "Tmin_aug_sep": 18.38196721311475,
            "prec_jun_sep": 132.3,
            "vintage_score": -10.593158555185312
        },
        "missing": {
            "Tmean_apr_sep": 21.27895415907711,
            "Tmin_aug_sep": 18.38196721311475,
            "prec_jun_sep": 132.3,
            "vintage_score": -10.55569509398424
        },
        "filled": {
            "Tmean_apr_sep": 21.28226320582878,
            "Tmin_aug_sep": 18.38196721311475,
            "prec_jun_sep": 132.3,
            "vintage_score": -10.577266990110331
        },
        "Deviation missing": 0.35365713640463436,
        "Deviation filled": 0.150017249266996,
        "Improvement": 0.20363988713763836
    }
}