{
    "dataset": "Report(Barbieri2023)",
    "gap_parameters": {
        "gap_type": "overlap",
        "perc": "50.0 %",
        "length": 3,
        "seed": 2025
    },
    "algorithm": "Naive",
    "algorithm_parameters": {},
    "metrics": {
        "Missing value percentage": 5.407813570938999,
        "Missing value percentage between 4 and 9": 0.06830601092896176,
        "Mean absolute error": 0.05171810214032161,
        "Mean square error": 0.005319528857360892,
        "Root mean square error": 0.07293510031089895,
        "Mean relative error": 0.04094362825143639,
        "Euclidean Distance": 0.25265459878722973,
        "r2 score": 0.9907915970645267,
        "Execution Time": 0.22907805442810059
    },
    "vintage_score": {
        "original": {
            "Tmean_apr_sep": 21.284699453551912,
            "Tmin_aug_sep": 18.38196721311475,
            "prec_jun_sep": 132.3,
            "vintage_score": -10.593158555185312
        },
        "missing": {
            "Tmean_apr_sep": 21.28511963901308,
            "Tmin_aug_sep": 18.38196721311475,
            "prec_jun_sep": 132.3,
            "vintage_score": -10.595900226311073
        },
        "filled": {
            "Tmean_apr_sep": 21.284392076502733,
            "Tmin_aug_sep": 18.38196721311475,
            "prec_jun_sep": 132.3,
            "vintage_score": -10.591153100323993
        },
        "Deviation missing": 0.02588152637835743,
        "Deviation filled": 0.01893160430735934,
        "Improvement": 0.00694992207099809
    }
}