{
    "dataset": "Report(Barbieri2023)",
    "gap_parameters": {
        "gap_type": "overlap",
        "perc": "100.0 %",
        "length": 24,
        "seed": 2024
    },
    "algorithm": "Naive",
    "algorithm_parameters": {},
    "metrics": {
        "Missing value percentage": 5.6956819739547635,
        "Missing value percentage between 4 and 9": 0.546448087431694,
        "Mean absolute error": 0.23956292028911005,
        "Mean square error": 0.10595522673807947,
        "Root mean square error": 0.3255076446691836,
        "Mean relative error": 0.24527681272803525,
        "Euclidean Distance": 3.189310547258723,
        "r2 score": 0.7580160658648675,
        "Execution Time": 0.281430721282959
    },
    "vintage_score": {
        "original": {
            "Tmean_apr_sep": 21.284699453551912,
            "Tmin_aug_sep": 18.38196721311475,
            "prec_jun_sep": 132.3,
            "vintage_score": -10.593158555185312
        },
        "missing": {
            "Tmean_apr_sep": 21.276206739526412,
            "Tmin_aug_sep": 18.39344262295082,
            "prec_jun_sep": 132.3,
            "vintage_score": -10.542488076387457
        },
        "filled": {
            "Tmean_apr_sep": 21.283037340619305,
            "Tmin_aug_sep": 18.39344262295082,
            "prec_jun_sep": 132.3,
            "vintage_score": -10.587008067715459
        },
        "Deviation missing": 0.47833210967140577,
        "Deviation filled": 0.058060940349487784,
        "Improvement": 0.420271169321918
    }
}