{
    "dataset": "Report(Barbieri2023)",
    "gap_parameters": {
        "gap_type": "overlap",
        "perc": "0.0 %",
        "length": 3,
        "seed": 2023
    },
    "algorithm": "Naive",
    "algorithm_parameters": {},
    "metrics": {
        "Missing value percentage": 5.407813570938999,
        "Missing value percentage between 4 and 9": 0.06830601092896176,
        "Mean absolute error": 0.07914665540560277,
        "Mean square error": 0.009323382623691888,
        "Root mean square error": 0.0965576647588988,
        "Mean relative error": 0.09883383392450329,
        "Euclidean Distance": 0.33448556244524513,
        "r2 score": 0.9612203094424725,
        "Execution Time": 0.2314741611480713
    },
    "vintage_score": {
        "original": {
            "Tmean_apr_sep": 21.284699453551912,
            "Tmin_aug_sep": 18.38196721311475,
            "prec_jun_sep": 132.3,
            "vintage_score": -10.593158555185312
        },
        "missing": {
            "Tmean_apr_sep": 21.281430523028884,
            "Tmin_aug_sep": 18.38196721311475,
            "prec_jun_sep": 132.3,
            "vintage_score": -10.571837275373468
        },
        "filled": {
            "Tmean_apr_sep": 21.28417577413479,
            "Tmin_aug_sep": 18.38196721311475,
            "prec_jun_sep": 132.3,
            "vintage_score": -10.589741931222875
        },
        "Deviation missing": 0.2012740553326912,
        "Deviation filled": 0.032253118318185565,
        "Improvement": 0.16902093701450563
    }
}