{
    "dataset": "Report(Barbieri2023)",
    "gap_parameters": {
        "gap_type": "overlap",
        "perc": "0.0 %",
        "length": 12,
        "seed": 2023
    },
    "algorithm": "SoftImpute",
    "algorithm_parameters": {
        "max_rank": 4
    },
    "metrics": {
        "Missing value percentage": 5.531185743660041,
        "Missing value percentage between 4 and 9": 0.273224043715847,
        "Mean absolute error": 0.06295542972977271,
        "Mean square error": 0.006705506029074953,
        "Root mean square error": 0.08188715423724867,
        "Mean relative error": 0.13987802351485726,
        "Euclidean Distance": 0.567330846504581,
        "r2 score": 0.9631824739535174,
        "Execution Time": 0.5546801090240479
    },
    "vintage_score": {
        "original": {
            "Tmean_apr_sep": 21.284699453551912,
            "Tmin_aug_sep": 18.38196721311475,
            "prec_jun_sep": 132.3,
            "vintage_score": -10.593158555185312
        },
        "missing": {
            "Tmean_apr_sep": 21.281407754358572,
            "Tmin_aug_sep": 18.38196721311475,
            "prec_jun_sep": 132.3,
            "vintage_score": -10.571688819836254
        },
        "filled": {
            "Tmean_apr_sep": 21.28492585870617,
            "Tmin_aug_sep": 18.38196721311475,
            "prec_jun_sep": 132.32274974262342,
            "vintage_score": -10.59479318072809
        },
        "Deviation missing": 0.2026754837776734,
        "Deviation filled": 0.015430955123177771,
        "Improvement": 0.18724452865449562
    }
}