{
    "dataset": "Report(Barbieri2023)",
    "gap_parameters": {
        "gap_type": "overlap",
        "perc": "0.0 %",
        "length": 6,
        "seed": 2024
    },
    "algorithm": "SoftImpute",
    "algorithm_parameters": {
        "max_rank": 4
    },
    "metrics": {
        "Missing value percentage": 5.44893762851268,
        "Missing value percentage between 4 and 9": 0.1366120218579235,
        "Mean absolute error": 0.10128253718941677,
        "Mean square error": 0.014744043830074752,
        "Root mean square error": 0.12142505437542432,
        "Mean relative error": 0.08187640922989634,
        "Euclidean Distance": 0.5948588504189954,
        "r2 score": 0.9744986997109103,
        "Execution Time": 0.39822840690612793
    },
    "vintage_score": {
        "original": {
            "Tmean_apr_sep": 21.284699453551912,
            "Tmin_aug_sep": 18.38196721311475,
            "prec_jun_sep": 132.3,
            "vintage_score": -10.593158555185312
        },
        "missing": {
            "Tmean_apr_sep": 21.280813600485732,
            "Tmin_aug_sep": 18.38196721311475,
            "prec_jun_sep": 132.3,
            "vintage_score": -10.567815086133919
        },
        "filled": {
            "Tmean_apr_sep": 21.28608716612037,
            "Tmin_aug_sep": 18.38196721311475,
            "prec_jun_sep": 132.37086070771886,
            "vintage_score": -10.602704376899652
        },
        "Deviation missing": 0.239243743208084,
        "Deviation filled": 0.09011308255805932,
        "Improvement": 0.14913066065002467
    }
}