{
    "dataset": "Report(Barbieri2023)",
    "gap_parameters": {
        "gap_type": "overlap",
        "perc": "50.0 %",
        "length": 6,
        "seed": 2024
    },
    "algorithm": "SoftImpute",
    "algorithm_parameters": {
        "max_rank": 4
    },
    "metrics": {
        "Missing value percentage": 5.44893762851268,
        "Missing value percentage between 4 and 9": 0.1366120218579235,
        "Mean absolute error": 0.10064394638510271,
        "Mean square error": 0.014710109465134586,
        "Root mean square error": 0.12128524009595969,
        "Mean relative error": 0.08136017490682954,
        "Euclidean Distance": 0.5941739031321088,
        "r2 score": 0.9745573925932994,
        "Execution Time": 0.3112788200378418
    },
    "vintage_score": {
        "original": {
            "Tmean_apr_sep": 21.284699453551912,
            "Tmin_aug_sep": 18.38196721311475,
            "prec_jun_sep": 132.3,
            "vintage_score": -10.593158555185312
        },
        "missing": {
            "Tmean_apr_sep": 21.280813600485732,
            "Tmin_aug_sep": 18.38196721311475,
            "prec_jun_sep": 132.3,
            "vintage_score": -10.567815086133919
        },
        "filled": {
            "Tmean_apr_sep": 21.28608677639647,
            "Tmin_aug_sep": 18.38196721311475,
            "prec_jun_sep": 132.36293980105103,
            "vintage_score": -10.60264703653192
        },
        "Deviation missing": 0.239243743208084,
        "Deviation filled": 0.08957178632961642,
        "Improvement": 0.14967195687846757
    }
}