{
    "dataset": "Report(Barbieri2023)",
    "gap_parameters": {
        "gap_type": "overlap",
        "perc": "0.0 %",
        "length": 6,
        "seed": 2025
    },
    "algorithm": "SoftImpute",
    "algorithm_parameters": {
        "max_rank": 4
    },
    "metrics": {
        "Missing value percentage": 5.44893762851268,
        "Missing value percentage between 4 and 9": 0.1366120218579235,
        "Mean absolute error": 0.110643721324866,
        "Mean square error": 0.017679311365364988,
        "Root mean square error": 0.13296357157268673,
        "Mean relative error": 0.0972985453497131,
        "Euclidean Distance": 0.6513858094622399,
        "r2 score": 0.9641001120179886,
        "Execution Time": 0.394453763961792
    },
    "vintage_score": {
        "original": {
            "Tmean_apr_sep": 21.284699453551912,
            "Tmin_aug_sep": 18.38196721311475,
            "prec_jun_sep": 132.3,
            "vintage_score": -10.593158555185312
        },
        "missing": {
            "Tmean_apr_sep": 21.287715267428382,
            "Tmin_aug_sep": 18.38196721311475,
            "prec_jun_sep": 132.3,
            "vintage_score": -10.612841775918639
        },
        "filled": {
            "Tmean_apr_sep": 21.283222906736583,
            "Tmin_aug_sep": 18.38196721311475,
            "prec_jun_sep": 132.27070144163397,
            "vintage_score": -10.583323438482381
        },
        "Deviation missing": 0.18581068744309906,
        "Deviation filled": 0.09284404317838174,
        "Improvement": 0.09296664426471732
    }
}