{
    "dataset": "Report(Barbieri2023)",
    "gap_parameters": {
        "gap_type": "overlap",
        "perc": "100.0 %",
        "length": 3,
        "seed": 2024
    },
    "algorithm": "SoftImpute",
    "algorithm_parameters": {
        "max_rank": 4
    },
    "metrics": {
        "Missing value percentage": 5.407813570938999,
        "Missing value percentage between 4 and 9": 0.06830601092896176,
        "Mean absolute error": 0.07591991907823314,
        "Mean square error": 0.0080815930081539,
        "Root mean square error": 0.08989768077183026,
        "Mean relative error": 0.06777786658795526,
        "Euclidean Distance": 0.3114147011588484,
        "r2 score": 0.9826074613657688,
        "Execution Time": 0.38727235794067383
    },
    "vintage_score": {
        "original": {
            "Tmean_apr_sep": 21.284699453551912,
            "Tmin_aug_sep": 18.38196721311475,
            "prec_jun_sep": 132.3,
            "vintage_score": -10.593158555185312
        },
        "missing": {
            "Tmean_apr_sep": 21.283944834764508,
            "Tmin_aug_sep": 18.38196721311475,
            "prec_jun_sep": 132.3,
            "vintage_score": -10.588235339606854
        },
        "filled": {
            "Tmean_apr_sep": 21.28521103267281,
            "Tmin_aug_sep": 18.38196721311475,
            "prec_jun_sep": 132.32619199097823,
            "vintage_score": -10.59667778939641
        },
        "Deviation missing": 0.046475426123477485,
        "Deviation filled": 0.03322176471506511,
        "Improvement": 0.013253661408412373
    }
}