{
    "dataset": "Report(Barbieri2023)",
    "gap_parameters": {
        "gap_type": "overlap",
        "perc": "0.0 %",
        "length": 3,
        "seed": 2025
    },
    "algorithm": "SoftImpute",
    "algorithm_parameters": {
        "max_rank": 4
    },
    "metrics": {
        "Missing value percentage": 5.407813570938999,
        "Missing value percentage between 4 and 9": 0.06830601092896176,
        "Mean absolute error": 0.13260806115410123,
        "Mean square error": 0.025117359735594386,
        "Root mean square error": 0.15848457254759651,
        "Mean relative error": 0.10498171692971368,
        "Euclidean Distance": 0.5490066637365686,
        "r2 score": 0.9565204409408291,
        "Execution Time": 0.34144091606140137
    },
    "vintage_score": {
        "original": {
            "Tmean_apr_sep": 21.284699453551912,
            "Tmin_aug_sep": 18.38196721311475,
            "prec_jun_sep": 132.3,
            "vintage_score": -10.593158555185312
        },
        "missing": {
            "Tmean_apr_sep": 21.28511963901308,
            "Tmin_aug_sep": 18.38196721311475,
            "prec_jun_sep": 132.3,
            "vintage_score": -10.595900226311073
        },
        "filled": {
            "Tmean_apr_sep": 21.283786762522436,
            "Tmin_aug_sep": 18.38196721311475,
            "prec_jun_sep": 132.28757140229334,
            "vintage_score": -10.58711817591626
        },
        "Deviation missing": 0.02588152637835743,
        "Deviation filled": 0.057021512871583205,
        "Improvement": -0.031139986493225774
    }
}