{
    "dataset": "Report(Barbieri2023)",
    "gap_parameters": {
        "gap_type": "overlap",
        "perc": "0.0 %",
        "length": 3,
        "seed": 2023
    },
    "algorithm": "SoftImpute",
    "algorithm_parameters": {
        "max_rank": 4
    },
    "metrics": {
        "Missing value percentage": 5.407813570938999,
        "Missing value percentage between 4 and 9": 0.06830601092896176,
        "Mean absolute error": 0.10179357231905631,
        "Mean square error": 0.014524537196555465,
        "Root mean square error": 0.12051778788442587,
        "Mean relative error": 0.1271140134678557,
        "Euclidean Distance": 0.4174858636632863,
        "r2 score": 0.9395866199310096,
        "Execution Time": 0.42826008796691895
    },
    "vintage_score": {
        "original": {
            "Tmean_apr_sep": 21.284699453551912,
            "Tmin_aug_sep": 18.38196721311475,
            "prec_jun_sep": 132.3,
            "vintage_score": -10.593158555185312
        },
        "missing": {
            "Tmean_apr_sep": 21.281430523028884,
            "Tmin_aug_sep": 18.38196721311475,
            "prec_jun_sep": 132.3,
            "vintage_score": -10.571837275373468
        },
        "filled": {
            "Tmean_apr_sep": 21.28545019959791,
            "Tmin_aug_sep": 18.38196721311475,
            "prec_jun_sep": 132.3049066505952,
            "vintage_score": -10.598091216153364
        },
        "Deviation missing": 0.2012740553326912,
        "Deviation filled": 0.046564591121290126,
        "Improvement": 0.15470946421140105
    }
}