{
    "dataset": "Report(Barbieri2023)",
    "gap_parameters": {
        "gap_type": "overlap",
        "perc": "50.0 %",
        "length": 12,
        "seed": 2024
    },
    "algorithm": "SoftImpute",
    "algorithm_parameters": {
        "max_rank": 4
    },
    "metrics": {
        "Missing value percentage": 5.531185743660041,
        "Missing value percentage between 4 and 9": 0.273224043715847,
        "Mean absolute error": 0.10954131625339432,
        "Mean square error": 0.024025380258009394,
        "Root mean square error": 0.15500122663388632,
        "Mean relative error": 0.09279216391148788,
        "Euclidean Distance": 1.0738799990615688,
        "r2 score": 0.9571321854526886,
        "Execution Time": 0.3471207618713379
    },
    "vintage_score": {
        "original": {
            "Tmean_apr_sep": 21.284699453551912,
            "Tmin_aug_sep": 18.38196721311475,
            "prec_jun_sep": 132.3,
            "vintage_score": -10.593158555185312
        },
        "missing": {
            "Tmean_apr_sep": 21.27645719489982,
            "Tmin_aug_sep": 18.38196721311475,
            "prec_jun_sep": 132.3,
            "vintage_score": -10.539427061973242
        },
        "filled": {
            "Tmean_apr_sep": 21.28775061062955,
            "Tmin_aug_sep": 18.38196721311475,
            "prec_jun_sep": 132.36329519130214,
            "vintage_score": -10.613510398670371
        },
        "Deviation missing": 0.5072282542751898,
        "Deviation filled": 0.1921225230325398,
        "Improvement": 0.31510573124265
    }
}