{
    "dataset": "Report(Barbieri2023)",
    "gap_parameters": {
        "gap_type": "overlap",
        "perc": "0.0 %",
        "length": 3,
        "seed": 2024
    },
    "algorithm": "SoftImpute",
    "algorithm_parameters": {
        "max_rank": 4
    },
    "metrics": {
        "Missing value percentage": 5.407813570938999,
        "Missing value percentage between 4 and 9": 0.06830601092896176,
        "Mean absolute error": 0.07736160681736266,
        "Mean square error": 0.008144276858093021,
        "Root mean square error": 0.09024564730829417,
        "Mean relative error": 0.06906494013111222,
        "Euclidean Distance": 0.31262009259982704,
        "r2 score": 0.9824725583484171,
        "Execution Time": 0.3216211795806885
    },
    "vintage_score": {
        "original": {
            "Tmean_apr_sep": 21.284699453551912,
            "Tmin_aug_sep": 18.38196721311475,
            "prec_jun_sep": 132.3,
            "vintage_score": -10.593158555185312
        },
        "missing": {
            "Tmean_apr_sep": 21.283944834764508,
            "Tmin_aug_sep": 18.38196721311475,
            "prec_jun_sep": 132.3,
            "vintage_score": -10.588235339606854
        },
        "filled": {
            "Tmean_apr_sep": 21.285211401421567,
            "Tmin_aug_sep": 18.38196721311475,
            "prec_jun_sep": 132.33512336861932,
            "vintage_score": -10.596741982869418
        },
        "Deviation missing": 0.046475426123477485,
        "Deviation filled": 0.03382775463463374,
        "Improvement": 0.012647671488843742
    }
}