{
    "dataset": "33UUP_lai_field_timeseries",
    "gap_parameters": {
        "gap_type": "custom_single",
        "seed": 2023
    },
    "algorithm": "TimesNet",
    "algorithm_parameters": {
        "n_layers": 1,
        "d_model": 16,
        "d_ffn": 256,
        "n_heads": 2,
        "top_k": 3,
        "n_kernels": 5,
        "dropout": 0.2,
        "epochs": 100,
        "batch_size": 32,
        "attn_dropout": 0.5,
        "apply_nonstationary_norm": false,
        "num_workers": 0,
        "patience": 10,
        "lr": 0.002963428941513939,
        "device": "cuda"
    },
    "metrics": {
        "Missing value percentage": 63.69390448159041,
        "Mean absolute error": 0.5364719006755182,
        "Mean square error": 0.5492233211226478,
        "Root mean square error": 0.7410960269240741,
        "Mean relative error": 0.6746742239507524,
        "Euclidean Distance": 257.2254526590348,
        "r2 score": 0.45191873238993274,
        "Execution Time": 4989.705327272415
    }
}