{
    "dataset": "33UVP_lai_field_timeseries",
    "gap_parameters": {
        "gap_type": "custom_single",
        "seed": 2024
    },
    "algorithm": "TimesNet",
    "algorithm_parameters": {
        "n_layers": 1,
        "d_model": 16,
        "d_ffn": 256,
        "n_heads": 2,
        "top_k": 3,
        "n_kernels": 5,
        "dropout": 0,
        "epochs": 100,
        "batch_size": 32,
        "attn_dropout": 0,
        "apply_nonstationary_norm": false,
        "num_workers": 0,
        "patience": 10,
        "lr": 0.0003991738386145159,
        "device": "cuda"
    },
    "metrics": {
        "Missing value percentage": 29.255729093549448,
        "Mean absolute error": 0.43416285759527423,
        "Mean square error": 0.39894902695610074,
        "Root mean square error": 0.6316241184091221,
        "Mean relative error": 0.545482559538712,
        "Euclidean Distance": 149.54559707352854,
        "r2 score": 0.5978754653355004,
        "Execution Time": 2937.5143785476685
    }
}