{
    "dataset": "Report(Torrevilla2023)",
    "gap_parameters": {
        "gap_type": "overlap",
        "perc": "100.0 %",
        "length": 48,
        "seed": 2023
    },
    "algorithm": "DynaMMo",
    "algorithm_parameters": {
        "H": 2,
        "max_iter": 100,
        "fast": false
    },
    "metrics": {
        "Missing value percentage": 0.9150102810143934,
        "Missing value percentage between 4 and 9": 1.092896174863388,
        "Mean absolute error": 0.058442065527374576,
        "Mean square error": 0.006826151993665824,
        "Root mean square error": 0.08262053009794736,
        "Mean relative error": 0.13109775734208595,
        "Euclidean Distance": 1.1448236470233504,
        "r2 score": 0.9736965946394674,
        "Execution Time": 22.328630685806274
    },
    "vintage_score": {
        "original": {
            "Tmean_apr_sep": 20.869581056466302,
            "Tmin_aug_sep": 17.044262295081968,
            "prec_jun_sep": 144.89999999999998,
            "vintage_score": -7.541854756514482
        },
        "missing": {
            "Tmean_apr_sep": 20.882315323565322,
            "Tmin_aug_sep": 17.175,
            "prec_jun_sep": 144.89999999999998,
            "vintage_score": -7.67133109084682
        },
        "filled": {
            "Tmean_apr_sep": 20.872424264355352,
            "Tmin_aug_sep": 17.043398005798977,
            "prec_jun_sep": 144.6375112107333,
            "vintage_score": -7.556638992633083
        },
        "Deviation missing": 1.7167704565047408,
        "Deviation filled": 0.19602918109541315,
        "Improvement": 1.5207412754093277
    }
}