{
    "dataset": "Report(Torrevilla2023)",
    "gap_parameters": {
        "gap_type": "overlap",
        "perc": "0.0 %",
        "length": 12,
        "seed": 2024
    },
    "algorithm": "DynaMMo",
    "algorithm_parameters": {
        "H": 2,
        "max_iter": 100,
        "fast": false
    },
    "metrics": {
        "Missing value percentage": 0.42152159013022616,
        "Missing value percentage between 4 and 9": 0.273224043715847,
        "Mean absolute error": 0.09075767848561307,
        "Mean square error": 0.017970028507075603,
        "Root mean square error": 0.13405233495570154,
        "Mean relative error": 0.07704786520528052,
        "Euclidean Distance": 0.9287418200660758,
        "r2 score": 0.967713378982378,
        "Execution Time": 21.681068420410156
    },
    "vintage_score": {
        "original": {
            "Tmean_apr_sep": 20.869581056466302,
            "Tmin_aug_sep": 17.044262295081968,
            "prec_jun_sep": 144.89999999999998,
            "vintage_score": -7.541854756514482
        },
        "missing": {
            "Tmean_apr_sep": 20.85922131147541,
            "Tmin_aug_sep": 17.044262295081968,
            "prec_jun_sep": 144.89999999999998,
            "vintage_score": -7.480174318273072
        },
        "filled": {
            "Tmean_apr_sep": 20.871636309168014,
            "Tmin_aug_sep": 17.044262295081968,
            "prec_jun_sep": 144.87186488530222,
            "vintage_score": -7.553914123416035
        },
        "Deviation missing": 0.8178417674794396,
        "Deviation filled": 0.15989921963343032,
        "Improvement": 0.6579425478460093
    }
}