{
    "dataset": "Report(Torrevilla2023)",
    "gap_parameters": {
        "gap_type": "overlap",
        "perc": "100.0 %",
        "length": 48,
        "seed": 2024
    },
    "algorithm": "DynaMMo",
    "algorithm_parameters": {
        "H": 2,
        "max_iter": 100,
        "fast": false
    },
    "metrics": {
        "Missing value percentage": 0.9150102810143934,
        "Missing value percentage between 4 and 9": 1.092896174863388,
        "Mean absolute error": 0.2000194065109623,
        "Mean square error": 0.5626256839854531,
        "Root mean square error": 0.7500837846437244,
        "Mean relative error": 0.18914451771196922,
        "Euclidean Distance": 10.393465799491887,
        "r2 score": 0.8976022488873897,
        "Execution Time": 21.779654502868652
    },
    "vintage_score": {
        "original": {
            "Tmean_apr_sep": 20.869581056466302,
            "Tmin_aug_sep": 17.044262295081968,
            "prec_jun_sep": 144.89999999999998,
            "vintage_score": -7.541854756514482
        },
        "missing": {
            "Tmean_apr_sep": 20.842032967032967,
            "Tmin_aug_sep": 17.008333333333336,
            "prec_jun_sep": 107.89999999999998,
            "vintage_score": -7.1075015348478985
        },
        "filled": {
            "Tmean_apr_sep": 20.870522097918577,
            "Tmin_aug_sep": 17.032944002374855,
            "prec_jun_sep": 158.64160090224476,
            "vintage_score": -7.63790114855658
        },
        "Deviation missing": 5.759236098937056,
        "Deviation filled": 1.2735115584019312,
        "Improvement": 4.485724540535125
    }
}