{
    "dataset": "Report(Torrevilla2023)",
    "gap_parameters": {
        "gap_type": "overlap",
        "perc": "100.0 %",
        "length": 24,
        "seed": 2023
    },
    "algorithm": "DynaMMo",
    "algorithm_parameters": {
        "H": 2,
        "max_iter": 100,
        "fast": false
    },
    "metrics": {
        "Missing value percentage": 0.5860178204249485,
        "Missing value percentage between 4 and 9": 0.546448087431694,
        "Mean absolute error": 0.04915068593684585,
        "Mean square error": 0.00434739399205678,
        "Root mean square error": 0.06593477073636322,
        "Mean relative error": 0.11861164887227872,
        "Euclidean Distance": 0.646026178445932,
        "r2 score": 0.9820307631490572,
        "Execution Time": 21.986698150634766
    },
    "vintage_score": {
        "original": {
            "Tmean_apr_sep": 20.869581056466302,
            "Tmin_aug_sep": 17.044262295081968,
            "prec_jun_sep": 144.89999999999998,
            "vintage_score": -7.541854756514482
        },
        "missing": {
            "Tmean_apr_sep": 20.8824043715847,
            "Tmin_aug_sep": 17.142622950819668,
            "prec_jun_sep": 144.89999999999998,
            "vintage_score": -7.658624466284493
        },
        "filled": {
            "Tmean_apr_sep": 20.870008907265298,
            "Tmin_aug_sep": 17.038318708638606,
            "prec_jun_sep": 144.76653467299474,
            "vintage_score": -7.541051607189843
        },
        "Deviation missing": 1.5482890288910474,
        "Deviation filled": 0.010649228214657214,
        "Improvement": 1.53763980067639
    }
}