{
    "dataset": "Report(Torrevilla2023)",
    "gap_parameters": {
        "gap_type": "overlap",
        "perc": "100.0 %",
        "length": 3,
        "seed": 2023
    },
    "algorithm": "DynaMMo",
    "algorithm_parameters": {
        "H": 2,
        "max_iter": 100,
        "fast": false
    },
    "metrics": {
        "Missing value percentage": 0.2981494174091844,
        "Missing value percentage between 4 and 9": 0.06830601092896176,
        "Mean absolute error": 0.038146400561279,
        "Mean square error": 0.0025959949999058204,
        "Root mean square error": 0.05095090774368814,
        "Mean relative error": 0.04387655980818549,
        "Euclidean Distance": 0.17649912180765218,
        "r2 score": 0.9907596686336863,
        "Execution Time": 21.972110748291016
    },
    "vintage_score": {
        "original": {
            "Tmean_apr_sep": 20.869581056466302,
            "Tmin_aug_sep": 17.044262295081968,
            "prec_jun_sep": 144.89999999999998,
            "vintage_score": -7.541854756514482
        },
        "missing": {
            "Tmean_apr_sep": 20.865781941191777,
            "Tmin_aug_sep": 17.044262295081968,
            "prec_jun_sep": 144.89999999999998,
            "vintage_score": -7.519218444377856
        },
        "filled": {
            "Tmean_apr_sep": 20.86939530914326,
            "Tmin_aug_sep": 17.044262295081968,
            "prec_jun_sep": 144.8880877443554,
            "vintage_score": -7.540665151396723
        },
        "Deviation missing": 0.30014250960048616,
        "Deviation filled": 0.01577337612781684,
        "Improvement": 0.28436913347266934
    }
}