{
    "dataset": "Report(Torrevilla2023)",
    "gap_parameters": {
        "gap_type": "overlap",
        "perc": "50.0 %",
        "length": 6,
        "seed": 2024
    },
    "algorithm": "DynaMMo",
    "algorithm_parameters": {
        "H": 2,
        "max_iter": 100,
        "fast": false
    },
    "metrics": {
        "Missing value percentage": 0.339273474982865,
        "Missing value percentage between 4 and 9": 0.1366120218579235,
        "Mean absolute error": 0.059849762263395785,
        "Mean square error": 0.00577357461320864,
        "Root mean square error": 0.07598404183253639,
        "Mean relative error": 0.04810702544040293,
        "Euclidean Distance": 0.3722442621680193,
        "r2 score": 0.9899625134548276,
        "Execution Time": 21.77450394630432
    },
    "vintage_score": {
        "original": {
            "Tmean_apr_sep": 20.869581056466302,
            "Tmin_aug_sep": 17.044262295081968,
            "prec_jun_sep": 144.89999999999998,
            "vintage_score": -7.541854756514482
        },
        "missing": {
            "Tmean_apr_sep": 20.864609896782028,
            "Tmin_aug_sep": 17.044262295081968,
            "prec_jun_sep": 144.89999999999998,
            "vintage_score": -7.5122389948607236
        },
        "filled": {
            "Tmean_apr_sep": 20.87019028246019,
            "Tmin_aug_sep": 17.044262295081968,
            "prec_jun_sep": 144.89285772528507,
            "vintage_score": -7.545437128062531
        },
        "Deviation missing": 0.3926853885402266,
        "Deviation filled": 0.04749987454948794,
        "Improvement": 0.34518551399073866
    }
}