{
    "dataset": "Report(Torrevilla2023)",
    "gap_parameters": {
        "gap_type": "overlap",
        "perc": "0.0 %",
        "length": 48,
        "seed": 2023
    },
    "algorithm": "DynaMMo",
    "algorithm_parameters": {
        "H": 2,
        "max_iter": 100,
        "fast": false
    },
    "metrics": {
        "Missing value percentage": 0.9150102810143934,
        "Missing value percentage between 4 and 9": 1.092896174863388,
        "Mean absolute error": 0.057787928459070916,
        "Mean square error": 0.006817210172340567,
        "Root mean square error": 0.08256639856709609,
        "Mean relative error": 0.12963039129547063,
        "Euclidean Distance": 1.1440735785295435,
        "r2 score": 0.9737310504135548,
        "Execution Time": 22.209943056106567
    },
    "vintage_score": {
        "original": {
            "Tmean_apr_sep": 20.869581056466302,
            "Tmin_aug_sep": 17.044262295081968,
            "prec_jun_sep": 144.89999999999998,
            "vintage_score": -7.541854756514482
        },
        "missing": {
            "Tmean_apr_sep": 20.882315323565322,
            "Tmin_aug_sep": 17.175,
            "prec_jun_sep": 144.89999999999998,
            "vintage_score": -7.67133109084682
        },
        "filled": {
            "Tmean_apr_sep": 20.872426566498746,
            "Tmin_aug_sep": 17.0434146474976,
            "prec_jun_sep": 144.7122943169548,
            "vintage_score": -7.5571768786709015
        },
        "Deviation missing": 1.7167704565047408,
        "Deviation filled": 0.20316119377908443,
        "Improvement": 1.5136092627256563
    }
}