{
    "dataset": "Report(Torrevilla2023)",
    "gap_parameters": {
        "gap_type": "overlap",
        "perc": "0.0 %",
        "length": 6,
        "seed": 2023
    },
    "algorithm": "DynaMMo",
    "algorithm_parameters": {
        "H": 2,
        "max_iter": 100,
        "fast": false
    },
    "metrics": {
        "Missing value percentage": 0.339273474982865,
        "Missing value percentage between 4 and 9": 0.1366120218579235,
        "Mean absolute error": 0.04359204967055932,
        "Mean square error": 0.003084436414956634,
        "Root mean square error": 0.05553770264384938,
        "Mean relative error": 0.05781975785952765,
        "Euclidean Distance": 0.2720780659277081,
        "r2 score": 0.9874186470899926,
        "Execution Time": 21.91118574142456
    },
    "vintage_score": {
        "original": {
            "Tmean_apr_sep": 20.869581056466302,
            "Tmin_aug_sep": 17.044262295081968,
            "prec_jun_sep": 144.89999999999998,
            "vintage_score": -7.541854756514482
        },
        "missing": {
            "Tmean_apr_sep": 20.86311475409836,
            "Tmin_aug_sep": 17.044262295081968,
            "prec_jun_sep": 144.89999999999998,
            "vintage_score": -7.5033382235152715
        },
        "filled": {
            "Tmean_apr_sep": 20.869018244828258,
            "Tmin_aug_sep": 17.044262295081968,
            "prec_jun_sep": 144.86792236816984,
            "vintage_score": -7.538278199665456
        },
        "Deviation missing": 0.5107037226610713,
        "Deviation filled": 0.04742277549082868,
        "Improvement": 0.46328094717024265
    }
}