{
    "dataset": "Report(Torrevilla2023)",
    "gap_parameters": {
        "gap_type": "overlap",
        "perc": "50.0 %",
        "length": 3,
        "seed": 2023
    },
    "algorithm": "DynaMMo",
    "algorithm_parameters": {
        "H": 2,
        "max_iter": 100,
        "fast": false
    },
    "metrics": {
        "Missing value percentage": 0.2981494174091844,
        "Missing value percentage between 4 and 9": 0.06830601092896176,
        "Mean absolute error": 0.038138565751678705,
        "Mean square error": 0.0025957704508089703,
        "Root mean square error": 0.05094870411314669,
        "Mean relative error": 0.043867548093136234,
        "Euclidean Distance": 0.17649148820753435,
        "r2 score": 0.9907604679064365,
        "Execution Time": 22.369933128356934
    },
    "vintage_score": {
        "original": {
            "Tmean_apr_sep": 20.869581056466302,
            "Tmin_aug_sep": 17.044262295081968,
            "prec_jun_sep": 144.89999999999998,
            "vintage_score": -7.541854756514482
        },
        "missing": {
            "Tmean_apr_sep": 20.865781941191777,
            "Tmin_aug_sep": 17.044262295081968,
            "prec_jun_sep": 144.89999999999998,
            "vintage_score": -7.519218444377856
        },
        "filled": {
            "Tmean_apr_sep": 20.86939533535754,
            "Tmin_aug_sep": 17.044262295081968,
            "prec_jun_sep": 144.88813496208957,
            "vintage_score": -7.540665634302883
        },
        "Deviation missing": 0.30014250960048616,
        "Deviation filled": 0.015766973111912993,
        "Improvement": 0.28437553648857317
    }
}