{
    "dataset": "Report(Torrevilla2023)",
    "gap_parameters": {
        "gap_type": "overlap",
        "perc": "50.0 %",
        "length": 3,
        "seed": 2025
    },
    "algorithm": "DynaMMo",
    "algorithm_parameters": {
        "H": 2,
        "max_iter": 100,
        "fast": false
    },
    "metrics": {
        "Missing value percentage": 0.2981494174091844,
        "Missing value percentage between 4 and 9": 0.06830601092896176,
        "Mean absolute error": 0.042497674129650276,
        "Mean square error": 0.0037560454976145467,
        "Root mean square error": 0.06128658497268833,
        "Mean relative error": 0.03753957422622836,
        "Euclidean Distance": 0.21230295799017568,
        "r2 score": 0.9920470611059929,
        "Execution Time": 21.850504875183105
    },
    "vintage_score": {
        "original": {
            "Tmean_apr_sep": 20.869581056466302,
            "Tmin_aug_sep": 17.044262295081968,
            "prec_jun_sep": 144.89999999999998,
            "vintage_score": -7.541854756514482
        },
        "missing": {
            "Tmean_apr_sep": 20.87050521249559,
            "Tmin_aug_sep": 17.044262295081968,
            "prec_jun_sep": 144.89999999999998,
            "vintage_score": -7.547364129850763
        },
        "filled": {
            "Tmean_apr_sep": 20.869668390955788,
            "Tmin_aug_sep": 17.044262295081968,
            "prec_jun_sep": 144.88393278900935,
            "vintage_score": -7.542264200106672
        },
        "Deviation missing": 0.0730506422378675,
        "Deviation filled": 0.005428950906755464,
        "Improvement": 0.06762169133111204
    }
}