{
    "dataset": "Report(Torrevilla2023)",
    "gap_parameters": {
        "gap_type": "overlap",
        "perc": "100.0 %",
        "length": 3,
        "seed": 2024
    },
    "algorithm": "DynaMMo",
    "algorithm_parameters": {
        "H": 2,
        "max_iter": 100,
        "fast": false
    },
    "metrics": {
        "Missing value percentage": 0.2981494174091844,
        "Missing value percentage between 4 and 9": 0.06830601092896176,
        "Mean absolute error": 0.04353907400700852,
        "Mean square error": 0.0028118041458186607,
        "Root mean square error": 0.053026447607007025,
        "Mean relative error": 0.03816579699397567,
        "Euclidean Distance": 0.18368900280045822,
        "r2 score": 0.9941083997442686,
        "Execution Time": 22.24958300590515
    },
    "vintage_score": {
        "original": {
            "Tmean_apr_sep": 20.869581056466302,
            "Tmin_aug_sep": 17.044262295081968,
            "prec_jun_sep": 144.89999999999998,
            "vintage_score": -7.541854756514482
        },
        "missing": {
            "Tmean_apr_sep": 20.86843937028363,
            "Tmin_aug_sep": 17.044262295081968,
            "prec_jun_sep": 144.89999999999998,
            "vintage_score": -7.535050174578799
        },
        "filled": {
            "Tmean_apr_sep": 20.869648995349014,
            "Tmin_aug_sep": 17.044262295081968,
            "prec_jun_sep": 144.89332953363797,
            "vintage_score": -7.542213589641847
        },
        "Deviation missing": 0.09022425060367173,
        "Deviation filled": 0.004757889656450635,
        "Improvement": 0.0854663609472211
    }
}