{
    "dataset": "Report(Torrevilla2023)",
    "gap_parameters": {
        "gap_type": "overlap",
        "perc": "0.0 %",
        "length": 6,
        "seed": 2025
    },
    "algorithm": "DynaMMo",
    "algorithm_parameters": {
        "H": 2,
        "max_iter": 100,
        "fast": false
    },
    "metrics": {
        "Missing value percentage": 0.339273474982865,
        "Missing value percentage between 4 and 9": 0.1366120218579235,
        "Mean absolute error": 0.09324018660098818,
        "Mean square error": 0.016665686097159117,
        "Root mean square error": 0.1290956470883473,
        "Mean relative error": 0.09552212764739693,
        "Euclidean Distance": 0.6324369267617408,
        "r2 score": 0.9573143747100908,
        "Execution Time": 22.046274662017822
    },
    "vintage_score": {
        "original": {
            "Tmean_apr_sep": 20.869581056466302,
            "Tmin_aug_sep": 17.044262295081968,
            "prec_jun_sep": 144.89999999999998,
            "vintage_score": -7.541854756514482
        },
        "missing": {
            "Tmean_apr_sep": 20.874607136943204,
            "Tmin_aug_sep": 17.044262295081968,
            "prec_jun_sep": 144.89999999999998,
            "vintage_score": -7.571831827318164
        },
        "filled": {
            "Tmean_apr_sep": 20.870812681893565,
            "Tmin_aug_sep": 17.044262295081968,
            "prec_jun_sep": 144.8544736644027,
            "vintage_score": -7.5488824203174545
        },
        "Deviation missing": 0.39747610861622884,
        "Deviation filled": 0.09318216844340775,
        "Improvement": 0.3042939401728211
    }
}