{
    "dataset": "Report(Rebutti2023)",
    "gap_parameters": {
        "gap_type": "overlap",
        "perc": "100.0 %",
        "length": 3,
        "seed": 2024
    },
    "algorithm": "TimesNet",
    "algorithm_parameters": {
        "n_layers": 2,
        "d_model": 256,
        "d_ffn": 32,
        "n_heads": 3,
        "top_k": 1,
        "n_kernels": 5,
        "dropout": 0.1,
        "epochs": 100,
        "batch_size": 32,
        "attn_dropout": 0.5,
        "apply_nonstationary_norm": true,
        "num_workers": 0,
        "patience": 10,
        "lr": 0.00506298674405962,
        "device": "cuda"
    },
    "metrics": {
        "Missing value percentage": 0.10281014393420151,
        "Missing value percentage between 4 and 9": 0.06830601092896176,
        "Mean absolute error": 0.07274159953248421,
        "Mean square error": 0.007586775121760962,
        "Root mean square error": 0.08710209596652059,
        "Mean relative error": 0.06550896422178522,
        "Euclidean Distance": 0.3017305113195202,
        "r2 score": 0.9842601352685404,
        "Execution Time": 8.811278343200684
    },
    "vintage_score": {
        "original": {
            "Tmean_apr_sep": 20.91026867030965,
            "Tmin_aug_sep": 18.283606557377052,
            "prec_jun_sep": 120.3,
            "vintage_score": -8.122098331799663
        },
        "missing": {
            "Tmean_apr_sep": 20.909940150923756,
            "Tmin_aug_sep": 18.283606557377052,
            "prec_jun_sep": 120.3,
            "vintage_score": -8.120121984867723
        },
        "filled": {
            "Tmean_apr_sep": 20.910400482750976,
            "Tmin_aug_sep": 18.283606557377052,
            "prec_jun_sep": 120.48623087279526,
            "vintage_score": -8.124179691515565
        },
        "Deviation missing": 0.0243329599224654,
        "Deviation filled": 0.025625886696705066,
        "Improvement": -0.0012929267742396652
    }
}