{
    "dataset": "Report(Rebutti2023)",
    "gap_parameters": {
        "gap_type": "overlap",
        "perc": "0.0 %",
        "length": 3,
        "seed": 2025
    },
    "algorithm": "TimesNet",
    "algorithm_parameters": {
        "n_layers": 2,
        "d_model": 256,
        "d_ffn": 32,
        "n_heads": 3,
        "top_k": 1,
        "n_kernels": 5,
        "dropout": 0.1,
        "epochs": 100,
        "batch_size": 32,
        "attn_dropout": 0.5,
        "apply_nonstationary_norm": true,
        "num_workers": 0,
        "patience": 10,
        "lr": 0.00506298674405962,
        "device": "cuda"
    },
    "metrics": {
        "Missing value percentage": 0.10281014393420151,
        "Missing value percentage between 4 and 9": 0.06830601092896176,
        "Mean absolute error": 0.0903469120581815,
        "Mean square error": 0.010705501158698593,
        "Root mean square error": 0.10346739176522521,
        "Mean relative error": 0.07356581735508336,
        "Euclidean Distance": 0.3584215589280224,
        "r2 score": 0.9805275539804368,
        "Execution Time": 7.019093990325928
    },
    "vintage_score": {
        "original": {
            "Tmean_apr_sep": 20.91026867030965,
            "Tmin_aug_sep": 18.283606557377052,
            "prec_jun_sep": 120.3,
            "vintage_score": -8.122098331799663
        },
        "missing": {
            "Tmean_apr_sep": 20.911426362700418,
            "Tmin_aug_sep": 18.283606557377052,
            "prec_jun_sep": 120.3,
            "vintage_score": -8.129064086950137
        },
        "filled": {
            "Tmean_apr_sep": 20.91092081194931,
            "Tmin_aug_sep": 18.283606557377052,
            "prec_jun_sep": 120.43454304774595,
            "vintage_score": -8.126952767944715
        },
        "Deviation missing": 0.08576299948502669,
        "Deviation filled": 0.05976825134025194,
        "Improvement": 0.025994748144774753
    }
}