{
    "dataset": "Report(Rebutti2023)",
    "gap_parameters": {
        "gap_type": "overlap",
        "perc": "0.0 %",
        "length": 6,
        "seed": 2024
    },
    "algorithm": "TimesNet",
    "algorithm_parameters": {
        "n_layers": 2,
        "d_model": 256,
        "d_ffn": 32,
        "n_heads": 3,
        "top_k": 1,
        "n_kernels": 5,
        "dropout": 0.1,
        "epochs": 100,
        "batch_size": 32,
        "attn_dropout": 0.5,
        "apply_nonstationary_norm": true,
        "num_workers": 0,
        "patience": 10,
        "lr": 0.00506298674405962,
        "device": "cuda"
    },
    "metrics": {
        "Missing value percentage": 0.1439342015078821,
        "Missing value percentage between 4 and 9": 0.1366120218579235,
        "Mean absolute error": 0.12982201243072766,
        "Mean square error": 0.03042292867661015,
        "Root mean square error": 0.17442169783776945,
        "Mean relative error": 0.10298444681546684,
        "Euclidean Distance": 0.854488319544904,
        "r2 score": 0.9511873434883592,
        "Execution Time": 7.874425172805786
    },
    "vintage_score": {
        "original": {
            "Tmean_apr_sep": 20.91026867030965,
            "Tmin_aug_sep": 18.283606557377052,
            "prec_jun_sep": 120.3,
            "vintage_score": -8.122098331799663
        },
        "missing": {
            "Tmean_apr_sep": 20.90640558591378,
            "Tmin_aug_sep": 18.283606557377052,
            "prec_jun_sep": 120.3,
            "vintage_score": -8.098867589492698
        },
        "filled": {
            "Tmean_apr_sep": 20.912203248911077,
            "Tmin_aug_sep": 18.283606557377052,
            "prec_jun_sep": 120.5576662189407,
            "vintage_score": -8.135522113022034
        },
        "Deviation missing": 0.2860189738901724,
        "Deviation filled": 0.16527479321217792,
        "Improvement": 0.12074418067799447
    }
}