{
    "dataset": "Report(Rebutti2023)",
    "gap_parameters": {
        "gap_type": "overlap",
        "perc": "50.0 %",
        "length": 48,
        "seed": 2024
    },
    "algorithm": "TimesNet",
    "algorithm_parameters": {
        "n_layers": 2,
        "d_model": 256,
        "d_ffn": 32,
        "n_heads": 3,
        "top_k": 1,
        "n_kernels": 5,
        "dropout": 0.1,
        "epochs": 100,
        "batch_size": 32,
        "attn_dropout": 0.5,
        "apply_nonstationary_norm": true,
        "num_workers": 0,
        "patience": 10,
        "lr": 0.00506298674405962,
        "device": "cuda"
    },
    "metrics": {
        "Missing value percentage": 0.7196710075394106,
        "Missing value percentage between 4 and 9": 1.092896174863388,
        "Mean absolute error": 0.5642210359730517,
        "Mean square error": 4.839785541677045,
        "Root mean square error": 2.199951258932126,
        "Mean relative error": 0.3930651873856058,
        "Euclidean Distance": 30.483418837164535,
        "r2 score": 0.5173578131835104,
        "Execution Time": 8.141074657440186
    },
    "vintage_score": {
        "original": {
            "Tmean_apr_sep": 20.91026867030965,
            "Tmin_aug_sep": 18.283606557377052,
            "prec_jun_sep": 120.3,
            "vintage_score": -8.122098331799663
        },
        "missing": {
            "Tmean_apr_sep": 20.883550824175824,
            "Tmin_aug_sep": 18.281666666666673,
            "prec_jun_sep": 53.0,
            "vintage_score": -7.495469977554762
        },
        "filled": {
            "Tmean_apr_sep": 20.908298317025125,
            "Tmin_aug_sep": 18.265454137168526,
            "prec_jun_sep": 109.98297072074077,
            "vintage_score": -8.031451303924968
        },
        "Deviation missing": 7.715104258114226,
        "Deviation filled": 1.1160543023690521,
        "Improvement": 6.5990499557451745
    }
}