{
    "dataset": "Report(Rebutti2023)",
    "gap_parameters": {
        "gap_type": "overlap",
        "perc": "0.0 %",
        "length": 24,
        "seed": 2023
    },
    "algorithm": "TimesNet",
    "algorithm_parameters": {
        "n_layers": 2,
        "d_model": 256,
        "d_ffn": 32,
        "n_heads": 3,
        "top_k": 1,
        "n_kernels": 5,
        "dropout": 0.1,
        "epochs": 100,
        "batch_size": 32,
        "attn_dropout": 0.5,
        "apply_nonstationary_norm": true,
        "num_workers": 0,
        "patience": 10,
        "lr": 0.00506298674405962,
        "device": "cuda"
    },
    "metrics": {
        "Missing value percentage": 0.39067854694996573,
        "Missing value percentage between 4 and 9": 0.546448087431694,
        "Mean absolute error": 0.12304386089971536,
        "Mean square error": 0.019278533298502244,
        "Root mean square error": 0.13884715804978598,
        "Mean relative error": 0.2639242430530692,
        "Euclidean Distance": 1.3604187578301892,
        "r2 score": 0.9220108513357127,
        "Execution Time": 7.098776578903198
    },
    "vintage_score": {
        "original": {
            "Tmean_apr_sep": 20.91026867030965,
            "Tmin_aug_sep": 18.283606557377052,
            "prec_jun_sep": 120.3,
            "vintage_score": -8.122098331799663
        },
        "missing": {
            "Tmean_apr_sep": 20.9220415907711,
            "Tmin_aug_sep": 18.38688524590164,
            "prec_jun_sep": 120.3,
            "vintage_score": -8.23525069291594
        },
        "filled": {
            "Tmean_apr_sep": 20.906097999179153,
            "Tmin_aug_sep": 18.305254698736714,
            "prec_jun_sep": 118.75052728163357,
            "vintage_score": -8.095151453739277
        },
        "Deviation missing": 1.393141975064045,
        "Deviation filled": 0.33177236915346586,
        "Improvement": 1.061369605910579
    }
}