{
    "dataset": "Report(Rebutti2023)",
    "gap_parameters": {
        "gap_type": "overlap",
        "perc": "100.0 %",
        "length": 48,
        "seed": 2024
    },
    "algorithm": "TimesNet",
    "algorithm_parameters": {
        "n_layers": 2,
        "d_model": 256,
        "d_ffn": 32,
        "n_heads": 3,
        "top_k": 1,
        "n_kernels": 5,
        "dropout": 0.1,
        "epochs": 100,
        "batch_size": 32,
        "attn_dropout": 0.5,
        "apply_nonstationary_norm": true,
        "num_workers": 0,
        "patience": 10,
        "lr": 0.00506298674405962,
        "device": "cuda"
    },
    "metrics": {
        "Missing value percentage": 0.7196710075394106,
        "Missing value percentage between 4 and 9": 1.092896174863388,
        "Mean absolute error": 0.36693304746497946,
        "Mean square error": 3.3783991265738504,
        "Root mean square error": 1.83804219934523,
        "Mean relative error": 0.31945870606519494,
        "Euclidean Distance": 25.468659805772713,
        "r2 score": 0.5479692830367102,
        "Execution Time": 7.626064300537109
    },
    "vintage_score": {
        "original": {
            "Tmean_apr_sep": 20.91026867030965,
            "Tmin_aug_sep": 18.283606557377052,
            "prec_jun_sep": 120.3,
            "vintage_score": -8.122098331799663
        },
        "missing": {
            "Tmean_apr_sep": 20.883550824175824,
            "Tmin_aug_sep": 18.281666666666673,
            "prec_jun_sep": 81.0,
            "vintage_score": -7.689173977554759
        },
        "filled": {
            "Tmean_apr_sep": 20.91509958790283,
            "Tmin_aug_sep": 18.263340868621892,
            "prec_jun_sep": 113.60382030598109,
            "vintage_score": -8.096566866906386
        },
        "Deviation missing": 5.330203311500389,
        "Deviation filled": 0.3143456758374356,
        "Improvement": 5.015857635662954
    }
}