{
    "dataset": "Report(Rebutti2023)",
    "gap_parameters": {
        "gap_type": "overlap",
        "perc": "0.0 %",
        "length": 24,
        "seed": 2024
    },
    "algorithm": "TimesNet",
    "algorithm_parameters": {
        "n_layers": 2,
        "d_model": 256,
        "d_ffn": 32,
        "n_heads": 3,
        "top_k": 1,
        "n_kernels": 5,
        "dropout": 0.1,
        "epochs": 100,
        "batch_size": 32,
        "attn_dropout": 0.5,
        "apply_nonstationary_norm": true,
        "num_workers": 0,
        "patience": 10,
        "lr": 0.00506298674405962,
        "device": "cuda"
    },
    "metrics": {
        "Missing value percentage": 0.39067854694996573,
        "Missing value percentage between 4 and 9": 0.546448087431694,
        "Mean absolute error": 0.10499612009721396,
        "Mean square error": 0.016865949744214737,
        "Root mean square error": 0.12986897144512516,
        "Mean relative error": 0.10171016552912585,
        "Euclidean Distance": 1.2724508538425487,
        "r2 score": 0.9638474815151551,
        "Execution Time": 8.109335660934448
    },
    "vintage_score": {
        "original": {
            "Tmean_apr_sep": 20.91026867030965,
            "Tmin_aug_sep": 18.283606557377052,
            "prec_jun_sep": 120.3,
            "vintage_score": -8.122098331799663
        },
        "missing": {
            "Tmean_apr_sep": 20.89825819672131,
            "Tmin_aug_sep": 18.283606557377052,
            "prec_jun_sep": 120.3,
            "vintage_score": -8.049939529675811
        },
        "filled": {
            "Tmean_apr_sep": 20.911473394904522,
            "Tmin_aug_sep": 18.259441695082327,
            "prec_jun_sep": 120.7076035739674,
            "vintage_score": -8.122285904278698
        },
        "Deviation missing": 0.8884256158452968,
        "Deviation filled": 0.002309409112923945,
        "Improvement": 0.8861162067323728
    }
}