{
    "dataset": "Report(Rebutti2023)",
    "gap_parameters": {
        "gap_type": "overlap",
        "perc": "100.0 %",
        "length": 48,
        "seed": 2023
    },
    "algorithm": "TimesNet",
    "algorithm_parameters": {
        "n_layers": 2,
        "d_model": 256,
        "d_ffn": 32,
        "n_heads": 3,
        "top_k": 1,
        "n_kernels": 5,
        "dropout": 0.1,
        "epochs": 100,
        "batch_size": 32,
        "attn_dropout": 0.5,
        "apply_nonstationary_norm": true,
        "num_workers": 0,
        "patience": 10,
        "lr": 0.00506298674405962,
        "device": "cuda"
    },
    "metrics": {
        "Missing value percentage": 0.7196710075394106,
        "Missing value percentage between 4 and 9": 1.092896174863388,
        "Mean absolute error": 0.09815620514804083,
        "Mean square error": 0.014312789355248419,
        "Root mean square error": 0.11963607046057814,
        "Mean relative error": 0.1877980978771546,
        "Euclidean Distance": 1.6577260196448962,
        "r2 score": 0.9477591396215768,
        "Execution Time": 7.804569482803345
    },
    "vintage_score": {
        "original": {
            "Tmean_apr_sep": 20.91026867030965,
            "Tmin_aug_sep": 18.283606557377052,
            "prec_jun_sep": 120.3,
            "vintage_score": -8.122098331799663
        },
        "missing": {
            "Tmean_apr_sep": 20.916042429792427,
            "Tmin_aug_sep": 18.445000000000004,
            "prec_jun_sep": 120.3,
            "vintage_score": -8.222850519237056
        },
        "filled": {
            "Tmean_apr_sep": 20.909613836750054,
            "Tmin_aug_sep": 18.343756038972582,
            "prec_jun_sep": 119.88029261293929,
            "vintage_score": -8.139850636730358
        },
        "Deviation missing": 1.2404699293399133,
        "Deviation filled": 0.2185679636651492,
        "Improvement": 1.021901965674764
    }
}