{
    "dataset": "Report(Rebutti2023)",
    "gap_parameters": {
        "gap_type": "overlap",
        "perc": "100.0 %",
        "length": 6,
        "seed": 2023
    },
    "algorithm": "TimesNet",
    "algorithm_parameters": {
        "n_layers": 2,
        "d_model": 256,
        "d_ffn": 32,
        "n_heads": 3,
        "top_k": 1,
        "n_kernels": 5,
        "dropout": 0.1,
        "epochs": 100,
        "batch_size": 32,
        "attn_dropout": 0.5,
        "apply_nonstationary_norm": true,
        "num_workers": 0,
        "patience": 10,
        "lr": 0.00506298674405962,
        "device": "cuda"
    },
    "metrics": {
        "Missing value percentage": 0.1439342015078821,
        "Missing value percentage between 4 and 9": 0.1366120218579235,
        "Mean absolute error": 0.09845717237251173,
        "Mean square error": 0.015736227652319332,
        "Root mean square error": 0.1254441216331771,
        "Mean relative error": 0.1271126210970347,
        "Euclidean Distance": 0.6145481784658381,
        "r2 score": 0.9428719119347474,
        "Execution Time": 6.8669023513793945
    },
    "vintage_score": {
        "original": {
            "Tmean_apr_sep": 20.91026867030965,
            "Tmin_aug_sep": 18.283606557377052,
            "prec_jun_sep": 120.3,
            "vintage_score": -8.122098331799663
        },
        "missing": {
            "Tmean_apr_sep": 20.90454614450516,
            "Tmin_aug_sep": 18.283606557377052,
            "prec_jun_sep": 120.3,
            "vintage_score": -8.087693023045261
        },
        "filled": {
            "Tmean_apr_sep": 20.909881699213425,
            "Tmin_aug_sep": 18.283606557377052,
            "prec_jun_sep": 120.1280505936562,
            "vintage_score": -8.11858081331522
        },
        "Deviation missing": 0.4236012339286439,
        "Deviation filled": 0.043308001710242454,
        "Improvement": 0.38029323221840144
    }
}