{
    "dataset": "Report(Rebutti2023)",
    "gap_parameters": {
        "gap_type": "overlap",
        "perc": "0.0 %",
        "length": 48,
        "seed": 2024
    },
    "algorithm": "TimesNet",
    "algorithm_parameters": {
        "n_layers": 2,
        "d_model": 256,
        "d_ffn": 32,
        "n_heads": 3,
        "top_k": 1,
        "n_kernels": 5,
        "dropout": 0.1,
        "epochs": 100,
        "batch_size": 32,
        "attn_dropout": 0.5,
        "apply_nonstationary_norm": true,
        "num_workers": 0,
        "patience": 10,
        "lr": 0.00506298674405962,
        "device": "cuda"
    },
    "metrics": {
        "Missing value percentage": 0.7196710075394106,
        "Missing value percentage between 4 and 9": 1.092896174863388,
        "Mean absolute error": 0.15804678467820837,
        "Mean square error": 0.04175863807970636,
        "Root mean square error": 0.2043493040842233,
        "Mean relative error": 0.2137730496302181,
        "Euclidean Distance": 2.831547017321744,
        "r2 score": 0.8997147994230783,
        "Execution Time": 7.450891733169556
    },
    "vintage_score": {
        "original": {
            "Tmean_apr_sep": 20.91026867030965,
            "Tmin_aug_sep": 18.283606557377052,
            "prec_jun_sep": 120.3,
            "vintage_score": -8.122098331799663
        },
        "missing": {
            "Tmean_apr_sep": 20.883550824175824,
            "Tmin_aug_sep": 18.281666666666673,
            "prec_jun_sep": 120.3,
            "vintage_score": -7.961051377554753
        },
        "filled": {
            "Tmean_apr_sep": 20.925590058732183,
            "Tmin_aug_sep": 18.266376494625018,
            "prec_jun_sep": 116.60366623482486,
            "vintage_score": -8.181816806087994
        },
        "Deviation missing": 1.9828244828602732,
        "Deviation filled": 0.7352591885587189,
        "Improvement": 1.2475652943015545
    }
}