{
    "dataset": "Report(Rebutti2023)",
    "gap_parameters": {
        "gap_type": "overlap",
        "perc": "50.0 %",
        "length": 12,
        "seed": 2023
    },
    "algorithm": "TimesNet",
    "algorithm_parameters": {
        "n_layers": 2,
        "d_model": 256,
        "d_ffn": 32,
        "n_heads": 3,
        "top_k": 1,
        "n_kernels": 5,
        "dropout": 0.1,
        "epochs": 100,
        "batch_size": 32,
        "attn_dropout": 0.5,
        "apply_nonstationary_norm": true,
        "num_workers": 0,
        "patience": 10,
        "lr": 0.00506298674405962,
        "device": "cuda"
    },
    "metrics": {
        "Missing value percentage": 0.22618231665524333,
        "Missing value percentage between 4 and 9": 0.273224043715847,
        "Mean absolute error": 0.13007635449906912,
        "Mean square error": 0.023617122844173076,
        "Root mean square error": 0.15367863496326703,
        "Mean relative error": 0.2481417806763287,
        "Euclidean Distance": 1.0647168151768485,
        "r2 score": 0.8937793171823805,
        "Execution Time": 7.309387683868408
    },
    "vintage_score": {
        "original": {
            "Tmean_apr_sep": 20.91026867030965,
            "Tmin_aug_sep": 18.283606557377052,
            "prec_jun_sep": 120.3,
            "vintage_score": -8.122098331799663
        },
        "missing": {
            "Tmean_apr_sep": 20.907825266718707,
            "Tmin_aug_sep": 18.283606557377052,
            "prec_jun_sep": 120.3,
            "vintage_score": -8.107402515639222
        },
        "filled": {
            "Tmean_apr_sep": 20.91262197688726,
            "Tmin_aug_sep": 18.283606557377052,
            "prec_jun_sep": 120.30740190360075,
            "vintage_score": -8.136311131763449
        },
        "Deviation missing": 0.18093620096795854,
        "Deviation filled": 0.17498926241929924,
        "Improvement": 0.005946938548659297
    }
}