{
    "dataset": "Report(Rebutti2023)",
    "gap_parameters": {
        "gap_type": "overlap",
        "perc": "50.0 %",
        "length": 3,
        "seed": 2025
    },
    "algorithm": "TimesNet",
    "algorithm_parameters": {
        "n_layers": 2,
        "d_model": 256,
        "d_ffn": 32,
        "n_heads": 3,
        "top_k": 1,
        "n_kernels": 5,
        "dropout": 0.1,
        "epochs": 100,
        "batch_size": 32,
        "attn_dropout": 0.5,
        "apply_nonstationary_norm": true,
        "num_workers": 0,
        "patience": 10,
        "lr": 0.00506298674405962,
        "device": "cuda"
    },
    "metrics": {
        "Missing value percentage": 0.10281014393420151,
        "Missing value percentage between 4 and 9": 0.06830601092896176,
        "Mean absolute error": 0.1324612622572063,
        "Mean square error": 0.02376561664336416,
        "Root mean square error": 0.15416100882961348,
        "Mean relative error": 0.10785782052586486,
        "Euclidean Distance": 0.5340293996779519,
        "r2 score": 0.9567722537834186,
        "Execution Time": 7.638699769973755
    },
    "vintage_score": {
        "original": {
            "Tmean_apr_sep": 20.91026867030965,
            "Tmin_aug_sep": 18.283606557377052,
            "prec_jun_sep": 120.3,
            "vintage_score": -8.122098331799663
        },
        "missing": {
            "Tmean_apr_sep": 20.911426362700418,
            "Tmin_aug_sep": 18.283606557377052,
            "prec_jun_sep": 120.3,
            "vintage_score": -8.129064086950137
        },
        "filled": {
            "Tmean_apr_sep": 20.91155274568173,
            "Tmin_aug_sep": 18.283606557377052,
            "prec_jun_sep": 120.37250336625009,
            "vintage_score": -8.130326213098499
        },
        "Deviation missing": 0.08576299948502669,
        "Deviation filled": 0.10130240933703687,
        "Improvement": -0.015539409852010175
    }
}