{
    "dataset": "Report(Rebutti2023)",
    "gap_parameters": {
        "gap_type": "overlap",
        "perc": "50.0 %",
        "length": 24,
        "seed": 2025
    },
    "algorithm": "TimesNet",
    "algorithm_parameters": {
        "n_layers": 2,
        "d_model": 256,
        "d_ffn": 32,
        "n_heads": 3,
        "top_k": 1,
        "n_kernels": 5,
        "dropout": 0.1,
        "epochs": 100,
        "batch_size": 32,
        "attn_dropout": 0.5,
        "apply_nonstationary_norm": true,
        "num_workers": 0,
        "patience": 10,
        "lr": 0.00506298674405962,
        "device": "cuda"
    },
    "metrics": {
        "Missing value percentage": 0.39067854694996573,
        "Missing value percentage between 4 and 9": 0.546448087431694,
        "Mean absolute error": 0.14394191530365277,
        "Mean square error": 0.03580370435720407,
        "Root mean square error": 0.18921866809911772,
        "Mean relative error": 0.10808102034331821,
        "Euclidean Distance": 1.8539567466075433,
        "r2 score": 0.9538052746314396,
        "Execution Time": 7.226221323013306
    },
    "vintage_score": {
        "original": {
            "Tmean_apr_sep": 20.91026867030965,
            "Tmin_aug_sep": 18.283606557377052,
            "prec_jun_sep": 120.3,
            "vintage_score": -8.122098331799663
        },
        "missing": {
            "Tmean_apr_sep": 20.90110324557046,
            "Tmin_aug_sep": 18.324590163934428,
            "prec_jun_sep": 120.3,
            "vintage_score": -8.083773045041255
        },
        "filled": {
            "Tmean_apr_sep": 20.9140759526751,
            "Tmin_aug_sep": 18.30688260711724,
            "prec_jun_sep": 119.84096717100327,
            "vintage_score": -8.151355324015043
        },
        "Deviation missing": 0.47186435318514125,
        "Deviation filled": 0.3602147009330482,
        "Improvement": 0.11164965225209306
    }
}