{
    "dataset": "Report(Rebutti2023)",
    "gap_parameters": {
        "gap_type": "overlap",
        "perc": "0.0 %",
        "length": 24,
        "seed": 2025
    },
    "algorithm": "TimesNet",
    "algorithm_parameters": {
        "n_layers": 2,
        "d_model": 256,
        "d_ffn": 32,
        "n_heads": 3,
        "top_k": 1,
        "n_kernels": 5,
        "dropout": 0.1,
        "epochs": 100,
        "batch_size": 32,
        "attn_dropout": 0.5,
        "apply_nonstationary_norm": true,
        "num_workers": 0,
        "patience": 10,
        "lr": 0.00506298674405962,
        "device": "cuda"
    },
    "metrics": {
        "Missing value percentage": 0.39067854694996573,
        "Missing value percentage between 4 and 9": 0.546448087431694,
        "Mean absolute error": 0.14538165299061828,
        "Mean square error": 0.03956692044865137,
        "Root mean square error": 0.19891435455655626,
        "Mean relative error": 0.10916206972289397,
        "Euclidean Distance": 1.9489546847144934,
        "r2 score": 0.9489498906155123,
        "Execution Time": 7.6281609535217285
    },
    "vintage_score": {
        "original": {
            "Tmean_apr_sep": 20.91026867030965,
            "Tmin_aug_sep": 18.283606557377052,
            "prec_jun_sep": 120.3,
            "vintage_score": -8.122098331799663
        },
        "missing": {
            "Tmean_apr_sep": 20.90110324557046,
            "Tmin_aug_sep": 18.324590163934428,
            "prec_jun_sep": 120.3,
            "vintage_score": -8.083773045041255
        },
        "filled": {
            "Tmean_apr_sep": 20.907644275255194,
            "Tmin_aug_sep": 18.29742346538408,
            "prec_jun_sep": 120.22475545632787,
            "vintage_score": -8.11144345950629
        },
        "Deviation missing": 0.47186435318514125,
        "Deviation filled": 0.13118373920266857,
        "Improvement": 0.3406806139824727
    }
}