{
    "dataset": "33UVP_lai_field_timeseries",
    "gap_parameters": {
        "gap_type": "custom_single",
        "seed": 2023
    },
    "algorithm": "SoftImpute",
    "algorithm_parameters": {
        "max_rank": 4
    },
    "metrics": {
        "Missing value percentage": 29.255729093549448,
        "Mean absolute error": 0.6473334908422618,
        "Mean square error": 0.8102015087043748,
        "Root mean square error": 0.9001119423184957,
        "Mean relative error": 0.8065693136967659,
        "Euclidean Distance": 213.11373952291547,
        "r2 score": 0.1941214381764309,
        "Execution Time": 12.559622049331665
    }
}