{
    "dataset": "Report(Bertelegni2023)",
    "gap_parameters": {
        "gap_type": "overlap",
        "perc": "0.0 %",
        "length": 3,
        "seed": 2025
    },
    "algorithm": "DynaMMo",
    "algorithm_parameters": {
        "H": 8,
        "max_iter": 100,
        "fast": false
    },
    "metrics": {
        "Missing value percentage": 1.4393420150788212,
        "Missing value percentage between 4 and 9": 0.06830601092896176,
        "Mean absolute error": 0.04629722236304682,
        "Mean square error": 0.0028318394289818406,
        "Root mean square error": 0.05321503010411476,
        "Mean relative error": 0.04600109670152029,
        "Euclidean Distance": 0.18434227173327586,
        "r2 score": 0.9925227121439018,
        "Execution Time": 27.298654794692993
    },
    "vintage_score": {
        "original": {
            "Tmean_apr_sep": 20.354001429188713,
            "Tmin_aug_sep": 16.15245901639344,
            "prec_jun_sep": 125.0,
            "vintage_score": -4.14670757438347
        },
        "missing": {
            "Tmean_apr_sep": 20.356307994485302,
            "Tmin_aug_sep": 16.15245901639344,
            "prec_jun_sep": 125.0,
            "vintage_score": -4.158845413171321
        },
        "filled": {
            "Tmean_apr_sep": 20.310765680017024,
            "Tmin_aug_sep": 16.15245901639344,
            "prec_jun_sep": 125.03655793027042,
            "vintage_score": -3.9207779840944283
        },
        "Deviation missing": 0.29271026640106024,
        "Deviation filled": 5.448409038648754,
        "Improvement": -5.155698772247694
    }
}