{
    "dataset": "Report(Bertelegni2023)",
    "gap_parameters": {
        "gap_type": "overlap",
        "perc": "100.0 %",
        "length": 12,
        "seed": 2024
    },
    "algorithm": "DynaMMo",
    "algorithm_parameters": {
        "H": 8,
        "max_iter": 100,
        "fast": false
    },
    "metrics": {
        "Missing value percentage": 1.562714187799863,
        "Missing value percentage between 4 and 9": 0.273224043715847,
        "Mean absolute error": 0.11516795100914017,
        "Mean square error": 0.021755360941636204,
        "Root mean square error": 0.14749698621204504,
        "Mean relative error": 0.08288944418297794,
        "Euclidean Distance": 1.0218890963302034,
        "r2 score": 0.9707637430925183,
        "Execution Time": 27.053096055984497
    },
    "vintage_score": {
        "original": {
            "Tmean_apr_sep": 20.354001429188713,
            "Tmin_aug_sep": 16.15245901639344,
            "prec_jun_sep": 125.0,
            "vintage_score": -4.14670757438347
        },
        "missing": {
            "Tmean_apr_sep": 20.33799505396103,
            "Tmin_aug_sep": 16.15245901639344,
            "prec_jun_sep": 125.0,
            "vintage_score": -4.0626762555019695
        },
        "filled": {
            "Tmean_apr_sep": 20.30813164987887,
            "Tmin_aug_sep": 16.15245901639344,
            "prec_jun_sep": 125.08581720444661,
            "vintage_score": -3.9074211938178394
        },
        "Deviation missing": 2.0264587597304597,
        "Deviation filled": 5.770514951279327,
        "Improvement": -3.744056191548867
    }
}