{
    "dataset": "Report(Bertelegni2023)",
    "gap_parameters": {
        "gap_type": "overlap",
        "perc": "50.0 %",
        "length": 6,
        "seed": 2024
    },
    "algorithm": "DynaMMo",
    "algorithm_parameters": {
        "H": 8,
        "max_iter": 100,
        "fast": false
    },
    "metrics": {
        "Missing value percentage": 1.4804660726525016,
        "Missing value percentage between 4 and 9": 0.1366120218579235,
        "Mean absolute error": 0.16158439244594194,
        "Mean square error": 0.0362769299596407,
        "Root mean square error": 0.19046503605554668,
        "Mean relative error": 0.11178761627650603,
        "Euclidean Distance": 0.933084304353799,
        "r2 score": 0.9545327724250039,
        "Execution Time": 27.275367259979248
    },
    "vintage_score": {
        "original": {
            "Tmean_apr_sep": 20.354001429188713,
            "Tmin_aug_sep": 16.15245901639344,
            "prec_jun_sep": 125.0,
            "vintage_score": -4.14670757438347
        },
        "missing": {
            "Tmean_apr_sep": 20.347588253718165,
            "Tmin_aug_sep": 16.15245901639344,
            "prec_jun_sep": 125.0,
            "vintage_score": -4.112997490985549
        },
        "filled": {
            "Tmean_apr_sep": 20.308153092318964,
            "Tmin_aug_sep": 16.15245901639344,
            "prec_jun_sep": 125.02960864906089,
            "vintage_score": -3.9071438106417986
        },
        "Deviation missing": 0.8129361136089441,
        "Deviation filled": 5.7772041901770566,
        "Improvement": -4.964268076568112
    }
}