{
    "dataset": "Report(Bertelegni2023)",
    "gap_parameters": {
        "gap_type": "overlap",
        "perc": "50.0 %",
        "length": 12,
        "seed": 2023
    },
    "algorithm": "DynaMMo",
    "algorithm_parameters": {
        "H": 8,
        "max_iter": 100,
        "fast": false
    },
    "metrics": {
        "Missing value percentage": 1.562714187799863,
        "Missing value percentage between 4 and 9": 0.273224043715847,
        "Mean absolute error": 0.06173878708076512,
        "Mean square error": 0.006274607569231145,
        "Root mean square error": 0.0792124205489969,
        "Mean relative error": 0.14490845435950478,
        "Euclidean Distance": 0.5487997479255081,
        "r2 score": 0.9761491445338627,
        "Execution Time": 27.043697595596313
    },
    "vintage_score": {
        "original": {
            "Tmean_apr_sep": 20.354001429188713,
            "Tmin_aug_sep": 16.15245901639344,
            "prec_jun_sep": 125.0,
            "vintage_score": -4.14670757438347
        },
        "missing": {
            "Tmean_apr_sep": 20.354973976677655,
            "Tmin_aug_sep": 16.17868852459016,
            "prec_jun_sep": 125.0,
            "vintage_score": -4.162549776100519
        },
        "filled": {
            "Tmean_apr_sep": 20.31054499147005,
            "Tmin_aug_sep": 16.167542260739673,
            "prec_jun_sep": 125.14404274535349,
            "vintage_score": -3.926541109538448
        },
        "Deviation missing": 0.38204289627065946,
        "Deviation filled": 5.309428284866606,
        "Improvement": -4.927385388595947
    }
}