{
    "dataset": "Report(Bertelegni2023)",
    "gap_parameters": {
        "gap_type": "overlap",
        "perc": "50.0 %",
        "length": 24,
        "seed": 2025
    },
    "algorithm": "DynaMMo",
    "algorithm_parameters": {
        "H": 8,
        "max_iter": 100,
        "fast": false
    },
    "metrics": {
        "Missing value percentage": 1.7272104180945853,
        "Missing value percentage between 4 and 9": 0.546448087431694,
        "Mean absolute error": 0.06623258213381993,
        "Mean square error": 0.008211410174857102,
        "Root mean square error": 0.09061683163108883,
        "Mean relative error": 0.052313015287615255,
        "Euclidean Distance": 0.8878599984154539,
        "r2 score": 0.9905151886658696,
        "Execution Time": 27.13283944129944
    },
    "vintage_score": {
        "original": {
            "Tmean_apr_sep": 20.354001429188713,
            "Tmin_aug_sep": 16.15245901639344,
            "prec_jun_sep": 125.0,
            "vintage_score": -4.14670757438347
        },
        "missing": {
            "Tmean_apr_sep": 20.353955891848095,
            "Tmin_aug_sep": 16.277049180327868,
            "prec_jun_sep": 125.0,
            "vintage_score": -4.197412933990904
        },
        "filled": {
            "Tmean_apr_sep": 20.31003921667432,
            "Tmin_aug_sep": 16.169339258202392,
            "prec_jun_sep": 125.03860585814363,
            "vintage_score": -3.923915764188706
        },
        "Deviation missing": 1.2227859982379665,
        "Deviation filled": 5.372739847175943,
        "Improvement": -4.149953848937976
    }
}