{
    "dataset": "Report(Bertelegni2023)",
    "gap_parameters": {
        "gap_type": "overlap",
        "perc": "0.0 %",
        "length": 48,
        "seed": 2024
    },
    "algorithm": "DynaMMo",
    "algorithm_parameters": {
        "H": 8,
        "max_iter": 100,
        "fast": false
    },
    "metrics": {
        "Missing value percentage": 2.0562028786840303,
        "Missing value percentage between 4 and 9": 1.092896174863388,
        "Mean absolute error": 0.1179805532406038,
        "Mean square error": 0.025925764119743375,
        "Root mean square error": 0.16101479472316627,
        "Mean relative error": 0.1436242585354226,
        "Euclidean Distance": 2.231086441846383,
        "r2 score": 0.9480957060347485,
        "Execution Time": 27.419843196868896
    },
    "vintage_score": {
        "original": {
            "Tmean_apr_sep": 20.354001429188713,
            "Tmin_aug_sep": 16.15245901639344,
            "prec_jun_sep": 125.0,
            "vintage_score": -4.14670757438347
        },
        "missing": {
            "Tmean_apr_sep": 20.317645209935172,
            "Tmin_aug_sep": 16.10833333333333,
            "prec_jun_sep": 125.0,
            "vintage_score": -3.9383016709991523
        },
        "filled": {
            "Tmean_apr_sep": 20.30303252726894,
            "Tmin_aug_sep": 16.126404590265764,
            "prec_jun_sep": 125.18953542469175,
            "vintage_score": -3.8709952192171215
        },
        "Deviation missing": 5.025816256534636,
        "Deviation filled": 6.648946187321663,
        "Improvement": -1.6231299307870266
    }
}