{
    "dataset": "Report(Bertelegni2023)",
    "gap_parameters": {
        "gap_type": "overlap",
        "perc": "100.0 %",
        "length": 3,
        "seed": 2024
    },
    "algorithm": "DynaMMo",
    "algorithm_parameters": {
        "H": 8,
        "max_iter": 100,
        "fast": false
    },
    "metrics": {
        "Missing value percentage": 1.4393420150788212,
        "Missing value percentage between 4 and 9": 0.06830601092896176,
        "Mean absolute error": 0.0871169771079299,
        "Mean square error": 0.011585962428005766,
        "Root mean square error": 0.10763810862332061,
        "Mean relative error": 0.06749463793674335,
        "Euclidean Distance": 0.37286934593243354,
        "r2 score": 0.9815268968507476,
        "Execution Time": 27.283029317855835
    },
    "vintage_score": {
        "original": {
            "Tmean_apr_sep": 20.354001429188713,
            "Tmin_aug_sep": 16.15245901639344,
            "prec_jun_sep": 125.0,
            "vintage_score": -4.14670757438347
        },
        "missing": {
            "Tmean_apr_sep": 20.352632056302948,
            "Tmin_aug_sep": 16.15245901639344,
            "prec_jun_sep": 125.0,
            "vintage_score": -4.139504941214341
        },
        "filled": {
            "Tmean_apr_sep": 20.309877343435318,
            "Tmin_aug_sep": 16.15245901639344,
            "prec_jun_sep": 124.99599220358937,
            "vintage_score": -3.91587674174329
        },
        "Deviation missing": 0.17369522783867733,
        "Deviation filled": 5.56660503542982,
        "Improvement": -5.392909807591143
    }
}