{
    "dataset": "Report(Bertelegni2023)",
    "gap_parameters": {
        "gap_type": "overlap",
        "perc": "100.0 %",
        "length": 12,
        "seed": 2025
    },
    "algorithm": "DynaMMo",
    "algorithm_parameters": {
        "H": 8,
        "max_iter": 100,
        "fast": false
    },
    "metrics": {
        "Missing value percentage": 1.562714187799863,
        "Missing value percentage between 4 and 9": 0.273224043715847,
        "Mean absolute error": 0.06210492099966137,
        "Mean square error": 0.007589169299854346,
        "Root mean square error": 0.08711583839838968,
        "Mean relative error": 0.07212785618736046,
        "Euclidean Distance": 0.6035562329998889,
        "r2 score": 0.977523305347936,
        "Execution Time": 27.26506733894348
    },
    "vintage_score": {
        "original": {
            "Tmean_apr_sep": 20.354001429188713,
            "Tmin_aug_sep": 16.15245901639344,
            "prec_jun_sep": 125.0,
            "vintage_score": -4.14670757438347
        },
        "missing": {
            "Tmean_apr_sep": 20.37561865531414,
            "Tmin_aug_sep": 16.26229508196721,
            "prec_jun_sep": 125.0,
            "vintage_score": -4.305659316513385
        },
        "filled": {
            "Tmean_apr_sep": 20.3112885018733,
            "Tmin_aug_sep": 16.169906314816853,
            "prec_jun_sep": 125.04680719009703,
            "vintage_score": -3.9307030040437496
        },
        "Deviation missing": 3.8332035543535468,
        "Deviation filled": 5.209062044164897,
        "Improvement": -1.3758584898113502
    }
}