{
    "dataset": "Report(Bertelegni2023)",
    "gap_parameters": {
        "gap_type": "overlap",
        "perc": "0.0 %",
        "length": 3,
        "seed": 2023
    },
    "algorithm": "DynaMMo",
    "algorithm_parameters": {
        "H": 8,
        "max_iter": 100,
        "fast": false
    },
    "metrics": {
        "Missing value percentage": 1.4393420150788212,
        "Missing value percentage between 4 and 9": 0.06830601092896176,
        "Mean absolute error": 0.06631984551891149,
        "Mean square error": 0.005997472881214407,
        "Root mean square error": 0.07744335272451992,
        "Mean relative error": 0.07456059212540324,
        "Euclidean Distance": 0.2682716432547035,
        "r2 score": 0.9799109030970378,
        "Execution Time": 27.19812297821045
    },
    "vintage_score": {
        "original": {
            "Tmean_apr_sep": 20.354001429188713,
            "Tmin_aug_sep": 16.15245901639344,
            "prec_jun_sep": 125.0,
            "vintage_score": -4.14670757438347
        },
        "missing": {
            "Tmean_apr_sep": 20.35013400790326,
            "Tmin_aug_sep": 16.15245901639344,
            "prec_jun_sep": 125.0,
            "vintage_score": -4.126372255730871
        },
        "filled": {
            "Tmean_apr_sep": 20.309861363280877,
            "Tmin_aug_sep": 16.15245901639344,
            "prec_jun_sep": 125.00731166676646,
            "vintage_score": -3.9158719401610824
        },
        "Deviation missing": 0.4903967373590888,
        "Deviation filled": 5.566720828070639,
        "Improvement": -5.07632409071155
    }
}