{
    "dataset": "Report(Bertelegni2023)",
    "gap_parameters": {
        "gap_type": "overlap",
        "perc": "50.0 %",
        "length": 3,
        "seed": 2025
    },
    "algorithm": "DynaMMo",
    "algorithm_parameters": {
        "H": 8,
        "max_iter": 100,
        "fast": false
    },
    "metrics": {
        "Missing value percentage": 1.4393420150788212,
        "Missing value percentage between 4 and 9": 0.06830601092896176,
        "Mean absolute error": 0.04196700729344369,
        "Mean square error": 0.00268113731097869,
        "Root mean square error": 0.05177969979614298,
        "Mean relative error": 0.041698578494419686,
        "Euclidean Distance": 0.17937014169517446,
        "r2 score": 0.9929206312862446,
        "Execution Time": 27.11153531074524
    },
    "vintage_score": {
        "original": {
            "Tmean_apr_sep": 20.354001429188713,
            "Tmin_aug_sep": 16.15245901639344,
            "prec_jun_sep": 125.0,
            "vintage_score": -4.14670757438347
        },
        "missing": {
            "Tmean_apr_sep": 20.356307994485302,
            "Tmin_aug_sep": 16.15245901639344,
            "prec_jun_sep": 125.0,
            "vintage_score": -4.158845413171321
        },
        "filled": {
            "Tmean_apr_sep": 20.31076570433264,
            "Tmin_aug_sep": 16.15245901639344,
            "prec_jun_sep": 125.01170931695552,
            "vintage_score": -3.9206062078778245
        },
        "Deviation missing": 0.29271026640106024,
        "Deviation filled": 5.452551511044565,
        "Improvement": -5.159841244643505
    }
}