{
    "dataset": "Report(Bertelegni2023)",
    "gap_parameters": {
        "gap_type": "overlap",
        "perc": "50.0 %",
        "length": 24,
        "seed": 2024
    },
    "algorithm": "DynaMMo",
    "algorithm_parameters": {
        "H": 8,
        "max_iter": 100,
        "fast": false
    },
    "metrics": {
        "Missing value percentage": 1.7272104180945853,
        "Missing value percentage between 4 and 9": 0.546448087431694,
        "Mean absolute error": 0.38821572954701156,
        "Mean square error": 3.9188487968296704,
        "Root mean square error": 1.979608243271802,
        "Mean relative error": 0.2696582953381153,
        "Euclidean Distance": 19.396120346493323,
        "r2 score": 0.2761991110954871,
        "Execution Time": 26.89407968521118
    },
    "vintage_score": {
        "original": {
            "Tmean_apr_sep": 20.354001429188713,
            "Tmin_aug_sep": 16.15245901639344,
            "prec_jun_sep": 125.0,
            "vintage_score": -4.14670757438347
        },
        "missing": {
            "Tmean_apr_sep": 20.337084307148643,
            "Tmin_aug_sep": 16.15245901639344,
            "prec_jun_sep": 109.7,
            "vintage_score": -3.9520600186293393
        },
        "filled": {
            "Tmean_apr_sep": 20.304023283637836,
            "Tmin_aug_sep": 16.151052329225013,
            "prec_jun_sep": 113.58550871155848,
            "vintage_score": -3.805941219074441
        },
        "Deviation missing": 4.694026580426777,
        "Deviation filled": 8.2177570806809,
        "Improvement": -3.523730500254124
    }
}