{
    "dataset": "Report(Barbieri2023)",
    "gap_parameters": {
        "gap_type": "overlap",
        "perc": "50.0 %",
        "length": 12,
        "seed": 2023
    },
    "algorithm": "SoftImpute",
    "algorithm_parameters": {
        "max_rank": 4
    },
    "metrics": {
        "Missing value percentage": 5.531185743660041,
        "Missing value percentage between 4 and 9": 0.273224043715847,
        "Mean absolute error": 0.063951706385673,
        "Mean square error": 0.006713853667364496,
        "Root mean square error": 0.08193810876121377,
        "Mean relative error": 0.14209160874649646,
        "Euclidean Distance": 0.5676838698021132,
        "r2 score": 0.9631366400688234,
        "Execution Time": 0.42958688735961914
    },
    "vintage_score": {
        "original": {
            "Tmean_apr_sep": 21.284699453551912,
            "Tmin_aug_sep": 18.38196721311475,
            "prec_jun_sep": 132.3,
            "vintage_score": -10.593158555185312
        },
        "missing": {
            "Tmean_apr_sep": 21.281407754358572,
            "Tmin_aug_sep": 18.38196721311475,
            "prec_jun_sep": 132.3,
            "vintage_score": -10.571688819836254
        },
        "filled": {
            "Tmean_apr_sep": 21.28492611079669,
            "Tmin_aug_sep": 18.38196721311475,
            "prec_jun_sep": 132.25086858671068,
            "vintage_score": -10.5942975517643
        },
        "Deviation missing": 0.2026754837776734,
        "Deviation filled": 0.010752190416614526,
        "Improvement": 0.19192329336105887
    }
}