{
    "dataset": "Report(Barbieri2023)",
    "gap_parameters": {
        "gap_type": "overlap",
        "perc": "100.0 %",
        "length": 48,
        "seed": 2023
    },
    "algorithm": "SoftImpute",
    "algorithm_parameters": {
        "max_rank": 4
    },
    "metrics": {
        "Missing value percentage": 6.024674434544209,
        "Missing value percentage between 4 and 9": 1.092896174863388,
        "Mean absolute error": 0.10062365907894566,
        "Mean square error": 0.017502480275292238,
        "Root mean square error": 0.13229693978052642,
        "Mean relative error": 0.22883592484983709,
        "Euclidean Distance": 1.8331601710860204,
        "r2 score": 0.9206343969667136,
        "Execution Time": 0.38495421409606934
    },
    "vintage_score": {
        "original": {
            "Tmean_apr_sep": 21.284699453551912,
            "Tmin_aug_sep": 18.38196721311475,
            "prec_jun_sep": 132.3,
            "vintage_score": -10.593158555185312
        },
        "missing": {
            "Tmean_apr_sep": 21.29297161172161,
            "Tmin_aug_sep": 18.52166666666666,
            "prec_jun_sep": 132.3,
            "vintage_score": -10.70430082876888
        },
        "filled": {
            "Tmean_apr_sep": 21.289403085923098,
            "Tmin_aug_sep": 18.398195101682198,
            "prec_jun_sep": 132.2984456907104,
            "vintage_score": -10.630487830992507
        },
        "Deviation missing": 1.0491891819099006,
        "Deviation filled": 0.35239041889845907,
        "Improvement": 0.6967987630114416
    }
}