{
    "dataset": "Report(Barbieri2023)",
    "gap_parameters": {
        "gap_type": "overlap",
        "perc": "50.0 %",
        "length": 6,
        "seed": 2023
    },
    "algorithm": "SoftImpute",
    "algorithm_parameters": {
        "max_rank": 4
    },
    "metrics": {
        "Missing value percentage": 5.44893762851268,
        "Missing value percentage between 4 and 9": 0.1366120218579235,
        "Mean absolute error": 0.07050688470995538,
        "Mean square error": 0.008760802332398064,
        "Root mean square error": 0.09359915775474725,
        "Mean relative error": 0.10113996632900168,
        "Euclidean Distance": 0.4585403537068055,
        "r2 score": 0.9581445585644811,
        "Execution Time": 0.3607923984527588
    },
    "vintage_score": {
        "original": {
            "Tmean_apr_sep": 21.284699453551912,
            "Tmin_aug_sep": 18.38196721311475,
            "prec_jun_sep": 132.3,
            "vintage_score": -10.593158555185312
        },
        "missing": {
            "Tmean_apr_sep": 21.27895415907711,
            "Tmin_aug_sep": 18.38196721311475,
            "prec_jun_sep": 132.3,
            "vintage_score": -10.55569509398424
        },
        "filled": {
            "Tmean_apr_sep": 21.285664621480883,
            "Tmin_aug_sep": 18.38196721311475,
            "prec_jun_sep": 132.2966785933498,
            "vintage_score": -10.59943356598194
        },
        "Deviation missing": 0.35365713640463436,
        "Deviation filled": 0.05923644741026246,
        "Improvement": 0.2944206889943719
    }
}