{
    "dataset": "Report(Barbieri2023)",
    "gap_parameters": {
        "gap_type": "overlap",
        "perc": "50.0 %",
        "length": 6,
        "seed": 2025
    },
    "algorithm": "SoftImpute",
    "algorithm_parameters": {
        "max_rank": 4
    },
    "metrics": {
        "Missing value percentage": 5.44893762851268,
        "Missing value percentage between 4 and 9": 0.1366120218579235,
        "Mean absolute error": 0.10888880376962988,
        "Mean square error": 0.01766070538341693,
        "Root mean square error": 0.13289358669031748,
        "Mean relative error": 0.09575529532803496,
        "Euclidean Distance": 0.651042954959213,
        "r2 score": 0.9641378936178443,
        "Execution Time": 0.4784715175628662
    },
    "vintage_score": {
        "original": {
            "Tmean_apr_sep": 21.284699453551912,
            "Tmin_aug_sep": 18.38196721311475,
            "prec_jun_sep": 132.3,
            "vintage_score": -10.593158555185312
        },
        "missing": {
            "Tmean_apr_sep": 21.287715267428382,
            "Tmin_aug_sep": 18.38196721311475,
            "prec_jun_sep": 132.3,
            "vintage_score": -10.612841775918639
        },
        "filled": {
            "Tmean_apr_sep": 21.28322282424751,
            "Tmin_aug_sep": 18.38196721311475,
            "prec_jun_sep": 132.30144573699653,
            "vintage_score": -10.583535589473087
        },
        "Deviation missing": 0.18581068744309906,
        "Deviation filled": 0.09084132614549312,
        "Improvement": 0.09496936129760594
    }
}