{
    "dataset": "Report(Barbieri2023)",
    "gap_parameters": {
        "gap_type": "overlap",
        "perc": "50.0 %",
        "length": 24,
        "seed": 2025
    },
    "algorithm": "SoftImpute",
    "algorithm_parameters": {
        "max_rank": 4
    },
    "metrics": {
        "Missing value percentage": 5.6956819739547635,
        "Missing value percentage between 4 and 9": 0.546448087431694,
        "Mean absolute error": 0.0625120294711952,
        "Mean square error": 0.006913276506977641,
        "Root mean square error": 0.08314611540521687,
        "Mean relative error": 0.04745531403032649,
        "Euclidean Distance": 0.8146622273493846,
        "r2 score": 0.991387446357106,
        "Execution Time": 0.3701767921447754
    },
    "vintage_score": {
        "original": {
            "Tmean_apr_sep": 21.284699453551912,
            "Tmin_aug_sep": 18.38196721311475,
            "prec_jun_sep": 132.3,
            "vintage_score": -10.593158555185312
        },
        "missing": {
            "Tmean_apr_sep": 21.27610324557046,
            "Tmin_aug_sep": 18.447540983606554,
            "prec_jun_sep": 132.3,
            "vintage_score": -10.563934838011932
        },
        "filled": {
            "Tmean_apr_sep": 21.28340399171769,
            "Tmin_aug_sep": 18.379718442215392,
            "prec_jun_sep": 132.49665568936925,
            "vintage_score": -10.58514823773632
        },
        "Deviation missing": 0.2758734991186867,
        "Deviation filled": 0.07561783775124403,
        "Improvement": 0.20025566136744266
    }
}