{
    "dataset": "Report(Barbieri2023)",
    "gap_parameters": {
        "gap_type": "overlap",
        "perc": "100.0 %",
        "length": 48,
        "seed": 2025
    },
    "algorithm": "SoftImpute",
    "algorithm_parameters": {
        "max_rank": 4
    },
    "metrics": {
        "Missing value percentage": 6.024674434544209,
        "Missing value percentage between 4 and 9": 1.092896174863388,
        "Mean absolute error": 0.07594252296760653,
        "Mean square error": 0.011378375783820045,
        "Root mean square error": 0.10666946978315794,
        "Mean relative error": 0.06380340878445885,
        "Euclidean Distance": 1.4780555302469052,
        "r2 score": 0.9826409438454383,
        "Execution Time": 0.46442723274230957
    },
    "vintage_score": {
        "original": {
            "Tmean_apr_sep": 21.284699453551912,
            "Tmin_aug_sep": 18.38196721311475,
            "prec_jun_sep": 132.3,
            "vintage_score": -10.593158555185312
        },
        "missing": {
            "Tmean_apr_sep": 21.213792457542457,
            "Tmin_aug_sep": 18.274999999999995,
            "prec_jun_sep": 132.3,
            "vintage_score": -10.090192203314103
        },
        "filled": {
            "Tmean_apr_sep": 21.286379438351396,
            "Tmin_aug_sep": 18.373053886805923,
            "prec_jun_sep": 132.63490599825155,
            "vintage_score": -10.602793957672162
        },
        "Deviation missing": 4.748030054029619,
        "Deviation filled": 0.09095872998270056,
        "Improvement": 4.657071324046918
    }
}