{
    "dataset": "Report(Barbieri2023)",
    "gap_parameters": {
        "gap_type": "overlap",
        "perc": "50.0 %",
        "length": 12,
        "seed": 2025
    },
    "algorithm": "SoftImpute",
    "algorithm_parameters": {
        "max_rank": 4
    },
    "metrics": {
        "Missing value percentage": 5.531185743660041,
        "Missing value percentage between 4 and 9": 0.273224043715847,
        "Mean absolute error": 0.08291659723998583,
        "Mean square error": 0.011073323851153345,
        "Root mean square error": 0.10522986197440984,
        "Mean relative error": 0.08194318199558516,
        "Euclidean Distance": 0.7290538696525597,
        "r2 score": 0.9734459635148958,
        "Execution Time": 0.3524181842803955
    },
    "vintage_score": {
        "original": {
            "Tmean_apr_sep": 21.284699453551912,
            "Tmin_aug_sep": 18.38196721311475,
            "prec_jun_sep": 132.3,
            "vintage_score": -10.593158555185312
        },
        "missing": {
            "Tmean_apr_sep": 21.299132129255078,
            "Tmin_aug_sep": 18.447540983606554,
            "prec_jun_sep": 132.3,
            "vintage_score": -10.714280858445449
        },
        "filled": {
            "Tmean_apr_sep": 21.282804863385355,
            "Tmin_aug_sep": 18.37970507535021,
            "prec_jun_sep": 132.3823218904991,
            "vintage_score": -10.580444022730774
        },
        "Deviation missing": 1.1434012115380623,
        "Deviation filled": 0.1200258864086804,
        "Improvement": 1.0233753251293818
    }
}