{
    "dataset": "Report(Barbieri2023)",
    "gap_parameters": {
        "gap_type": "overlap",
        "perc": "0.0 %",
        "length": 6,
        "seed": 2023
    },
    "algorithm": "SoftImpute",
    "algorithm_parameters": {
        "max_rank": 4
    },
    "metrics": {
        "Missing value percentage": 5.44893762851268,
        "Missing value percentage between 4 and 9": 0.1366120218579235,
        "Mean absolute error": 0.06984652185078355,
        "Mean square error": 0.008755859169651168,
        "Root mean square error": 0.09357274800737214,
        "Mean relative error": 0.10019269603594713,
        "Euclidean Distance": 0.4584109728961958,
        "r2 score": 0.9581681749241487,
        "Execution Time": 0.42549777030944824
    },
    "vintage_score": {
        "original": {
            "Tmean_apr_sep": 21.284699453551912,
            "Tmin_aug_sep": 18.38196721311475,
            "prec_jun_sep": 132.3,
            "vintage_score": -10.593158555185312
        },
        "missing": {
            "Tmean_apr_sep": 21.27895415907711,
            "Tmin_aug_sep": 18.38196721311475,
            "prec_jun_sep": 132.3,
            "vintage_score": -10.55569509398424
        },
        "filled": {
            "Tmean_apr_sep": 21.285664742875674,
            "Tmin_aug_sep": 18.38196721311475,
            "prec_jun_sep": 132.30881392181453,
            "vintage_score": -10.59951831039848
        },
        "Deviation missing": 0.35365713640463436,
        "Deviation filled": 0.060036439368267094,
        "Improvement": 0.2936206970363673
    }
}