{
    "dataset": "Report(Barbieri2023)",
    "gap_parameters": {
        "gap_type": "overlap",
        "perc": "50.0 %",
        "length": 24,
        "seed": 2025
    },
    "algorithm": "Saits",
    "algorithm_parameters": {
        "n_layers": 3,
        "d_model": 32,
        "d_ffn": 16,
        "n_heads": 2,
        "d_k": 16,
        "d_v": 128,
        "dropout": 0.2,
        "epochs": 100,
        "batch_size": 32,
        "ORT_weight": 1,
        "MIT_weight": 1,
        "attn_dropout": 0.4,
        "diagonal_attention_mask": false,
        "num_workers": 0,
        "patience": 10,
        "lr": 0.0007963406280958749,
        "device": "cuda"
    },
    "metrics": {
        "Missing value percentage": 5.6956819739547635,
        "Missing value percentage between 4 and 9": 0.546448087431694,
        "Mean absolute error": 0.2603452939504179,
        "Mean square error": 0.1639121243719199,
        "Root mean square error": 0.4048606233902229,
        "Mean relative error": 0.19763824315490625,
        "Euclidean Distance": 3.9668077770046377,
        "r2 score": 0.7957984231573787,
        "Execution Time": 12.21055293083191
    },
    "vintage_score": {
        "original": {
            "Tmean_apr_sep": 21.284699453551912,
            "Tmin_aug_sep": 18.38196721311475,
            "prec_jun_sep": 132.3,
            "vintage_score": -10.593158555185312
        },
        "missing": {
            "Tmean_apr_sep": 21.27610324557046,
            "Tmin_aug_sep": 18.447540983606554,
            "prec_jun_sep": 132.3,
            "vintage_score": -10.563934838011932
        },
        "filled": {
            "Tmean_apr_sep": 21.269120251024788,
            "Tmin_aug_sep": 18.39596971505983,
            "prec_jun_sep": 132.1856304885036,
            "vintage_score": -10.496609365756001
        },
        "Deviation missing": 0.2758734991186867,
        "Deviation filled": 0.9114296640264148,
        "Improvement": -0.6355561649077281
    }
}