{
    "dataset": "Report(Barbieri2023)",
    "gap_parameters": {
        "gap_type": "overlap",
        "perc": "50.0 %",
        "length": 48,
        "seed": 2023
    },
    "algorithm": "Saits",
    "algorithm_parameters": {
        "n_layers": 3,
        "d_model": 32,
        "d_ffn": 16,
        "n_heads": 2,
        "d_k": 16,
        "d_v": 128,
        "dropout": 0.2,
        "epochs": 100,
        "batch_size": 32,
        "ORT_weight": 1,
        "MIT_weight": 1,
        "attn_dropout": 0.4,
        "diagonal_attention_mask": false,
        "num_workers": 0,
        "patience": 10,
        "lr": 0.0007963406280958749,
        "device": "cuda"
    },
    "metrics": {
        "Missing value percentage": 6.024674434544209,
        "Missing value percentage between 4 and 9": 1.092896174863388,
        "Mean absolute error": 0.12074920083200605,
        "Mean square error": 0.029255819947121217,
        "Root mean square error": 0.1710433276895688,
        "Mean relative error": 0.2746049517598237,
        "Euclidean Distance": 2.3700458708318926,
        "r2 score": 0.8673384711300436,
        "Execution Time": 13.218886852264404
    },
    "vintage_score": {
        "original": {
            "Tmean_apr_sep": 21.284699453551912,
            "Tmin_aug_sep": 18.38196721311475,
            "prec_jun_sep": 132.3,
            "vintage_score": -10.593158555185312
        },
        "missing": {
            "Tmean_apr_sep": 21.29297161172161,
            "Tmin_aug_sep": 18.52166666666666,
            "prec_jun_sep": 132.3,
            "vintage_score": -10.70430082876888
        },
        "filled": {
            "Tmean_apr_sep": 21.290294663679177,
            "Tmin_aug_sep": 18.392705143017977,
            "prec_jun_sep": 132.3557957371914,
            "vintage_score": -10.634463176958207
        },
        "Deviation missing": 1.0491891819099006,
        "Deviation filled": 0.3899179036896061,
        "Improvement": 0.6592712782202945
    }
}