{
    "dataset": "Report(Barbieri2023)",
    "gap_parameters": {
        "gap_type": "overlap",
        "perc": "50.0 %",
        "length": 3,
        "seed": 2024
    },
    "algorithm": "Saits",
    "algorithm_parameters": {
        "n_layers": 3,
        "d_model": 32,
        "d_ffn": 16,
        "n_heads": 2,
        "d_k": 16,
        "d_v": 128,
        "dropout": 0.2,
        "epochs": 100,
        "batch_size": 32,
        "ORT_weight": 1,
        "MIT_weight": 1,
        "attn_dropout": 0.4,
        "diagonal_attention_mask": false,
        "num_workers": 0,
        "patience": 10,
        "lr": 0.0007963406280958749,
        "device": "cuda"
    },
    "metrics": {
        "Missing value percentage": 5.407813570938999,
        "Missing value percentage between 4 and 9": 0.06830601092896176,
        "Mean absolute error": 0.0746932520789252,
        "Mean square error": 0.008888120253889485,
        "Root mean square error": 0.09427682776742907,
        "Mean relative error": 0.0666827538265564,
        "Euclidean Distance": 0.3265845113392286,
        "r2 score": 0.9808717198768243,
        "Execution Time": 12.408491611480713
    },
    "vintage_score": {
        "original": {
            "Tmean_apr_sep": 21.284699453551912,
            "Tmin_aug_sep": 18.38196721311475,
            "prec_jun_sep": 132.3,
            "vintage_score": -10.593158555185312
        },
        "missing": {
            "Tmean_apr_sep": 21.283944834764508,
            "Tmin_aug_sep": 18.38196721311475,
            "prec_jun_sep": 132.3,
            "vintage_score": -10.588235339606854
        },
        "filled": {
            "Tmean_apr_sep": 21.284566715700517,
            "Tmin_aug_sep": 18.38196721311475,
            "prec_jun_sep": 132.22016182138225,
            "vintage_score": -10.591740182342562
        },
        "Deviation missing": 0.046475426123477485,
        "Deviation filled": 0.013389517728453298,
        "Improvement": 0.03308590839502419
    }
}