{
    "dataset": "Report(Barbieri2023)",
    "gap_parameters": {
        "gap_type": "overlap",
        "perc": "100.0 %",
        "length": 6,
        "seed": 2025
    },
    "algorithm": "Saits",
    "algorithm_parameters": {
        "n_layers": 3,
        "d_model": 32,
        "d_ffn": 16,
        "n_heads": 2,
        "d_k": 16,
        "d_v": 128,
        "dropout": 0.2,
        "epochs": 100,
        "batch_size": 32,
        "ORT_weight": 1,
        "MIT_weight": 1,
        "attn_dropout": 0.4,
        "diagonal_attention_mask": false,
        "num_workers": 0,
        "patience": 10,
        "lr": 0.0007963406280958749,
        "device": "cuda"
    },
    "metrics": {
        "Missing value percentage": 5.44893762851268,
        "Missing value percentage between 4 and 9": 0.1366120218579235,
        "Mean absolute error": 0.0939300450183957,
        "Mean square error": 0.01451150029957156,
        "Root mean square error": 0.1204636887181011,
        "Mean relative error": 0.08260077151679295,
        "Euclidean Distance": 0.5901491397856409,
        "r2 score": 0.9705327190386983,
        "Execution Time": 12.584370374679565
    },
    "vintage_score": {
        "original": {
            "Tmean_apr_sep": 21.284699453551912,
            "Tmin_aug_sep": 18.38196721311475,
            "prec_jun_sep": 132.3,
            "vintage_score": -10.593158555185312
        },
        "missing": {
            "Tmean_apr_sep": 21.287715267428382,
            "Tmin_aug_sep": 18.38196721311475,
            "prec_jun_sep": 132.3,
            "vintage_score": -10.612841775918639
        },
        "filled": {
            "Tmean_apr_sep": 21.28322240765729,
            "Tmin_aug_sep": 18.38196721311475,
            "prec_jun_sep": 132.26048770507347,
            "vintage_score": -10.583249524550013
        },
        "Deviation missing": 0.18581068744309906,
        "Deviation filled": 0.09354179476949959,
        "Improvement": 0.09226889267359947
    }
}