{
    "dataset": "Report(Torrevilla2023)",
    "gap_parameters": {
        "gap_type": "overlap",
        "perc": "100.0 %",
        "length": 3,
        "seed": 2024
    },
    "algorithm": "CDMissingValueRecovery",
    "algorithm_parameters": {
        "truncation": 2,
        "eps": 9.042666231981757e-05
    },
    "metrics": {
        "Missing value percentage": 0.2981494174091844,
        "Missing value percentage between 4 and 9": 0.06830601092896176,
        "Mean absolute error": 0.05208484372281697,
        "Mean square error": 0.0034391749374170855,
        "Root mean square error": 0.05864447917252813,
        "Mean relative error": 0.04565690973740031,
        "Euclidean Distance": 0.20315043502047556,
        "r2 score": 0.9927938636939124,
        "Execution Time": 0.3743405342102051
    },
    "vintage_score": {
        "original": {
            "Tmean_apr_sep": 20.869581056466302,
            "Tmin_aug_sep": 17.044262295081968,
            "prec_jun_sep": 144.89999999999998,
            "vintage_score": -7.541854756514482
        },
        "missing": {
            "Tmean_apr_sep": 20.86843937028363,
            "Tmin_aug_sep": 17.044262295081968,
            "prec_jun_sep": 144.89999999999998,
            "vintage_score": -7.535050174578799
        },
        "filled": {
            "Tmean_apr_sep": 20.869660489447163,
            "Tmin_aug_sep": 17.044262295081968,
            "prec_jun_sep": 144.84841703500206,
            "vintage_score": -7.541971401193479
        },
        "Deviation missing": 0.09022425060367173,
        "Deviation filled": 0.0015466312036290643,
        "Improvement": 0.08867761940004266
    }
}