{
    "dataset": "Report(Torrevilla2023)",
    "gap_parameters": {
        "gap_type": "overlap",
        "perc": "0.0 %",
        "length": 3,
        "seed": 2024
    },
    "algorithm": "CDMissingValueRecovery",
    "algorithm_parameters": {
        "truncation": 2,
        "eps": 9.042666231981757e-05
    },
    "metrics": {
        "Missing value percentage": 0.2981494174091844,
        "Missing value percentage between 4 and 9": 0.06830601092896176,
        "Mean absolute error": 0.09229894356042453,
        "Mean square error": 0.010547920142796098,
        "Root mean square error": 0.1027030678353675,
        "Mean relative error": 0.08090807677991806,
        "Euclidean Distance": 0.35577386316811377,
        "r2 score": 0.977898841530928,
        "Execution Time": 0.39763903617858887
    },
    "vintage_score": {
        "original": {
            "Tmean_apr_sep": 20.869581056466302,
            "Tmin_aug_sep": 17.044262295081968,
            "prec_jun_sep": 144.89999999999998,
            "vintage_score": -7.541854756514482
        },
        "missing": {
            "Tmean_apr_sep": 20.86843937028363,
            "Tmin_aug_sep": 17.044262295081968,
            "prec_jun_sep": 144.89999999999998,
            "vintage_score": -7.535050174578799
        },
        "filled": {
            "Tmean_apr_sep": 20.868932149362475,
            "Tmin_aug_sep": 17.044262295081968,
            "prec_jun_sep": 144.7550237697268,
            "vintage_score": -7.536984032303536
        },
        "Deviation missing": 0.09022425060367173,
        "Deviation filled": 0.06458257773710889,
        "Improvement": 0.02564167286656284
    }
}