{
    "dataset": "Report(Torrevilla2023)",
    "gap_parameters": {
        "gap_type": "overlap",
        "perc": "50.0 %",
        "length": 12,
        "seed": 2024
    },
    "algorithm": "CDMissingValueRecovery",
    "algorithm_parameters": {
        "truncation": 2,
        "eps": 9.042666231981757e-05
    },
    "metrics": {
        "Missing value percentage": 0.42152159013022616,
        "Missing value percentage between 4 and 9": 0.273224043715847,
        "Mean absolute error": 0.10018605073340907,
        "Mean square error": 0.018296015868836137,
        "Root mean square error": 0.1352627660105919,
        "Mean relative error": 0.085051991866239,
        "Euclidean Distance": 0.9371279324105929,
        "r2 score": 0.9671276798332891,
        "Execution Time": 0.36312031745910645
    },
    "vintage_score": {
        "original": {
            "Tmean_apr_sep": 20.869581056466302,
            "Tmin_aug_sep": 17.044262295081968,
            "prec_jun_sep": 144.89999999999998,
            "vintage_score": -7.541854756514482
        },
        "missing": {
            "Tmean_apr_sep": 20.85922131147541,
            "Tmin_aug_sep": 17.044262295081968,
            "prec_jun_sep": 144.89999999999998,
            "vintage_score": -7.480174318273072
        },
        "filled": {
            "Tmean_apr_sep": 20.871606436424766,
            "Tmin_aug_sep": 17.044262295081968,
            "prec_jun_sep": 144.6130182573765,
            "vintage_score": -7.551945271505559
        },
        "Deviation missing": 0.8178417674794396,
        "Deviation filled": 0.13379354703644106,
        "Improvement": 0.6840482204429985
    }
}