{
    "dataset": "Report(Torrevilla2023)",
    "gap_parameters": {
        "gap_type": "overlap",
        "perc": "100.0 %",
        "length": 24,
        "seed": 2024
    },
    "algorithm": "CDMissingValueRecovery",
    "algorithm_parameters": {
        "truncation": 2,
        "eps": 9.042666231981757e-05
    },
    "metrics": {
        "Missing value percentage": 0.5860178204249485,
        "Missing value percentage between 4 and 9": 0.546448087431694,
        "Mean absolute error": 0.09297824313666632,
        "Mean square error": 0.016779450577681525,
        "Root mean square error": 0.1295355185950229,
        "Mean relative error": 0.09574303953256588,
        "Euclidean Distance": 1.2691836964984398,
        "r2 score": 0.9616071539063406,
        "Execution Time": 0.2981245517730713
    },
    "vintage_score": {
        "original": {
            "Tmean_apr_sep": 20.869581056466302,
            "Tmin_aug_sep": 17.044262295081968,
            "prec_jun_sep": 144.89999999999998,
            "vintage_score": -7.541854756514482
        },
        "missing": {
            "Tmean_apr_sep": 20.859688069216755,
            "Tmin_aug_sep": 17.044262295081968,
            "prec_jun_sep": 144.89999999999998,
            "vintage_score": -7.482950191659228
        },
        "filled": {
            "Tmean_apr_sep": 20.872821487794752,
            "Tmin_aug_sep": 17.044262295081968,
            "prec_jun_sep": 144.36289395555727,
            "vintage_score": -7.557462044851235
        },
        "Deviation missing": 0.7810355245090576,
        "Deviation filled": 0.20694230849873668,
        "Improvement": 0.5740932160103209
    }
}