{
    "dataset": "Report(Torrevilla2023)",
    "gap_parameters": {
        "gap_type": "overlap",
        "perc": "50.0 %",
        "length": 48,
        "seed": 2024
    },
    "algorithm": "CDMissingValueRecovery",
    "algorithm_parameters": {
        "truncation": 2,
        "eps": 9.042666231981757e-05
    },
    "metrics": {
        "Missing value percentage": 0.9150102810143934,
        "Missing value percentage between 4 and 9": 1.092896174863388,
        "Mean absolute error": 0.46525875338750206,
        "Mean square error": 1.5857885601181967,
        "Root mean square error": 1.2592809694894134,
        "Mean relative error": 0.3559934565743316,
        "Euclidean Distance": 17.4491089612821,
        "r2 score": 0.7716932550530637,
        "Execution Time": 0.346937894821167
    },
    "vintage_score": {
        "original": {
            "Tmean_apr_sep": 20.869581056466302,
            "Tmin_aug_sep": 17.044262295081968,
            "prec_jun_sep": 144.89999999999998,
            "vintage_score": -7.541854756514482
        },
        "missing": {
            "Tmean_apr_sep": 20.842032967032967,
            "Tmin_aug_sep": 17.008333333333336,
            "prec_jun_sep": 78.29999999999998,
            "vintage_score": -6.902728734847898
        },
        "filled": {
            "Tmean_apr_sep": 20.84957451262126,
            "Tmin_aug_sep": 16.422151468098974,
            "prec_jun_sep": 144.19404405215082,
            "vintage_score": -7.163604785232678
        },
        "Deviation missing": 8.47438783032147,
        "Deviation filled": 5.015344149329845,
        "Improvement": 3.459043680991625
    }
}