{
    "dataset": "Report(Torrevilla2023)",
    "gap_parameters": {
        "gap_type": "overlap",
        "perc": "50.0 %",
        "length": 6,
        "seed": 2023
    },
    "algorithm": "CDMissingValueRecovery",
    "algorithm_parameters": {
        "truncation": 2,
        "eps": 9.042666231981757e-05
    },
    "metrics": {
        "Missing value percentage": 0.339273474982865,
        "Missing value percentage between 4 and 9": 0.1366120218579235,
        "Mean absolute error": 0.039677526257886626,
        "Mean square error": 0.0025047224373243348,
        "Root mean square error": 0.050047202092867636,
        "Mean relative error": 0.05262760017098823,
        "Euclidean Distance": 0.24518021636295728,
        "r2 score": 0.9897832885214349,
        "Execution Time": 0.31648945808410645
    },
    "vintage_score": {
        "original": {
            "Tmean_apr_sep": 20.869581056466302,
            "Tmin_aug_sep": 17.044262295081968,
            "prec_jun_sep": 144.89999999999998,
            "vintage_score": -7.541854756514482
        },
        "missing": {
            "Tmean_apr_sep": 20.86311475409836,
            "Tmin_aug_sep": 17.044262295081968,
            "prec_jun_sep": 144.89999999999998,
            "vintage_score": -7.5033382235152715
        },
        "filled": {
            "Tmean_apr_sep": 20.869129962460033,
            "Tmin_aug_sep": 17.044262295081968,
            "prec_jun_sep": 144.87708591783087,
            "vintage_score": -7.539007452825047
        },
        "Deviation missing": 0.5107037226610713,
        "Deviation filled": 0.037753361492091644,
        "Improvement": 0.4729503611689797
    }
}