{
    "dataset": "Report(Torrevilla2023)",
    "gap_parameters": {
        "gap_type": "overlap",
        "perc": "100.0 %",
        "length": 6,
        "seed": 2023
    },
    "algorithm": "CDMissingValueRecovery",
    "algorithm_parameters": {
        "truncation": 2,
        "eps": 9.042666231981757e-05
    },
    "metrics": {
        "Missing value percentage": 0.339273474982865,
        "Missing value percentage between 4 and 9": 0.1366120218579235,
        "Mean absolute error": 0.04428732883135287,
        "Mean square error": 0.002730734389593321,
        "Root mean square error": 0.05225642916994349,
        "Mean relative error": 0.05874196438630653,
        "Euclidean Distance": 0.25600317449250987,
        "r2 score": 0.9888613904010564,
        "Execution Time": 0.30823469161987305
    },
    "vintage_score": {
        "original": {
            "Tmean_apr_sep": 20.869581056466302,
            "Tmin_aug_sep": 17.044262295081968,
            "prec_jun_sep": 144.89999999999998,
            "vintage_score": -7.541854756514482
        },
        "missing": {
            "Tmean_apr_sep": 20.86311475409836,
            "Tmin_aug_sep": 17.044262295081968,
            "prec_jun_sep": 144.89999999999998,
            "vintage_score": -7.5033382235152715
        },
        "filled": {
            "Tmean_apr_sep": 20.86913713774174,
            "Tmin_aug_sep": 17.044262295081968,
            "prec_jun_sep": 144.79471301337423,
            "vintage_score": -7.538480363784174
        },
        "Deviation missing": 0.5107037226610713,
        "Deviation filled": 0.04474221314581926,
        "Improvement": 0.46596150951525206
    }
}