{
    "dataset": "Report(Torrevilla2023)",
    "gap_parameters": {
        "gap_type": "overlap",
        "perc": "50.0 %",
        "length": 6,
        "seed": 2025
    },
    "algorithm": "CDMissingValueRecovery",
    "algorithm_parameters": {
        "truncation": 2,
        "eps": 9.042666231981757e-05
    },
    "metrics": {
        "Missing value percentage": 0.339273474982865,
        "Missing value percentage between 4 and 9": 0.1366120218579235,
        "Mean absolute error": 0.10087435427009193,
        "Mean square error": 0.01824716799554014,
        "Root mean square error": 0.13508207873563444,
        "Mean relative error": 0.10334313235742001,
        "Euclidean Distance": 0.6617643325935462,
        "r2 score": 0.9532637437715558,
        "Execution Time": 0.3394482135772705
    },
    "vintage_score": {
        "original": {
            "Tmean_apr_sep": 20.869581056466302,
            "Tmin_aug_sep": 17.044262295081968,
            "prec_jun_sep": 144.89999999999998,
            "vintage_score": -7.541854756514482
        },
        "missing": {
            "Tmean_apr_sep": 20.874607136943204,
            "Tmin_aug_sep": 17.044262295081968,
            "prec_jun_sep": 144.89999999999998,
            "vintage_score": -7.571831827318164
        },
        "filled": {
            "Tmean_apr_sep": 20.87078984696843,
            "Tmin_aug_sep": 17.044262295081968,
            "prec_jun_sep": 144.7913689428191,
            "vintage_score": -7.548309707513653
        },
        "Deviation missing": 0.39747610861622884,
        "Deviation filled": 0.08558837590441618,
        "Improvement": 0.3118877327118127
    }
}