{
    "dataset": "Report(Torrevilla2023)",
    "gap_parameters": {
        "gap_type": "overlap",
        "perc": "50.0 %",
        "length": 3,
        "seed": 2023
    },
    "algorithm": "CDMissingValueRecovery",
    "algorithm_parameters": {
        "truncation": 2,
        "eps": 9.042666231981757e-05
    },
    "metrics": {
        "Missing value percentage": 0.2981494174091844,
        "Missing value percentage between 4 and 9": 0.06830601092896176,
        "Mean absolute error": 0.042912787568061335,
        "Mean square error": 0.0025749752975398063,
        "Root mean square error": 0.050744214424304636,
        "Mean relative error": 0.0493589293501319,
        "Euclidean Distance": 0.17578311514613756,
        "r2 score": 0.9908344873506292,
        "Execution Time": 0.280517578125
    },
    "vintage_score": {
        "original": {
            "Tmean_apr_sep": 20.869581056466302,
            "Tmin_aug_sep": 17.044262295081968,
            "prec_jun_sep": 144.89999999999998,
            "vintage_score": -7.541854756514482
        },
        "missing": {
            "Tmean_apr_sep": 20.865781941191777,
            "Tmin_aug_sep": 17.044262295081968,
            "prec_jun_sep": 144.89999999999998,
            "vintage_score": -7.519218444377856
        },
        "filled": {
            "Tmean_apr_sep": 20.86947021501115,
            "Tmin_aug_sep": 17.044262295081968,
            "prec_jun_sep": 144.82899969857618,
            "vintage_score": -7.5407028709305735
        },
        "Deviation missing": 0.30014250960048616,
        "Deviation filled": 0.015273240086115147,
        "Improvement": 0.284869269514371
    }
}