{
    "dataset": "Report(Torrevilla2023)",
    "gap_parameters": {
        "gap_type": "overlap",
        "perc": "0.0 %",
        "length": 3,
        "seed": 2025
    },
    "algorithm": "CDMissingValueRecovery",
    "algorithm_parameters": {
        "truncation": 2,
        "eps": 9.042666231981757e-05
    },
    "metrics": {
        "Missing value percentage": 0.2981494174091844,
        "Missing value percentage between 4 and 9": 0.06830601092896176,
        "Mean absolute error": 0.04586677318671409,
        "Mean square error": 0.004323761585166067,
        "Root mean square error": 0.06575531602209868,
        "Mean relative error": 0.040515608720311944,
        "Euclidean Distance": 0.227783096436055,
        "r2 score": 0.9908449959669232,
        "Execution Time": 0.3293328285217285
    },
    "vintage_score": {
        "original": {
            "Tmean_apr_sep": 20.869581056466302,
            "Tmin_aug_sep": 17.044262295081968,
            "prec_jun_sep": 144.89999999999998,
            "vintage_score": -7.541854756514482
        },
        "missing": {
            "Tmean_apr_sep": 20.87050521249559,
            "Tmin_aug_sep": 17.044262295081968,
            "prec_jun_sep": 144.89999999999998,
            "vintage_score": -7.547364129850763
        },
        "filled": {
            "Tmean_apr_sep": 20.869637368673157,
            "Tmin_aug_sep": 17.044262295081968,
            "prec_jun_sep": 144.91011245230595,
            "vintage_score": -7.542260387543905
        },
        "Deviation missing": 0.0730506422378675,
        "Deviation filled": 0.00537839884907321,
        "Improvement": 0.0676722433887943
    }
}