{
    "dataset": "Report(Barbieri2023)",
    "gap_parameters": {
        "gap_type": "overlap",
        "perc": "50.0 %",
        "length": 3,
        "seed": 2024
    },
    "algorithm": "TimesNet",
    "algorithm_parameters": {
        "n_layers": 1,
        "d_model": 64,
        "d_ffn": 128,
        "n_heads": 1,
        "top_k": 3,
        "n_kernels": 4,
        "dropout": 0.2,
        "epochs": 100,
        "batch_size": 32,
        "attn_dropout": 0.5,
        "apply_nonstationary_norm": false,
        "num_workers": 0,
        "patience": 10,
        "lr": 0.005739805989966285,
        "device": "cuda"
    },
    "metrics": {
        "Missing value percentage": 5.407813570938999,
        "Missing value percentage between 4 and 9": 0.06830601092896176,
        "Mean absolute error": 0.04465151033290138,
        "Mean square error": 0.003300202562610954,
        "Root mean square error": 0.05744738951955044,
        "Mean relative error": 0.039862846892335324,
        "Euclidean Distance": 0.1990035948201307,
        "r2 score": 0.9928975759465878,
        "Execution Time": 6.943833589553833
    },
    "vintage_score": {
        "original": {
            "Tmean_apr_sep": 21.284699453551912,
            "Tmin_aug_sep": 18.38196721311475,
            "prec_jun_sep": 132.3,
            "vintage_score": -10.593158555185312
        },
        "missing": {
            "Tmean_apr_sep": 21.283944834764508,
            "Tmin_aug_sep": 18.38196721311475,
            "prec_jun_sep": 132.3,
            "vintage_score": -10.588235339606854
        },
        "filled": {
            "Tmean_apr_sep": 21.284518018792845,
            "Tmin_aug_sep": 18.38196721311475,
            "prec_jun_sep": 132.44080343560086,
            "vintage_score": -10.5929488625097
        },
        "Deviation missing": 0.046475426123477485,
        "Deviation filled": 0.0019795104030454766,
        "Improvement": 0.04449591572043201
    }
}