{
    "dataset": "Report(Barbieri2023)",
    "gap_parameters": {
        "gap_type": "overlap",
        "perc": "100.0 %",
        "length": 24,
        "seed": 2024
    },
    "algorithm": "TimesNet",
    "algorithm_parameters": {
        "n_layers": 1,
        "d_model": 64,
        "d_ffn": 128,
        "n_heads": 1,
        "top_k": 3,
        "n_kernels": 4,
        "dropout": 0.2,
        "epochs": 100,
        "batch_size": 32,
        "attn_dropout": 0.5,
        "apply_nonstationary_norm": false,
        "num_workers": 0,
        "patience": 10,
        "lr": 0.005739805989966285,
        "device": "cuda"
    },
    "metrics": {
        "Missing value percentage": 5.6956819739547635,
        "Missing value percentage between 4 and 9": 0.546448087431694,
        "Mean absolute error": 0.12738837539884737,
        "Mean square error": 0.03214491340776377,
        "Root mean square error": 0.17929002595728455,
        "Mean relative error": 0.13042675660625633,
        "Euclidean Distance": 1.7566763182628022,
        "r2 score": 0.9265864191100985,
        "Execution Time": 7.892789125442505
    },
    "vintage_score": {
        "original": {
            "Tmean_apr_sep": 21.284699453551912,
            "Tmin_aug_sep": 18.38196721311475,
            "prec_jun_sep": 132.3,
            "vintage_score": -10.593158555185312
        },
        "missing": {
            "Tmean_apr_sep": 21.276206739526412,
            "Tmin_aug_sep": 18.39344262295082,
            "prec_jun_sep": 132.3,
            "vintage_score": -10.542488076387457
        },
        "filled": {
            "Tmean_apr_sep": 21.290028711440684,
            "Tmin_aug_sep": 18.39344262295082,
            "prec_jun_sep": 132.65374751796662,
            "vintage_score": -10.635088752376134
        },
        "Deviation missing": 0.47833210967140577,
        "Deviation filled": 0.3958233700778311,
        "Improvement": 0.08250873959357469
    }
}