{
    "dataset": "Report(Barbieri2023)",
    "gap_parameters": {
        "gap_type": "overlap",
        "perc": "100.0 %",
        "length": 12,
        "seed": 2023
    },
    "algorithm": "TimesNet",
    "algorithm_parameters": {
        "n_layers": 1,
        "d_model": 64,
        "d_ffn": 128,
        "n_heads": 1,
        "top_k": 3,
        "n_kernels": 4,
        "dropout": 0.2,
        "epochs": 100,
        "batch_size": 32,
        "attn_dropout": 0.5,
        "apply_nonstationary_norm": false,
        "num_workers": 0,
        "patience": 10,
        "lr": 0.005739805989966285,
        "device": "cuda"
    },
    "metrics": {
        "Missing value percentage": 5.531185743660041,
        "Missing value percentage between 4 and 9": 0.273224043715847,
        "Mean absolute error": 0.07084364948700204,
        "Mean square error": 0.008131444441089262,
        "Root mean square error": 0.09017452212842196,
        "Mean relative error": 0.15740452747850622,
        "Euclidean Distance": 0.6247474154986901,
        "r2 score": 0.9553531581051117,
        "Execution Time": 7.086419582366943
    },
    "vintage_score": {
        "original": {
            "Tmean_apr_sep": 21.284699453551912,
            "Tmin_aug_sep": 18.38196721311475,
            "prec_jun_sep": 132.3,
            "vintage_score": -10.593158555185312
        },
        "missing": {
            "Tmean_apr_sep": 21.281407754358572,
            "Tmin_aug_sep": 18.38196721311475,
            "prec_jun_sep": 132.3,
            "vintage_score": -10.571688819836254
        },
        "filled": {
            "Tmean_apr_sep": 21.284349192736727,
            "Tmin_aug_sep": 18.38196721311475,
            "prec_jun_sep": 132.5303102771894,
            "vintage_score": -10.592466605613708
        },
        "Deviation missing": 0.2026754837776734,
        "Deviation filled": 0.00653204205335564,
        "Improvement": 0.19614344172431775
    }
}