{
    "dataset": "Report(Barbieri2023)",
    "gap_parameters": {
        "gap_type": "overlap",
        "perc": "100.0 %",
        "length": 12,
        "seed": 2025
    },
    "algorithm": "TimesNet",
    "algorithm_parameters": {
        "n_layers": 1,
        "d_model": 64,
        "d_ffn": 128,
        "n_heads": 1,
        "top_k": 3,
        "n_kernels": 4,
        "dropout": 0.2,
        "epochs": 100,
        "batch_size": 32,
        "attn_dropout": 0.5,
        "apply_nonstationary_norm": false,
        "num_workers": 0,
        "patience": 10,
        "lr": 0.005739805989966285,
        "device": "cuda"
    },
    "metrics": {
        "Missing value percentage": 5.531185743660041,
        "Missing value percentage between 4 and 9": 0.273224043715847,
        "Mean absolute error": 0.07576673254629698,
        "Mean square error": 0.010368417481442833,
        "Root mean square error": 0.10182542649772125,
        "Mean relative error": 0.07487725450530197,
        "Euclidean Distance": 0.7054672487857011,
        "r2 score": 0.9751363420960231,
        "Execution Time": 7.374800682067871
    },
    "vintage_score": {
        "original": {
            "Tmean_apr_sep": 21.284699453551912,
            "Tmin_aug_sep": 18.38196721311475,
            "prec_jun_sep": 132.3,
            "vintage_score": -10.593158555185312
        },
        "missing": {
            "Tmean_apr_sep": 21.299132129255078,
            "Tmin_aug_sep": 18.447540983606554,
            "prec_jun_sep": 132.3,
            "vintage_score": -10.714280858445449
        },
        "filled": {
            "Tmean_apr_sep": 21.284281110499833,
            "Tmin_aug_sep": 18.392014192434576,
            "prec_jun_sep": 132.26239640185665,
            "vintage_score": -10.594277211947968
        },
        "Deviation missing": 1.1434012115380623,
        "Deviation filled": 0.010560181430580753,
        "Improvement": 1.1328410301074816
    }
}