{
    "dataset": "Report(Barbieri2023)",
    "gap_parameters": {
        "gap_type": "overlap",
        "perc": "0.0 %",
        "length": 3,
        "seed": 2025
    },
    "algorithm": "TimesNet",
    "algorithm_parameters": {
        "n_layers": 1,
        "d_model": 64,
        "d_ffn": 128,
        "n_heads": 1,
        "top_k": 3,
        "n_kernels": 4,
        "dropout": 0.2,
        "epochs": 100,
        "batch_size": 32,
        "attn_dropout": 0.5,
        "apply_nonstationary_norm": false,
        "num_workers": 0,
        "patience": 10,
        "lr": 0.005739805989966285,
        "device": "cuda"
    },
    "metrics": {
        "Missing value percentage": 5.407813570938999,
        "Missing value percentage between 4 and 9": 0.06830601092896176,
        "Mean absolute error": 0.16257552324980154,
        "Mean square error": 0.035978923605401864,
        "Root mean square error": 0.18968111030200627,
        "Mean relative error": 0.128706033501817,
        "Euclidean Distance": 0.6570746405583298,
        "r2 score": 0.9377184644304157,
        "Execution Time": 7.220893621444702
    },
    "vintage_score": {
        "original": {
            "Tmean_apr_sep": 21.284699453551912,
            "Tmin_aug_sep": 18.38196721311475,
            "prec_jun_sep": 132.3,
            "vintage_score": -10.593158555185312
        },
        "missing": {
            "Tmean_apr_sep": 21.28511963901308,
            "Tmin_aug_sep": 18.38196721311475,
            "prec_jun_sep": 132.3,
            "vintage_score": -10.595900226311073
        },
        "filled": {
            "Tmean_apr_sep": 21.283915939156625,
            "Tmin_aug_sep": 18.38196721311475,
            "prec_jun_sep": 132.1988636321629,
            "vintage_score": -10.58734717547776
        },
        "Deviation missing": 0.02588152637835743,
        "Deviation filled": 0.05485974440274406,
        "Improvement": -0.02897821802438663
    }
}