{
    "dataset": "Report(Barbieri2023)",
    "gap_parameters": {
        "gap_type": "overlap",
        "perc": "100.0 %",
        "length": 3,
        "seed": 2023
    },
    "algorithm": "TimesNet",
    "algorithm_parameters": {
        "n_layers": 1,
        "d_model": 64,
        "d_ffn": 128,
        "n_heads": 1,
        "top_k": 3,
        "n_kernels": 4,
        "dropout": 0.2,
        "epochs": 100,
        "batch_size": 32,
        "attn_dropout": 0.5,
        "apply_nonstationary_norm": false,
        "num_workers": 0,
        "patience": 10,
        "lr": 0.005739805989966285,
        "device": "cuda"
    },
    "metrics": {
        "Missing value percentage": 5.407813570938999,
        "Missing value percentage between 4 and 9": 0.06830601092896176,
        "Mean absolute error": 0.04611761637234182,
        "Mean square error": 0.0033208052819633945,
        "Root mean square error": 0.05762642867611522,
        "Mean relative error": 0.057589051794794184,
        "Euclidean Distance": 0.19962380465155968,
        "r2 score": 0.986187437925255,
        "Execution Time": 7.1877593994140625
    },
    "vintage_score": {
        "original": {
            "Tmean_apr_sep": 21.284699453551912,
            "Tmin_aug_sep": 18.38196721311475,
            "prec_jun_sep": 132.3,
            "vintage_score": -10.593158555185312
        },
        "missing": {
            "Tmean_apr_sep": 21.281430523028884,
            "Tmin_aug_sep": 18.38196721311475,
            "prec_jun_sep": 132.3,
            "vintage_score": -10.571837275373468
        },
        "filled": {
            "Tmean_apr_sep": 21.284719676220988,
            "Tmin_aug_sep": 18.38196721311475,
            "prec_jun_sep": 132.27732976983344,
            "vintage_score": -10.59313366807936
        },
        "Deviation missing": 0.2012740553326912,
        "Deviation filled": 0.00023493565041546153,
        "Improvement": 0.20103911968227572
    }
}