{
    "dataset": "Report(Barbieri2023)",
    "gap_parameters": {
        "gap_type": "overlap",
        "perc": "50.0 %",
        "length": 12,
        "seed": 2025
    },
    "algorithm": "TimesNet",
    "algorithm_parameters": {
        "n_layers": 1,
        "d_model": 64,
        "d_ffn": 128,
        "n_heads": 1,
        "top_k": 3,
        "n_kernels": 4,
        "dropout": 0.2,
        "epochs": 100,
        "batch_size": 32,
        "attn_dropout": 0.5,
        "apply_nonstationary_norm": false,
        "num_workers": 0,
        "patience": 10,
        "lr": 0.005739805989966285,
        "device": "cuda"
    },
    "metrics": {
        "Missing value percentage": 5.531185743660041,
        "Missing value percentage between 4 and 9": 0.273224043715847,
        "Mean absolute error": 0.13467188376108605,
        "Mean square error": 0.025186291018617468,
        "Root mean square error": 0.15870189355712636,
        "Mean relative error": 0.13309087743655276,
        "Euclidean Distance": 1.0995189715933344,
        "r2 score": 0.9396028058401669,
        "Execution Time": 6.81636118888855
    },
    "vintage_score": {
        "original": {
            "Tmean_apr_sep": 21.284699453551912,
            "Tmin_aug_sep": 18.38196721311475,
            "prec_jun_sep": 132.3,
            "vintage_score": -10.593158555185312
        },
        "missing": {
            "Tmean_apr_sep": 21.299132129255078,
            "Tmin_aug_sep": 18.447540983606554,
            "prec_jun_sep": 132.3,
            "vintage_score": -10.714280858445449
        },
        "filled": {
            "Tmean_apr_sep": 21.28112710133805,
            "Tmin_aug_sep": 18.377875431703742,
            "prec_jun_sep": 133.0147451177784,
            "vintage_score": -10.573130450346895
        },
        "Deviation missing": 1.1434012115380623,
        "Deviation filled": 0.18906641238380512,
        "Improvement": 0.9543347991542572
    }
}