{
    "dataset": "Report(Barbieri2023)",
    "gap_parameters": {
        "gap_type": "overlap",
        "perc": "50.0 %",
        "length": 6,
        "seed": 2023
    },
    "algorithm": "TimesNet",
    "algorithm_parameters": {
        "n_layers": 1,
        "d_model": 64,
        "d_ffn": 128,
        "n_heads": 1,
        "top_k": 3,
        "n_kernels": 4,
        "dropout": 0.2,
        "epochs": 100,
        "batch_size": 32,
        "attn_dropout": 0.5,
        "apply_nonstationary_norm": false,
        "num_workers": 0,
        "patience": 10,
        "lr": 0.005739805989966285,
        "device": "cuda"
    },
    "metrics": {
        "Missing value percentage": 5.44893762851268,
        "Missing value percentage between 4 and 9": 0.1366120218579235,
        "Mean absolute error": 0.04818142008031564,
        "Mean square error": 0.0035497193766278502,
        "Root mean square error": 0.05957952145349818,
        "Mean relative error": 0.06911477119791885,
        "Euclidean Distance": 0.2918788533605543,
        "r2 score": 0.9830409286907966,
        "Execution Time": 7.4381139278411865
    },
    "vintage_score": {
        "original": {
            "Tmean_apr_sep": 21.284699453551912,
            "Tmin_aug_sep": 18.38196721311475,
            "prec_jun_sep": 132.3,
            "vintage_score": -10.593158555185312
        },
        "missing": {
            "Tmean_apr_sep": 21.27895415907711,
            "Tmin_aug_sep": 18.38196721311475,
            "prec_jun_sep": 132.3,
            "vintage_score": -10.55569509398424
        },
        "filled": {
            "Tmean_apr_sep": 21.284615317716487,
            "Tmin_aug_sep": 18.38196721311475,
            "prec_jun_sep": 132.33914298965317,
            "vintage_score": -10.592880396683398
        },
        "Deviation missing": 0.35365713640463436,
        "Deviation filled": 0.002625831572939471,
        "Improvement": 0.35103130483169487
    }
}