{
    "dataset": "Report(Barbieri2023)",
    "gap_parameters": {
        "gap_type": "overlap",
        "perc": "50.0 %",
        "length": 48,
        "seed": 2024
    },
    "algorithm": "TimesNet",
    "algorithm_parameters": {
        "n_layers": 1,
        "d_model": 64,
        "d_ffn": 128,
        "n_heads": 1,
        "top_k": 3,
        "n_kernels": 4,
        "dropout": 0.2,
        "epochs": 100,
        "batch_size": 32,
        "attn_dropout": 0.5,
        "apply_nonstationary_norm": false,
        "num_workers": 0,
        "patience": 10,
        "lr": 0.005739805989966285,
        "device": "cuda"
    },
    "metrics": {
        "Missing value percentage": 6.024674434544209,
        "Missing value percentage between 4 and 9": 1.092896174863388,
        "Mean absolute error": 0.6138040797162146,
        "Mean square error": 7.209453034225018,
        "Root mean square error": 2.6850424641381405,
        "Mean relative error": 0.46072727524265755,
        "Euclidean Distance": 37.20503974693766,
        "r2 score": 0.30116599651261156,
        "Execution Time": 7.179219722747803
    },
    "vintage_score": {
        "original": {
            "Tmean_apr_sep": 21.284699453551912,
            "Tmin_aug_sep": 18.38196721311475,
            "prec_jun_sep": 132.3,
            "vintage_score": -10.593158555185312
        },
        "missing": {
            "Tmean_apr_sep": 21.26070283882784,
            "Tmin_aug_sep": 18.386666666666663,
            "prec_jun_sep": 64.7,
            "vintage_score": -9.971245518472728
        },
        "filled": {
            "Tmean_apr_sep": 21.287492925663972,
            "Tmin_aug_sep": 18.330900230135008,
            "prec_jun_sep": 113.34714335647578,
            "vintage_score": -10.459393051354084
        },
        "Deviation missing": 5.870893307909189,
        "Deviation filled": 1.2627537210396047,
        "Improvement": 4.6081395868695845
    }
}