{
    "dataset": "Report(Barbieri2023)",
    "gap_parameters": {
        "gap_type": "overlap",
        "perc": "100.0 %",
        "length": 3,
        "seed": 2024
    },
    "algorithm": "TimesNet",
    "algorithm_parameters": {
        "n_layers": 1,
        "d_model": 64,
        "d_ffn": 128,
        "n_heads": 1,
        "top_k": 3,
        "n_kernels": 4,
        "dropout": 0.2,
        "epochs": 100,
        "batch_size": 32,
        "attn_dropout": 0.5,
        "apply_nonstationary_norm": false,
        "num_workers": 0,
        "patience": 10,
        "lr": 0.005739805989966285,
        "device": "cuda"
    },
    "metrics": {
        "Missing value percentage": 5.407813570938999,
        "Missing value percentage between 4 and 9": 0.06830601092896176,
        "Mean absolute error": 0.08298157114279935,
        "Mean square error": 0.007752463506283976,
        "Root mean square error": 0.08804807497205136,
        "Mean relative error": 0.07408218984506411,
        "Euclidean Distance": 0.30500747872046596,
        "r2 score": 0.9833157867628981,
        "Execution Time": 7.836290597915649
    },
    "vintage_score": {
        "original": {
            "Tmean_apr_sep": 21.284699453551912,
            "Tmin_aug_sep": 18.38196721311475,
            "prec_jun_sep": 132.3,
            "vintage_score": -10.593158555185312
        },
        "missing": {
            "Tmean_apr_sep": 21.283944834764508,
            "Tmin_aug_sep": 18.38196721311475,
            "prec_jun_sep": 132.3,
            "vintage_score": -10.588235339606854
        },
        "filled": {
            "Tmean_apr_sep": 21.284300920744247,
            "Tmin_aug_sep": 18.38196721311475,
            "prec_jun_sep": 132.41764795174595,
            "vintage_score": -10.591372275691953
        },
        "Deviation missing": 0.046475426123477485,
        "Deviation filled": 0.01686257676644339,
        "Improvement": 0.029612849357034097
    }
}