{
    "dataset": "Report(Barbieri2023)",
    "gap_parameters": {
        "gap_type": "overlap",
        "perc": "0.0 %",
        "length": 6,
        "seed": 2025
    },
    "algorithm": "TimesNet",
    "algorithm_parameters": {
        "n_layers": 1,
        "d_model": 64,
        "d_ffn": 128,
        "n_heads": 1,
        "top_k": 3,
        "n_kernels": 4,
        "dropout": 0.2,
        "epochs": 100,
        "batch_size": 32,
        "attn_dropout": 0.5,
        "apply_nonstationary_norm": false,
        "num_workers": 0,
        "patience": 10,
        "lr": 0.005739805989966285,
        "device": "cuda"
    },
    "metrics": {
        "Missing value percentage": 5.44893762851268,
        "Missing value percentage between 4 and 9": 0.1366120218579235,
        "Mean absolute error": 0.23489563858385706,
        "Mean square error": 0.08708933354187524,
        "Root mean square error": 0.2951090197568947,
        "Mean relative error": 0.2065639484060341,
        "Euclidean Distance": 1.4457330337946537,
        "r2 score": 0.8231550282718376,
        "Execution Time": 6.799936771392822
    },
    "vintage_score": {
        "original": {
            "Tmean_apr_sep": 21.284699453551912,
            "Tmin_aug_sep": 18.38196721311475,
            "prec_jun_sep": 132.3,
            "vintage_score": -10.593158555185312
        },
        "missing": {
            "Tmean_apr_sep": 21.287715267428382,
            "Tmin_aug_sep": 18.38196721311475,
            "prec_jun_sep": 132.3,
            "vintage_score": -10.612841775918639
        },
        "filled": {
            "Tmean_apr_sep": 21.28210360069281,
            "Tmin_aug_sep": 18.38196721311475,
            "prec_jun_sep": 132.17221433804954,
            "vintage_score": -10.575342151080434
        },
        "Deviation missing": 0.18581068744309906,
        "Deviation filled": 0.16818783568717877,
        "Improvement": 0.017622851755920294
    }
}