{
    "dataset": "Report(Barbieri2023)",
    "gap_parameters": {
        "gap_type": "overlap",
        "perc": "50.0 %",
        "length": 12,
        "seed": 2023
    },
    "algorithm": "TimesNet",
    "algorithm_parameters": {
        "n_layers": 1,
        "d_model": 64,
        "d_ffn": 128,
        "n_heads": 1,
        "top_k": 3,
        "n_kernels": 4,
        "dropout": 0.2,
        "epochs": 100,
        "batch_size": 32,
        "attn_dropout": 0.5,
        "apply_nonstationary_norm": false,
        "num_workers": 0,
        "patience": 10,
        "lr": 0.005739805989966285,
        "device": "cuda"
    },
    "metrics": {
        "Missing value percentage": 5.531185743660041,
        "Missing value percentage between 4 and 9": 0.273224043715847,
        "Mean absolute error": 0.05781386676852784,
        "Mean square error": 0.00565295814567868,
        "Root mean square error": 0.07518615660930328,
        "Mean relative error": 0.12845420085360057,
        "Euclidean Distance": 0.5209049730925808,
        "r2 score": 0.9689616364722122,
        "Execution Time": 8.123346328735352
    },
    "vintage_score": {
        "original": {
            "Tmean_apr_sep": 21.284699453551912,
            "Tmin_aug_sep": 18.38196721311475,
            "prec_jun_sep": 132.3,
            "vintage_score": -10.593158555185312
        },
        "missing": {
            "Tmean_apr_sep": 21.281407754358572,
            "Tmin_aug_sep": 18.38196721311475,
            "prec_jun_sep": 132.3,
            "vintage_score": -10.571688819836254
        },
        "filled": {
            "Tmean_apr_sep": 21.28425148473166,
            "Tmin_aug_sep": 18.38196721311475,
            "prec_jun_sep": 132.33496941493857,
            "vintage_score": -10.590477782700674
        },
        "Deviation missing": 0.2026754837776734,
        "Deviation filled": 0.025306639853187127,
        "Improvement": 0.17736884392448626
    }
}