{
    "dataset": "Report(Barbieri2023)",
    "gap_parameters": {
        "gap_type": "overlap",
        "perc": "100.0 %",
        "length": 24,
        "seed": 2023
    },
    "algorithm": "TimesNet",
    "algorithm_parameters": {
        "n_layers": 1,
        "d_model": 64,
        "d_ffn": 128,
        "n_heads": 1,
        "top_k": 3,
        "n_kernels": 4,
        "dropout": 0.2,
        "epochs": 100,
        "batch_size": 32,
        "attn_dropout": 0.5,
        "apply_nonstationary_norm": false,
        "num_workers": 0,
        "patience": 10,
        "lr": 0.005739805989966285,
        "device": "cuda"
    },
    "metrics": {
        "Missing value percentage": 5.6956819739547635,
        "Missing value percentage between 4 and 9": 0.546448087431694,
        "Mean absolute error": 0.10182043801606533,
        "Mean square error": 0.015843472289380083,
        "Root mean square error": 0.12587085559961878,
        "Mean relative error": 0.25678566896443766,
        "Euclidean Distance": 1.2332774788264416,
        "r2 score": 0.921658633662628,
        "Execution Time": 6.581798553466797
    },
    "vintage_score": {
        "original": {
            "Tmean_apr_sep": 21.284699453551912,
            "Tmin_aug_sep": 18.38196721311475,
            "prec_jun_sep": 132.3,
            "vintage_score": -10.593158555185312
        },
        "missing": {
            "Tmean_apr_sep": 21.296205221615057,
            "Tmin_aug_sep": 18.5,
            "prec_jun_sep": 132.3,
            "vintage_score": -10.716582835392103
        },
        "filled": {
            "Tmean_apr_sep": 21.279672590763067,
            "Tmin_aug_sep": 18.382133056018045,
            "prec_jun_sep": 132.71042181013303,
            "vintage_score": -10.563284445490382
        },
        "Deviation missing": 1.1651320006569272,
        "Deviation filled": 0.28201324033148467,
        "Improvement": 0.8831187603254426
    }
}