{
    "dataset": "Report(Barbieri2023)",
    "gap_parameters": {
        "gap_type": "overlap",
        "perc": "50.0 %",
        "length": 24,
        "seed": 2024
    },
    "algorithm": "TimesNet",
    "algorithm_parameters": {
        "n_layers": 1,
        "d_model": 64,
        "d_ffn": 128,
        "n_heads": 1,
        "top_k": 3,
        "n_kernels": 4,
        "dropout": 0.2,
        "epochs": 100,
        "batch_size": 32,
        "attn_dropout": 0.5,
        "apply_nonstationary_norm": false,
        "num_workers": 0,
        "patience": 10,
        "lr": 0.005739805989966285,
        "device": "cuda"
    },
    "metrics": {
        "Missing value percentage": 5.6956819739547635,
        "Missing value percentage between 4 and 9": 0.546448087431694,
        "Mean absolute error": 0.21983831851244676,
        "Mean square error": 0.18422746485325242,
        "Root mean square error": 0.4292172699848556,
        "Mean relative error": 0.20922925981326937,
        "Euclidean Distance": 4.2054532010132295,
        "r2 score": 0.7094492305805429,
        "Execution Time": 6.701754331588745
    },
    "vintage_score": {
        "original": {
            "Tmean_apr_sep": 21.284699453551912,
            "Tmin_aug_sep": 18.38196721311475,
            "prec_jun_sep": 132.3,
            "vintage_score": -10.593158555185312
        },
        "missing": {
            "Tmean_apr_sep": 21.276206739526412,
            "Tmin_aug_sep": 18.39344262295082,
            "prec_jun_sep": 128.10000000000002,
            "vintage_score": -10.513432476387464
        },
        "filled": {
            "Tmean_apr_sep": 21.28341102417836,
            "Tmin_aug_sep": 18.39039827197158,
            "prec_jun_sep": 133.23997449632478,
            "vintage_score": -10.594703371438555
        },
        "Deviation missing": 0.7526185734171014,
        "Deviation filled": 0.014583150485248528,
        "Improvement": 0.7380354229318529
    }
}