{
    "dataset": "Report(Barbieri2023)",
    "gap_parameters": {
        "gap_type": "overlap",
        "perc": "50.0 %",
        "length": 12,
        "seed": 2024
    },
    "algorithm": "DynaMMo",
    "algorithm_parameters": {
        "H": 9,
        "max_iter": 100,
        "fast": false
    },
    "metrics": {
        "Missing value percentage": 5.531185743660041,
        "Missing value percentage between 4 and 9": 0.273224043715847,
        "Mean absolute error": 0.11536991662534503,
        "Mean square error": 0.023056737786187956,
        "Root mean square error": 0.15184445260261553,
        "Mean relative error": 0.09772955611734291,
        "Euclidean Distance": 1.0520092270208683,
        "r2 score": 0.9588605071441153,
        "Execution Time": 28.31768035888672
    },
    "vintage_score": {
        "original": {
            "Tmean_apr_sep": 21.284699453551912,
            "Tmin_aug_sep": 18.38196721311475,
            "prec_jun_sep": 132.3,
            "vintage_score": -10.593158555185312
        },
        "missing": {
            "Tmean_apr_sep": 21.27645719489982,
            "Tmin_aug_sep": 18.38196721311475,
            "prec_jun_sep": 132.3,
            "vintage_score": -10.539427061973242
        },
        "filled": {
            "Tmean_apr_sep": 21.28792832459759,
            "Tmin_aug_sep": 18.38196721311475,
            "prec_jun_sep": 132.40268256658294,
            "vintage_score": -10.614943154769975
        },
        "Deviation missing": 0.5072282542751898,
        "Deviation filled": 0.20564781949760938,
        "Improvement": 0.30158043477758045
    }
}