{
    "dataset": "Report(Barbieri2023)",
    "gap_parameters": {
        "gap_type": "overlap",
        "perc": "0.0 %",
        "length": 48,
        "seed": 2025
    },
    "algorithm": "DynaMMo",
    "algorithm_parameters": {
        "H": 9,
        "max_iter": 100,
        "fast": false
    },
    "metrics": {
        "Missing value percentage": 6.024674434544209,
        "Missing value percentage between 4 and 9": 1.092896174863388,
        "Mean absolute error": 0.09221485825803927,
        "Mean square error": 0.015216042608235494,
        "Root mean square error": 0.12335332426909092,
        "Mean relative error": 0.07747467515595029,
        "Euclidean Distance": 1.7092337993326805,
        "r2 score": 0.9767861298391848,
        "Execution Time": 28.782796382904053
    },
    "vintage_score": {
        "original": {
            "Tmean_apr_sep": 21.284699453551912,
            "Tmin_aug_sep": 18.38196721311475,
            "prec_jun_sep": 132.3,
            "vintage_score": -10.593158555185312
        },
        "missing": {
            "Tmean_apr_sep": 21.213792457542457,
            "Tmin_aug_sep": 18.274999999999995,
            "prec_jun_sep": 132.3,
            "vintage_score": -10.090192203314103
        },
        "filled": {
            "Tmean_apr_sep": 21.294370001549613,
            "Tmin_aug_sep": 18.40396672259878,
            "prec_jun_sep": 132.66937428859987,
            "vintage_score": -10.667869654525362
        },
        "Deviation missing": 4.748030054029619,
        "Deviation filled": 0.7052768912203141,
        "Improvement": 4.042753162809305
    }
}