{
    "dataset": "Report(Barbieri2023)",
    "gap_parameters": {
        "gap_type": "overlap",
        "perc": "50.0 %",
        "length": 48,
        "seed": 2024
    },
    "algorithm": "DynaMMo",
    "algorithm_parameters": {
        "H": 9,
        "max_iter": 100,
        "fast": false
    },
    "metrics": {
        "Missing value percentage": 6.024674434544209,
        "Missing value percentage between 4 and 9": 1.092896174863388,
        "Mean absolute error": 0.33981689113729185,
        "Mean square error": 0.7511275929158701,
        "Root mean square error": 0.8666761753480189,
        "Mean relative error": 0.255069843145227,
        "Euclidean Distance": 12.009017355297967,
        "r2 score": 0.927190939396463,
        "Execution Time": 28.2603542804718
    },
    "vintage_score": {
        "original": {
            "Tmean_apr_sep": 21.284699453551912,
            "Tmin_aug_sep": 18.38196721311475,
            "prec_jun_sep": 132.3,
            "vintage_score": -10.593158555185312
        },
        "missing": {
            "Tmean_apr_sep": 21.26070283882784,
            "Tmin_aug_sep": 18.386666666666663,
            "prec_jun_sep": 64.7,
            "vintage_score": -9.971245518472728
        },
        "filled": {
            "Tmean_apr_sep": 21.29848314115913,
            "Tmin_aug_sep": 18.425176151802447,
            "prec_jun_sep": 132.5066317018625,
            "vintage_score": -10.702318521013012
        },
        "Deviation missing": 5.870893307909189,
        "Deviation filled": 1.0304760875524428,
        "Improvement": 4.840417220356747
    }
}