{
    "dataset": "Report(Barbieri2023)",
    "gap_parameters": {
        "gap_type": "overlap",
        "perc": "50.0 %",
        "length": 12,
        "seed": 2023
    },
    "algorithm": "DynaMMo",
    "algorithm_parameters": {
        "H": 9,
        "max_iter": 100,
        "fast": false
    },
    "metrics": {
        "Missing value percentage": 5.531185743660041,
        "Missing value percentage between 4 and 9": 0.273224043715847,
        "Mean absolute error": 0.032392528679821474,
        "Mean square error": 0.0017438938894779996,
        "Root mean square error": 0.04175995557322828,
        "Mean relative error": 0.07197159812633232,
        "Euclidean Distance": 0.28932145909860496,
        "r2 score": 0.990424904784253,
        "Execution Time": 28.707658052444458
    },
    "vintage_score": {
        "original": {
            "Tmean_apr_sep": 21.284699453551912,
            "Tmin_aug_sep": 18.38196721311475,
            "prec_jun_sep": 132.3,
            "vintage_score": -10.593158555185312
        },
        "missing": {
            "Tmean_apr_sep": 21.281407754358572,
            "Tmin_aug_sep": 18.38196721311475,
            "prec_jun_sep": 132.3,
            "vintage_score": -10.571688819836254
        },
        "filled": {
            "Tmean_apr_sep": 21.285160097011815,
            "Tmin_aug_sep": 18.38196721311475,
            "prec_jun_sep": 132.40772487635306,
            "vintage_score": -10.59690946434577
        },
        "Deviation missing": 0.2026754837776734,
        "Deviation filled": 0.03540878899261829,
        "Improvement": 0.1672666947850551
    }
}