{
    "dataset": "Report(Barbieri2023)",
    "gap_parameters": {
        "gap_type": "overlap",
        "perc": "0.0 %",
        "length": 48,
        "seed": 2024
    },
    "algorithm": "DynaMMo",
    "algorithm_parameters": {
        "H": 9,
        "max_iter": 100,
        "fast": false
    },
    "metrics": {
        "Missing value percentage": 6.024674434544209,
        "Missing value percentage between 4 and 9": 1.092896174863388,
        "Mean absolute error": 0.1278877715376548,
        "Mean square error": 0.025566615113162116,
        "Root mean square error": 0.15989563819304803,
        "Mean relative error": 0.1833078625287104,
        "Euclidean Distance": 2.2155789540720843,
        "r2 score": 0.9355804634341668,
        "Execution Time": 28.29780101776123
    },
    "vintage_score": {
        "original": {
            "Tmean_apr_sep": 21.284699453551912,
            "Tmin_aug_sep": 18.38196721311475,
            "prec_jun_sep": 132.3,
            "vintage_score": -10.593158555185312
        },
        "missing": {
            "Tmean_apr_sep": 21.26070283882784,
            "Tmin_aug_sep": 18.386666666666663,
            "prec_jun_sep": 132.3,
            "vintage_score": -10.438902318472714
        },
        "filled": {
            "Tmean_apr_sep": 21.298242283998487,
            "Tmin_aug_sep": 18.42638748841574,
            "prec_jun_sep": 132.94334044346834,
            "vintage_score": -10.704259016699865
        },
        "Deviation missing": 1.4561873676203052,
        "Deviation filled": 1.048794473676314,
        "Improvement": 0.40739289394399125
    }
}