{
    "dataset": "Report(Rebutti2023)",
    "gap_parameters": {
        "gap_type": "overlap",
        "perc": "0.0 %",
        "length": 12,
        "seed": 2024
    },
    "algorithm": "Saits",
    "algorithm_parameters": {
        "n_layers": 1,
        "d_model": 64,
        "d_ffn": 128,
        "n_heads": 1,
        "d_k": 64,
        "d_v": 32,
        "dropout": 0.5,
        "epochs": 100,
        "batch_size": 32,
        "ORT_weight": 1,
        "MIT_weight": 1,
        "attn_dropout": 0.5,
        "diagonal_attention_mask": false,
        "num_workers": 0,
        "patience": 10,
        "lr": 0.0014492869634879434,
        "device": "cuda"
    },
    "metrics": {
        "Missing value percentage": 0.22618231665524333,
        "Missing value percentage between 4 and 9": 0.273224043715847,
        "Mean absolute error": 0.08279829575341643,
        "Mean square error": 0.012185698156483044,
        "Root mean square error": 0.11038884978331391,
        "Mean relative error": 0.06720147947980093,
        "Euclidean Distance": 0.7647963856551614,
        "r2 score": 0.9792792080123447,
        "Execution Time": 6.588207244873047
    },
    "vintage_score": {
        "original": {
            "Tmean_apr_sep": 20.91026867030965,
            "Tmin_aug_sep": 18.283606557377052,
            "prec_jun_sep": 120.3,
            "vintage_score": -8.122098331799663
        },
        "missing": {
            "Tmean_apr_sep": 20.900591985428047,
            "Tmin_aug_sep": 18.283606557377052,
            "prec_jun_sep": 120.3,
            "vintage_score": -8.063945574201085
        },
        "filled": {
            "Tmean_apr_sep": 20.91205243983642,
            "Tmin_aug_sep": 18.283606557377052,
            "prec_jun_sep": 120.1737727391987,
            "vintage_score": -8.131958667934242
        },
        "Deviation missing": 0.7159819448491231,
        "Deviation filled": 0.12140133906005873,
        "Improvement": 0.5945806057890644
    }
}