{
    "dataset": "Report(Rebutti2023)",
    "gap_parameters": {
        "gap_type": "overlap",
        "perc": "50.0 %",
        "length": 48,
        "seed": 2023
    },
    "algorithm": "Saits",
    "algorithm_parameters": {
        "n_layers": 1,
        "d_model": 64,
        "d_ffn": 128,
        "n_heads": 1,
        "d_k": 64,
        "d_v": 32,
        "dropout": 0.5,
        "epochs": 100,
        "batch_size": 32,
        "ORT_weight": 1,
        "MIT_weight": 1,
        "attn_dropout": 0.5,
        "diagonal_attention_mask": false,
        "num_workers": 0,
        "patience": 10,
        "lr": 0.0014492869634879434,
        "device": "cuda"
    },
    "metrics": {
        "Missing value percentage": 0.7196710075394106,
        "Missing value percentage between 4 and 9": 1.092896174863388,
        "Mean absolute error": 0.08952359702583013,
        "Mean square error": 0.01524849357142224,
        "Root mean square error": 0.12348479085062354,
        "Mean relative error": 0.17128169544875038,
        "Euclidean Distance": 1.7110554537223757,
        "r2 score": 0.9443438728905873,
        "Execution Time": 6.595799684524536
    },
    "vintage_score": {
        "original": {
            "Tmean_apr_sep": 20.91026867030965,
            "Tmin_aug_sep": 18.283606557377052,
            "prec_jun_sep": 120.3,
            "vintage_score": -8.122098331799663
        },
        "missing": {
            "Tmean_apr_sep": 20.916042429792427,
            "Tmin_aug_sep": 18.445000000000004,
            "prec_jun_sep": 120.3,
            "vintage_score": -8.222850519237056
        },
        "filled": {
            "Tmean_apr_sep": 20.909128935810067,
            "Tmin_aug_sep": 18.281728150805577,
            "prec_jun_sep": 119.84591395879988,
            "vintage_score": -8.111332958292081
        },
        "Deviation missing": 1.2404699293399133,
        "Deviation filled": 0.1325442400202522,
        "Improvement": 1.1079256893196612
    }
}