{
    "dataset": "Report(Rebutti2023)",
    "gap_parameters": {
        "gap_type": "overlap",
        "perc": "0.0 %",
        "length": 12,
        "seed": 2025
    },
    "algorithm": "Saits",
    "algorithm_parameters": {
        "n_layers": 1,
        "d_model": 64,
        "d_ffn": 128,
        "n_heads": 1,
        "d_k": 64,
        "d_v": 32,
        "dropout": 0.5,
        "epochs": 100,
        "batch_size": 32,
        "ORT_weight": 1,
        "MIT_weight": 1,
        "attn_dropout": 0.5,
        "diagonal_attention_mask": false,
        "num_workers": 0,
        "patience": 10,
        "lr": 0.0014492869634879434,
        "device": "cuda"
    },
    "metrics": {
        "Missing value percentage": 0.22618231665524333,
        "Missing value percentage between 4 and 9": 0.273224043715847,
        "Mean absolute error": 0.14004665799580426,
        "Mean square error": 0.03298804679022368,
        "Root mean square error": 0.1816261181389496,
        "Mean relative error": 0.13069494774174215,
        "Euclidean Distance": 1.258342658392685,
        "r2 score": 0.9251020143685637,
        "Execution Time": 6.576199293136597
    },
    "vintage_score": {
        "original": {
            "Tmean_apr_sep": 20.91026867030965,
            "Tmin_aug_sep": 18.283606557377052,
            "prec_jun_sep": 120.3,
            "vintage_score": -8.122098331799663
        },
        "missing": {
            "Tmean_apr_sep": 20.923507617155156,
            "Tmin_aug_sep": 18.324590163934428,
            "prec_jun_sep": 120.3,
            "vintage_score": -8.218622958597166
        },
        "filled": {
            "Tmean_apr_sep": 20.910236804327198,
            "Tmin_aug_sep": 18.25741728086799,
            "prec_jun_sep": 120.19583105798827,
            "vintage_score": -8.110477186217395
        },
        "Deviation missing": 1.1884198252019407,
        "Deviation filled": 0.14308058222797868,
        "Improvement": 1.045339242973962
    }
}