{
    "dataset": "Report(Rebutti2023)",
    "gap_parameters": {
        "gap_type": "overlap",
        "perc": "100.0 %",
        "length": 12,
        "seed": 2025
    },
    "algorithm": "Saits",
    "algorithm_parameters": {
        "n_layers": 1,
        "d_model": 64,
        "d_ffn": 128,
        "n_heads": 1,
        "d_k": 64,
        "d_v": 32,
        "dropout": 0.5,
        "epochs": 100,
        "batch_size": 32,
        "ORT_weight": 1,
        "MIT_weight": 1,
        "attn_dropout": 0.5,
        "diagonal_attention_mask": false,
        "num_workers": 0,
        "patience": 10,
        "lr": 0.0014492869634879434,
        "device": "cuda"
    },
    "metrics": {
        "Missing value percentage": 0.22618231665524333,
        "Missing value percentage between 4 and 9": 0.273224043715847,
        "Mean absolute error": 0.11947375729166763,
        "Mean square error": 0.027052863092522906,
        "Root mean square error": 0.16447754586119925,
        "Mean relative error": 0.1114958163886488,
        "Euclidean Distance": 1.139533864543361,
        "r2 score": 0.9385776016361939,
        "Execution Time": 6.654658079147339
    },
    "vintage_score": {
        "original": {
            "Tmean_apr_sep": 20.91026867030965,
            "Tmin_aug_sep": 18.283606557377052,
            "prec_jun_sep": 120.3,
            "vintage_score": -8.122098331799663
        },
        "missing": {
            "Tmean_apr_sep": 20.923507617155156,
            "Tmin_aug_sep": 18.324590163934428,
            "prec_jun_sep": 120.3,
            "vintage_score": -8.218622958597166
        },
        "filled": {
            "Tmean_apr_sep": 20.90847199960836,
            "Tmin_aug_sep": 18.266080662928207,
            "prec_jun_sep": 120.25178792720365,
            "vintage_score": -8.103791623074898
        },
        "Deviation missing": 1.1884198252019407,
        "Deviation filled": 0.22539383268841442,
        "Improvement": 0.9630259925135263
    }
}