{
    "dataset": "Report(Rebutti2023)",
    "gap_parameters": {
        "gap_type": "overlap",
        "perc": "0.0 %",
        "length": 24,
        "seed": 2025
    },
    "algorithm": "Saits",
    "algorithm_parameters": {
        "n_layers": 1,
        "d_model": 64,
        "d_ffn": 128,
        "n_heads": 1,
        "d_k": 64,
        "d_v": 32,
        "dropout": 0.5,
        "epochs": 100,
        "batch_size": 32,
        "ORT_weight": 1,
        "MIT_weight": 1,
        "attn_dropout": 0.5,
        "diagonal_attention_mask": false,
        "num_workers": 0,
        "patience": 10,
        "lr": 0.0014492869634879434,
        "device": "cuda"
    },
    "metrics": {
        "Missing value percentage": 0.39067854694996573,
        "Missing value percentage between 4 and 9": 0.546448087431694,
        "Mean absolute error": 0.15886452561877065,
        "Mean square error": 0.04239753982183066,
        "Root mean square error": 0.20590662889239544,
        "Mean relative error": 0.11928589382052099,
        "Euclidean Distance": 2.0174647017719507,
        "r2 score": 0.9452977633590031,
        "Execution Time": 7.397671699523926
    },
    "vintage_score": {
        "original": {
            "Tmean_apr_sep": 20.91026867030965,
            "Tmin_aug_sep": 18.283606557377052,
            "prec_jun_sep": 120.3,
            "vintage_score": -8.122098331799663
        },
        "missing": {
            "Tmean_apr_sep": 20.90110324557046,
            "Tmin_aug_sep": 18.324590163934428,
            "prec_jun_sep": 120.3,
            "vintage_score": -8.083773045041255
        },
        "filled": {
            "Tmean_apr_sep": 20.903780666297447,
            "Tmin_aug_sep": 18.24790879683116,
            "prec_jun_sep": 120.24708275775801,
            "vintage_score": -8.068131246037183
        },
        "Deviation missing": 0.47186435318514125,
        "Deviation filled": 0.6644475794042999,
        "Improvement": -0.19258322621915863
    }
}