{
    "dataset": "Report(Rebutti2023)",
    "gap_parameters": {
        "gap_type": "overlap",
        "perc": "50.0 %",
        "length": 3,
        "seed": 2025
    },
    "algorithm": "Saits",
    "algorithm_parameters": {
        "n_layers": 1,
        "d_model": 64,
        "d_ffn": 128,
        "n_heads": 1,
        "d_k": 64,
        "d_v": 32,
        "dropout": 0.5,
        "epochs": 100,
        "batch_size": 32,
        "ORT_weight": 1,
        "MIT_weight": 1,
        "attn_dropout": 0.5,
        "diagonal_attention_mask": false,
        "num_workers": 0,
        "patience": 10,
        "lr": 0.0014492869634879434,
        "device": "cuda"
    },
    "metrics": {
        "Missing value percentage": 0.10281014393420151,
        "Missing value percentage between 4 and 9": 0.06830601092896176,
        "Mean absolute error": 0.12473266415414269,
        "Mean square error": 0.021017763112513268,
        "Root mean square error": 0.14497504306780967,
        "Mean relative error": 0.10156473730355527,
        "Euclidean Distance": 0.502208280845886,
        "r2 score": 0.9617703784630542,
        "Execution Time": 6.891563415527344
    },
    "vintage_score": {
        "original": {
            "Tmean_apr_sep": 20.91026867030965,
            "Tmin_aug_sep": 18.283606557377052,
            "prec_jun_sep": 120.3,
            "vintage_score": -8.122098331799663
        },
        "missing": {
            "Tmean_apr_sep": 20.911426362700418,
            "Tmin_aug_sep": 18.283606557377052,
            "prec_jun_sep": 120.3,
            "vintage_score": -8.129064086950137
        },
        "filled": {
            "Tmean_apr_sep": 20.909312924026867,
            "Tmin_aug_sep": 18.283606557377052,
            "prec_jun_sep": 120.28966525980374,
            "vintage_score": -8.116277548219045
        },
        "Deviation missing": 0.08576299948502669,
        "Deviation filled": 0.07166600726597544,
        "Improvement": 0.014096992219051252
    }
}