{
    "dataset": "Report(Rebutti2023)",
    "gap_parameters": {
        "gap_type": "overlap",
        "perc": "100.0 %",
        "length": 24,
        "seed": 2024
    },
    "algorithm": "Saits",
    "algorithm_parameters": {
        "n_layers": 1,
        "d_model": 64,
        "d_ffn": 128,
        "n_heads": 1,
        "d_k": 64,
        "d_v": 32,
        "dropout": 0.5,
        "epochs": 100,
        "batch_size": 32,
        "ORT_weight": 1,
        "MIT_weight": 1,
        "attn_dropout": 0.5,
        "diagonal_attention_mask": false,
        "num_workers": 0,
        "patience": 10,
        "lr": 0.0014492869634879434,
        "device": "cuda"
    },
    "metrics": {
        "Missing value percentage": 0.39067854694996573,
        "Missing value percentage between 4 and 9": 0.546448087431694,
        "Mean absolute error": 0.08691991062641066,
        "Mean square error": 0.012826081922528204,
        "Root mean square error": 0.11325229323297699,
        "Mean relative error": 0.08419966842016324,
        "Euclidean Distance": 1.1096413224834052,
        "r2 score": 0.9725070232732438,
        "Execution Time": 6.702462434768677
    },
    "vintage_score": {
        "original": {
            "Tmean_apr_sep": 20.91026867030965,
            "Tmin_aug_sep": 18.283606557377052,
            "prec_jun_sep": 120.3,
            "vintage_score": -8.122098331799663
        },
        "missing": {
            "Tmean_apr_sep": 20.89825819672131,
            "Tmin_aug_sep": 18.283606557377052,
            "prec_jun_sep": 120.3,
            "vintage_score": -8.049939529675811
        },
        "filled": {
            "Tmean_apr_sep": 20.913017366952907,
            "Tmin_aug_sep": 18.257676700254663,
            "prec_jun_sep": 119.86145524541001,
            "vintage_score": -8.125003447847718
        },
        "Deviation missing": 0.8884256158452968,
        "Deviation filled": 0.03576804822321296,
        "Improvement": 0.8526575676220838
    }
}