{
    "dataset": "Report(Rebutti2023)",
    "gap_parameters": {
        "gap_type": "overlap",
        "perc": "50.0 %",
        "length": 12,
        "seed": 2024
    },
    "algorithm": "Saits",
    "algorithm_parameters": {
        "n_layers": 1,
        "d_model": 64,
        "d_ffn": 128,
        "n_heads": 1,
        "d_k": 64,
        "d_v": 32,
        "dropout": 0.5,
        "epochs": 100,
        "batch_size": 32,
        "ORT_weight": 1,
        "MIT_weight": 1,
        "attn_dropout": 0.5,
        "diagonal_attention_mask": false,
        "num_workers": 0,
        "patience": 10,
        "lr": 0.0014492869634879434,
        "device": "cuda"
    },
    "metrics": {
        "Missing value percentage": 0.22618231665524333,
        "Missing value percentage between 4 and 9": 0.273224043715847,
        "Mean absolute error": 0.09654821028591526,
        "Mean square error": 0.01774014857065331,
        "Root mean square error": 0.13319214905786794,
        "Mean relative error": 0.07836130578898688,
        "Euclidean Distance": 0.9227822773500673,
        "r2 score": 0.9698343153061737,
        "Execution Time": 6.808963775634766
    },
    "vintage_score": {
        "original": {
            "Tmean_apr_sep": 20.91026867030965,
            "Tmin_aug_sep": 18.283606557377052,
            "prec_jun_sep": 120.3,
            "vintage_score": -8.122098331799663
        },
        "missing": {
            "Tmean_apr_sep": 20.900591985428047,
            "Tmin_aug_sep": 18.283606557377052,
            "prec_jun_sep": 120.3,
            "vintage_score": -8.063945574201085
        },
        "filled": {
            "Tmean_apr_sep": 20.91387305329678,
            "Tmin_aug_sep": 18.283606557377052,
            "prec_jun_sep": 120.32784876598626,
            "vintage_score": -8.143984301004167
        },
        "Deviation missing": 0.7159819448491231,
        "Deviation filled": 0.2694620073585708,
        "Improvement": 0.44651993749055235
    }
}