{
    "dataset": "Report(Rebutti2023)",
    "gap_parameters": {
        "gap_type": "overlap",
        "perc": "50.0 %",
        "length": 6,
        "seed": 2025
    },
    "algorithm": "Saits",
    "algorithm_parameters": {
        "n_layers": 1,
        "d_model": 64,
        "d_ffn": 128,
        "n_heads": 1,
        "d_k": 64,
        "d_v": 32,
        "dropout": 0.5,
        "epochs": 100,
        "batch_size": 32,
        "ORT_weight": 1,
        "MIT_weight": 1,
        "attn_dropout": 0.5,
        "diagonal_attention_mask": false,
        "num_workers": 0,
        "patience": 10,
        "lr": 0.0014492869634879434,
        "device": "cuda"
    },
    "metrics": {
        "Missing value percentage": 0.1439342015078821,
        "Missing value percentage between 4 and 9": 0.1366120218579235,
        "Mean absolute error": 0.1991380105044997,
        "Mean square error": 0.05418694003554893,
        "Root mean square error": 0.23278088417125004,
        "Mean relative error": 0.1701980354588231,
        "Euclidean Distance": 1.1403887761869758,
        "r2 score": 0.8929169326224117,
        "Execution Time": 6.850383758544922
    },
    "vintage_score": {
        "original": {
            "Tmean_apr_sep": 20.91026867030965,
            "Tmin_aug_sep": 18.283606557377052,
            "prec_jun_sep": 120.3,
            "vintage_score": -8.122098331799663
        },
        "missing": {
            "Tmean_apr_sep": 20.91334368272893,
            "Tmin_aug_sep": 18.283606557377052,
            "prec_jun_sep": 120.3,
            "vintage_score": -8.140604472364004
        },
        "filled": {
            "Tmean_apr_sep": 20.907325062277692,
            "Tmin_aug_sep": 18.26278638986633,
            "prec_jun_sep": 120.20263077995654,
            "vintage_score": -8.09520807614419
        },
        "Deviation missing": 0.22784925530740835,
        "Deviation filled": 0.331075229047557,
        "Improvement": -0.10322597374014864
    }
}