{
    "dataset": "Report(Rebutti2023)",
    "gap_parameters": {
        "gap_type": "overlap",
        "perc": "0.0 %",
        "length": 12,
        "seed": 2023
    },
    "algorithm": "Saits",
    "algorithm_parameters": {
        "n_layers": 1,
        "d_model": 64,
        "d_ffn": 128,
        "n_heads": 1,
        "d_k": 64,
        "d_v": 32,
        "dropout": 0.5,
        "epochs": 100,
        "batch_size": 32,
        "ORT_weight": 1,
        "MIT_weight": 1,
        "attn_dropout": 0.5,
        "diagonal_attention_mask": false,
        "num_workers": 0,
        "patience": 10,
        "lr": 0.0014492869634879434,
        "device": "cuda"
    },
    "metrics": {
        "Missing value percentage": 0.22618231665524333,
        "Missing value percentage between 4 and 9": 0.273224043715847,
        "Mean absolute error": 0.06889889107226514,
        "Mean square error": 0.008814395925754908,
        "Root mean square error": 0.0938850143833131,
        "Mean relative error": 0.13143582923381075,
        "Euclidean Distance": 0.6504544599249392,
        "r2 score": 0.9603562567703063,
        "Execution Time": 6.95414400100708
    },
    "vintage_score": {
        "original": {
            "Tmean_apr_sep": 20.91026867030965,
            "Tmin_aug_sep": 18.283606557377052,
            "prec_jun_sep": 120.3,
            "vintage_score": -8.122098331799663
        },
        "missing": {
            "Tmean_apr_sep": 20.907825266718707,
            "Tmin_aug_sep": 18.283606557377052,
            "prec_jun_sep": 120.3,
            "vintage_score": -8.107402515639222
        },
        "filled": {
            "Tmean_apr_sep": 20.909719731663575,
            "Tmin_aug_sep": 18.283606557377052,
            "prec_jun_sep": 120.25168764948339,
            "vintage_score": -8.118461817153388
        },
        "Deviation missing": 0.18093620096795854,
        "Deviation filled": 0.044773093081581436,
        "Improvement": 0.1361631078863771
    }
}