{
    "dataset": "Report(Rebutti2023)",
    "gap_parameters": {
        "gap_type": "overlap",
        "perc": "50.0 %",
        "length": 48,
        "seed": 2025
    },
    "algorithm": "Saits",
    "algorithm_parameters": {
        "n_layers": 1,
        "d_model": 64,
        "d_ffn": 128,
        "n_heads": 1,
        "d_k": 64,
        "d_v": 32,
        "dropout": 0.5,
        "epochs": 100,
        "batch_size": 32,
        "ORT_weight": 1,
        "MIT_weight": 1,
        "attn_dropout": 0.5,
        "diagonal_attention_mask": false,
        "num_workers": 0,
        "patience": 10,
        "lr": 0.0014492869634879434,
        "device": "cuda"
    },
    "metrics": {
        "Missing value percentage": 0.7196710075394106,
        "Missing value percentage between 4 and 9": 1.092896174863388,
        "Mean absolute error": 0.18676823405928017,
        "Mean square error": 0.33942023860175785,
        "Root mean square error": 0.5825978360771329,
        "Mean relative error": 0.1465202766578405,
        "Euclidean Distance": 8.072712419722249,
        "r2 score": 0.5748409710535328,
        "Execution Time": 6.748900651931763
    },
    "vintage_score": {
        "original": {
            "Tmean_apr_sep": 20.91026867030965,
            "Tmin_aug_sep": 18.283606557377052,
            "prec_jun_sep": 120.3,
            "vintage_score": -8.122098331799663
        },
        "missing": {
            "Tmean_apr_sep": 20.840417915417916,
            "Tmin_aug_sep": 18.15666666666667,
            "prec_jun_sep": 114.2,
            "vintage_score": -7.6110734787627905
        },
        "filled": {
            "Tmean_apr_sep": 20.907663817815322,
            "Tmin_aug_sep": 18.221012425520318,
            "prec_jun_sep": 113.64953156095441,
            "vintage_score": -8.034829087881349
        },
        "Deviation missing": 6.291783627343025,
        "Deviation filled": 1.0744667246472164,
        "Improvement": 5.217316902695809
    }
}