{
    "dataset": "Report(Rebutti2023)",
    "gap_parameters": {
        "gap_type": "overlap",
        "perc": "50.0 %",
        "length": 3,
        "seed": 2023
    },
    "algorithm": "Saits",
    "algorithm_parameters": {
        "n_layers": 1,
        "d_model": 64,
        "d_ffn": 128,
        "n_heads": 1,
        "d_k": 64,
        "d_v": 32,
        "dropout": 0.5,
        "epochs": 100,
        "batch_size": 32,
        "ORT_weight": 1,
        "MIT_weight": 1,
        "attn_dropout": 0.5,
        "diagonal_attention_mask": false,
        "num_workers": 0,
        "patience": 10,
        "lr": 0.0014492869634879434,
        "device": "cuda"
    },
    "metrics": {
        "Missing value percentage": 0.10281014393420151,
        "Missing value percentage between 4 and 9": 0.06830601092896176,
        "Mean absolute error": 0.05352774824890658,
        "Mean square error": 0.004003396711535982,
        "Root mean square error": 0.0632724008674871,
        "Mean relative error": 0.05799807673803668,
        "Euclidean Distance": 0.21918202603871464,
        "r2 score": 0.9874825168911066,
        "Execution Time": 6.716542482376099
    },
    "vintage_score": {
        "original": {
            "Tmean_apr_sep": 20.91026867030965,
            "Tmin_aug_sep": 18.283606557377052,
            "prec_jun_sep": 120.3,
            "vintage_score": -8.122098331799663
        },
        "missing": {
            "Tmean_apr_sep": 20.906567135050743,
            "Tmin_aug_sep": 18.283606557377052,
            "prec_jun_sep": 120.3,
            "vintage_score": -8.099838662724466
        },
        "filled": {
            "Tmean_apr_sep": 20.90984310479406,
            "Tmin_aug_sep": 18.283606557377052,
            "prec_jun_sep": 120.30203917697126,
            "vintage_score": -8.11955229801012
        },
        "Deviation missing": 0.27406303353957107,
        "Deviation filled": 0.03134699538879252,
        "Improvement": 0.24271603815077855
    }
}