{
    "dataset": "Report(Rebutti2023)",
    "gap_parameters": {
        "gap_type": "overlap",
        "perc": "0.0 %",
        "length": 6,
        "seed": 2023
    },
    "algorithm": "Saits",
    "algorithm_parameters": {
        "n_layers": 1,
        "d_model": 64,
        "d_ffn": 128,
        "n_heads": 1,
        "d_k": 64,
        "d_v": 32,
        "dropout": 0.5,
        "epochs": 100,
        "batch_size": 32,
        "ORT_weight": 1,
        "MIT_weight": 1,
        "attn_dropout": 0.5,
        "diagonal_attention_mask": false,
        "num_workers": 0,
        "patience": 10,
        "lr": 0.0014492869634879434,
        "device": "cuda"
    },
    "metrics": {
        "Missing value percentage": 0.1439342015078821,
        "Missing value percentage between 4 and 9": 0.1366120218579235,
        "Mean absolute error": 0.05532987306928347,
        "Mean square error": 0.0045921815955024415,
        "Root mean square error": 0.06776563727659057,
        "Mean relative error": 0.07143334529447073,
        "Euclidean Distance": 0.3319824668443549,
        "r2 score": 0.9833287519476862,
        "Execution Time": 7.204891920089722
    },
    "vintage_score": {
        "original": {
            "Tmean_apr_sep": 20.91026867030965,
            "Tmin_aug_sep": 18.283606557377052,
            "prec_jun_sep": 120.3,
            "vintage_score": -8.122098331799663
        },
        "missing": {
            "Tmean_apr_sep": 20.90454614450516,
            "Tmin_aug_sep": 18.283606557377052,
            "prec_jun_sep": 120.3,
            "vintage_score": -8.087693023045261
        },
        "filled": {
            "Tmean_apr_sep": 20.91035129767299,
            "Tmin_aug_sep": 18.283606557377052,
            "prec_jun_sep": 120.15805416324774,
            "vintage_score": -8.121613453323533
        },
        "Deviation missing": 0.4236012339286439,
        "Deviation filled": 0.005969867099871556,
        "Improvement": 0.41763136682877233
    }
}