{
    "dataset": "Report(Rebutti2023)",
    "gap_parameters": {
        "gap_type": "overlap",
        "perc": "50.0 %",
        "length": 6,
        "seed": 2023
    },
    "algorithm": "Nonstationary_Transformer",
    "algorithm_parameters": {
        "n_layers": 2,
        "d_model": 256,
        "d_ffn": 128,
        "n_heads": 2,
        "n_projector_hidden_layers": 2,
        "d_projector_hidden": [
            32,
            32
        ],
        "dropout": 0.4,
        "epochs": 100,
        "batch_size": 32,
        "ORT_weight": 1,
        "MIT_weight": 1,
        "num_workers": 0,
        "patience": 10,
        "lr": 0.008561435614770999,
        "device": "cuda"
    },
    "metrics": {
        "Missing value percentage": 0.1439342015078821,
        "Missing value percentage between 4 and 9": 0.1366120218579235,
        "Mean absolute error": 0.35659580446408096,
        "Mean square error": 0.19005670252701307,
        "Root mean square error": 0.4359549317613153,
        "Mean relative error": 0.46038116152815783,
        "Euclidean Distance": 2.135734267330209,
        "r2 score": 0.31002675614225494,
        "Execution Time": 13.870325803756714
    },
    "vintage_score": {
        "original": {
            "Tmean_apr_sep": 20.91026867030965,
            "Tmin_aug_sep": 18.283606557377052,
            "prec_jun_sep": 120.3,
            "vintage_score": -8.122098331799663
        },
        "missing": {
            "Tmean_apr_sep": 20.90454614450516,
            "Tmin_aug_sep": 18.283606557377052,
            "prec_jun_sep": 120.3,
            "vintage_score": -8.087693023045261
        },
        "filled": {
            "Tmean_apr_sep": 20.9050252187843,
            "Tmin_aug_sep": 18.27279366071235,
            "prec_jun_sep": 120.29764144025476,
            "vintage_score": -8.086133926203559
        },
        "Deviation missing": 0.4236012339286439,
        "Deviation filled": 0.44279697347785363,
        "Improvement": -0.019195739549209723
    }
}