{
    "dataset": "Report(Rebutti2023)",
    "gap_parameters": {
        "gap_type": "overlap",
        "perc": "100.0 %",
        "length": 12,
        "seed": 2024
    },
    "algorithm": "Nonstationary_Transformer",
    "algorithm_parameters": {
        "n_layers": 2,
        "d_model": 256,
        "d_ffn": 128,
        "n_heads": 2,
        "n_projector_hidden_layers": 2,
        "d_projector_hidden": [
            32,
            32
        ],
        "dropout": 0.4,
        "epochs": 100,
        "batch_size": 32,
        "ORT_weight": 1,
        "MIT_weight": 1,
        "num_workers": 0,
        "patience": 10,
        "lr": 0.008561435614770999,
        "device": "cuda"
    },
    "metrics": {
        "Missing value percentage": 0.22618231665524333,
        "Missing value percentage between 4 and 9": 0.273224043715847,
        "Mean absolute error": 0.16475262657305864,
        "Mean square error": 0.04918917082867503,
        "Root mean square error": 0.22178631794742215,
        "Mean relative error": 0.13371797273298186,
        "Euclidean Distance": 1.5365806844342573,
        "r2 score": 0.9163578020973742,
        "Execution Time": 11.853256464004517
    },
    "vintage_score": {
        "original": {
            "Tmean_apr_sep": 20.91026867030965,
            "Tmin_aug_sep": 18.283606557377052,
            "prec_jun_sep": 120.3,
            "vintage_score": -8.122098331799663
        },
        "missing": {
            "Tmean_apr_sep": 20.900591985428047,
            "Tmin_aug_sep": 18.283606557377052,
            "prec_jun_sep": 120.3,
            "vintage_score": -8.063945574201085
        },
        "filled": {
            "Tmean_apr_sep": 20.910041057301214,
            "Tmin_aug_sep": 18.28101276993144,
            "prec_jun_sep": 120.51140624191831,
            "vintage_score": -8.121130922842696
        },
        "Deviation missing": 0.7159819448491231,
        "Deviation filled": 0.011910825472027558,
        "Improvement": 0.7040711193770955
    }
}