{
    "dataset": "Report(Rebutti2023)",
    "gap_parameters": {
        "gap_type": "overlap",
        "perc": "50.0 %",
        "length": 6,
        "seed": 2025
    },
    "algorithm": "Nonstationary_Transformer",
    "algorithm_parameters": {
        "n_layers": 2,
        "d_model": 256,
        "d_ffn": 128,
        "n_heads": 2,
        "n_projector_hidden_layers": 2,
        "d_projector_hidden": [
            32,
            32
        ],
        "dropout": 0.4,
        "epochs": 100,
        "batch_size": 32,
        "ORT_weight": 1,
        "MIT_weight": 1,
        "num_workers": 0,
        "patience": 10,
        "lr": 0.008561435614770999,
        "device": "cuda"
    },
    "metrics": {
        "Missing value percentage": 0.1439342015078821,
        "Missing value percentage between 4 and 9": 0.1366120218579235,
        "Mean absolute error": 0.17998395477287837,
        "Mean square error": 0.040539426411161636,
        "Root mean square error": 0.20134404985288648,
        "Mean relative error": 0.15382756631367164,
        "Euclidean Distance": 0.9863803697701611,
        "r2 score": 0.9198868560028068,
        "Execution Time": 11.93958067893982
    },
    "vintage_score": {
        "original": {
            "Tmean_apr_sep": 20.91026867030965,
            "Tmin_aug_sep": 18.283606557377052,
            "prec_jun_sep": 120.3,
            "vintage_score": -8.122098331799663
        },
        "missing": {
            "Tmean_apr_sep": 20.91334368272893,
            "Tmin_aug_sep": 18.283606557377052,
            "prec_jun_sep": 120.3,
            "vintage_score": -8.140604472364004
        },
        "filled": {
            "Tmean_apr_sep": 20.90867220268749,
            "Tmin_aug_sep": 18.26640775004475,
            "prec_jun_sep": 120.65432325340859,
            "vintage_score": -8.107914097851761
        },
        "Deviation missing": 0.22784925530740835,
        "Deviation filled": 0.1746375550806507,
        "Improvement": 0.05321170022675764
    }
}