{
    "dataset": "Report(Rebutti2023)",
    "gap_parameters": {
        "gap_type": "overlap",
        "perc": "0.0 %",
        "length": 6,
        "seed": 2024
    },
    "algorithm": "Nonstationary_Transformer",
    "algorithm_parameters": {
        "n_layers": 2,
        "d_model": 256,
        "d_ffn": 128,
        "n_heads": 2,
        "n_projector_hidden_layers": 2,
        "d_projector_hidden": [
            32,
            32
        ],
        "dropout": 0.4,
        "epochs": 100,
        "batch_size": 32,
        "ORT_weight": 1,
        "MIT_weight": 1,
        "num_workers": 0,
        "patience": 10,
        "lr": 0.008561435614770999,
        "device": "cuda"
    },
    "metrics": {
        "Missing value percentage": 0.1439342015078821,
        "Missing value percentage between 4 and 9": 0.1366120218579235,
        "Mean absolute error": 0.18895425724634088,
        "Mean square error": 0.043980318615302355,
        "Root mean square error": 0.20971485072665302,
        "Mean relative error": 0.14989252817448995,
        "Euclidean Distance": 1.0273887515285052,
        "r2 score": 0.9294349269045954,
        "Execution Time": 13.988268375396729
    },
    "vintage_score": {
        "original": {
            "Tmean_apr_sep": 20.91026867030965,
            "Tmin_aug_sep": 18.283606557377052,
            "prec_jun_sep": 120.3,
            "vintage_score": -8.122098331799663
        },
        "missing": {
            "Tmean_apr_sep": 20.90640558591378,
            "Tmin_aug_sep": 18.283606557377052,
            "prec_jun_sep": 120.3,
            "vintage_score": -8.098867589492698
        },
        "filled": {
            "Tmean_apr_sep": 20.91296170988557,
            "Tmin_aug_sep": 18.283606557377052,
            "prec_jun_sep": 120.097317999038,
            "vintage_score": -8.136902818325808
        },
        "Deviation missing": 0.2860189738901724,
        "Deviation filled": 0.1822741602152592,
        "Improvement": 0.1037448136749132
    }
}