{
    "dataset": "Report(Rebutti2023)",
    "gap_parameters": {
        "gap_type": "overlap",
        "perc": "0.0 %",
        "length": 6,
        "seed": 2023
    },
    "algorithm": "Nonstationary_Transformer",
    "algorithm_parameters": {
        "n_layers": 2,
        "d_model": 256,
        "d_ffn": 128,
        "n_heads": 2,
        "n_projector_hidden_layers": 2,
        "d_projector_hidden": [
            32,
            32
        ],
        "dropout": 0.4,
        "epochs": 100,
        "batch_size": 32,
        "ORT_weight": 1,
        "MIT_weight": 1,
        "num_workers": 0,
        "patience": 10,
        "lr": 0.008561435614770999,
        "device": "cuda"
    },
    "metrics": {
        "Missing value percentage": 0.1439342015078821,
        "Missing value percentage between 4 and 9": 0.1366120218579235,
        "Mean absolute error": 0.08485520450003431,
        "Mean square error": 0.010794547345851018,
        "Root mean square error": 0.10389681104755341,
        "Mean relative error": 0.10955187111117613,
        "Euclidean Distance": 0.5089883459377387,
        "r2 score": 0.9608119642761126,
        "Execution Time": 10.618173599243164
    },
    "vintage_score": {
        "original": {
            "Tmean_apr_sep": 20.91026867030965,
            "Tmin_aug_sep": 18.283606557377052,
            "prec_jun_sep": 120.3,
            "vintage_score": -8.122098331799663
        },
        "missing": {
            "Tmean_apr_sep": 20.90454614450516,
            "Tmin_aug_sep": 18.283606557377052,
            "prec_jun_sep": 120.3,
            "vintage_score": -8.087693023045261
        },
        "filled": {
            "Tmean_apr_sep": 20.911097280155705,
            "Tmin_aug_sep": 18.283606557377052,
            "prec_jun_sep": 120.16740155625574,
            "vintage_score": -8.126166518824846
        },
        "Deviation missing": 0.4236012339286439,
        "Deviation filled": 0.05008788196093737,
        "Improvement": 0.3735133519677065
    }
}