{
    "dataset": "Report(Rebutti2023)",
    "gap_parameters": {
        "gap_type": "overlap",
        "perc": "50.0 %",
        "length": 48,
        "seed": 2024
    },
    "algorithm": "Nonstationary_Transformer",
    "algorithm_parameters": {
        "n_layers": 2,
        "d_model": 256,
        "d_ffn": 128,
        "n_heads": 2,
        "n_projector_hidden_layers": 2,
        "d_projector_hidden": [
            32,
            32
        ],
        "dropout": 0.4,
        "epochs": 100,
        "batch_size": 32,
        "ORT_weight": 1,
        "MIT_weight": 1,
        "num_workers": 0,
        "patience": 10,
        "lr": 0.008561435614770999,
        "device": "cuda"
    },
    "metrics": {
        "Missing value percentage": 0.7196710075394106,
        "Missing value percentage between 4 and 9": 1.092896174863388,
        "Mean absolute error": 0.7589220854220952,
        "Mean square error": 7.947222403902102,
        "Root mean square error": 2.819081837035261,
        "Mean relative error": 0.5287038814549945,
        "Euclidean Distance": 39.062343779517526,
        "r2 score": 0.20747215613045444,
        "Execution Time": 13.318275928497314
    },
    "vintage_score": {
        "original": {
            "Tmean_apr_sep": 20.91026867030965,
            "Tmin_aug_sep": 18.283606557377052,
            "prec_jun_sep": 120.3,
            "vintage_score": -8.122098331799663
        },
        "missing": {
            "Tmean_apr_sep": 20.883550824175824,
            "Tmin_aug_sep": 18.281666666666673,
            "prec_jun_sep": 53.0,
            "vintage_score": -7.495469977554762
        },
        "filled": {
            "Tmean_apr_sep": 20.938662552725038,
            "Tmin_aug_sep": 18.30720046890131,
            "prec_jun_sep": 81.30206504611577,
            "vintage_score": -8.033327296124668
        },
        "Deviation missing": 7.715104258114226,
        "Deviation filled": 1.0929569188720392,
        "Improvement": 6.622147339242187
    }
}