{
    "dataset": "Report(Rebutti2023)",
    "gap_parameters": {
        "gap_type": "overlap",
        "perc": "50.0 %",
        "length": 3,
        "seed": 2024
    },
    "algorithm": "Nonstationary_Transformer",
    "algorithm_parameters": {
        "n_layers": 2,
        "d_model": 256,
        "d_ffn": 128,
        "n_heads": 2,
        "n_projector_hidden_layers": 2,
        "d_projector_hidden": [
            32,
            32
        ],
        "dropout": 0.4,
        "epochs": 100,
        "batch_size": 32,
        "ORT_weight": 1,
        "MIT_weight": 1,
        "num_workers": 0,
        "patience": 10,
        "lr": 0.008561435614770999,
        "device": "cuda"
    },
    "metrics": {
        "Missing value percentage": 0.10281014393420151,
        "Missing value percentage between 4 and 9": 0.06830601092896176,
        "Mean absolute error": 0.11555330360802304,
        "Mean square error": 0.019918697834762245,
        "Root mean square error": 0.1411336169548639,
        "Mean relative error": 0.10406393701016473,
        "Euclidean Distance": 0.4889011904435976,
        "r2 score": 0.9586757740259468,
        "Execution Time": 13.87002682685852
    },
    "vintage_score": {
        "original": {
            "Tmean_apr_sep": 20.91026867030965,
            "Tmin_aug_sep": 18.283606557377052,
            "prec_jun_sep": 120.3,
            "vintage_score": -8.122098331799663
        },
        "missing": {
            "Tmean_apr_sep": 20.909940150923756,
            "Tmin_aug_sep": 18.283606557377052,
            "prec_jun_sep": 120.3,
            "vintage_score": -8.120121984867723
        },
        "filled": {
            "Tmean_apr_sep": 20.910644559835312,
            "Tmin_aug_sep": 18.283606557377052,
            "prec_jun_sep": 120.46878081533917,
            "vintage_score": -8.125527459253675
        },
        "Deviation missing": 0.0243329599224654,
        "Deviation filled": 0.04221972344987046,
        "Improvement": -0.01788676352740506
    }
}