{
    "dataset": "Report(Rebutti2023)",
    "gap_parameters": {
        "gap_type": "overlap",
        "perc": "0.0 %",
        "length": 48,
        "seed": 2023
    },
    "algorithm": "Nonstationary_Transformer",
    "algorithm_parameters": {
        "n_layers": 2,
        "d_model": 256,
        "d_ffn": 128,
        "n_heads": 2,
        "n_projector_hidden_layers": 2,
        "d_projector_hidden": [
            32,
            32
        ],
        "dropout": 0.4,
        "epochs": 100,
        "batch_size": 32,
        "ORT_weight": 1,
        "MIT_weight": 1,
        "num_workers": 0,
        "patience": 10,
        "lr": 0.008561435614770999,
        "device": "cuda"
    },
    "metrics": {
        "Missing value percentage": 0.7196710075394106,
        "Missing value percentage between 4 and 9": 1.092896174863388,
        "Mean absolute error": 0.2585903030535568,
        "Mean square error": 0.10054698667337708,
        "Root mean square error": 0.3170914484393691,
        "Mean relative error": 0.4947498425564818,
        "Euclidean Distance": 4.393747994740766,
        "r2 score": 0.6330092645184526,
        "Execution Time": 14.035802841186523
    },
    "vintage_score": {
        "original": {
            "Tmean_apr_sep": 20.91026867030965,
            "Tmin_aug_sep": 18.283606557377052,
            "prec_jun_sep": 120.3,
            "vintage_score": -8.122098331799663
        },
        "missing": {
            "Tmean_apr_sep": 20.916042429792427,
            "Tmin_aug_sep": 18.445000000000004,
            "prec_jun_sep": 120.3,
            "vintage_score": -8.222850519237056
        },
        "filled": {
            "Tmean_apr_sep": 20.885485721149404,
            "Tmin_aug_sep": 18.197047527005246,
            "prec_jun_sep": 121.78535643236958,
            "vintage_score": -7.948299266127833
        },
        "Deviation missing": 1.2404699293399133,
        "Deviation filled": 2.139829617567802,
        "Improvement": -0.8993596882278887
    }
}