{
    "dataset": "Report(Bertelegni2023)",
    "gap_parameters": {
        "gap_type": "overlap",
        "perc": "0.0 %",
        "length": 24,
        "seed": 2025
    },
    "algorithm": "CDMissingValueRecovery",
    "algorithm_parameters": {
        "truncation": 4,
        "eps": 0.005443562636928096
    },
    "metrics": {
        "Missing value percentage": 1.7272104180945853,
        "Missing value percentage between 4 and 9": 0.546448087431694,
        "Mean absolute error": 0.10173332051678939,
        "Mean square error": 0.018742572708594293,
        "Root mean square error": 0.136903516056361,
        "Mean relative error": 0.0803528502135377,
        "Euclidean Distance": 1.3413750333240406,
        "r2 score": 0.9783508846505367,
        "Execution Time": 0.4157235622406006
    },
    "vintage_score": {
        "original": {
            "Tmean_apr_sep": 20.354001429188713,
            "Tmin_aug_sep": 16.15245901639344,
            "prec_jun_sep": 125.0,
            "vintage_score": -4.14670757438347
        },
        "missing": {
            "Tmean_apr_sep": 20.353955891848095,
            "Tmin_aug_sep": 16.277049180327868,
            "prec_jun_sep": 125.0,
            "vintage_score": -4.197412933990904
        },
        "filled": {
            "Tmean_apr_sep": 20.31141567879442,
            "Tmin_aug_sep": 16.162513929101017,
            "prec_jun_sep": 124.93734073897826,
            "vintage_score": -3.927584646753388
        },
        "Deviation missing": 1.2227859982379665,
        "Deviation filled": 5.284262844665644,
        "Improvement": -4.061476846427677
    }
}