{
    "dataset": "Report(Bertelegni2023)",
    "gap_parameters": {
        "gap_type": "overlap",
        "perc": "0.0 %",
        "length": 12,
        "seed": 2024
    },
    "algorithm": "CDMissingValueRecovery",
    "algorithm_parameters": {
        "truncation": 4,
        "eps": 0.005443562636928096
    },
    "metrics": {
        "Missing value percentage": 1.562714187799863,
        "Missing value percentage between 4 and 9": 0.273224043715847,
        "Mean absolute error": 0.19971139828133808,
        "Mean square error": 0.06718130862600499,
        "Root mean square error": 0.2591935736587715,
        "Mean relative error": 0.14373761671970411,
        "Euclidean Distance": 1.7957457542893724,
        "r2 score": 0.9097174253444964,
        "Execution Time": 0.3399019241333008
    },
    "vintage_score": {
        "original": {
            "Tmean_apr_sep": 20.354001429188713,
            "Tmin_aug_sep": 16.15245901639344,
            "prec_jun_sep": 125.0,
            "vintage_score": -4.14670757438347
        },
        "missing": {
            "Tmean_apr_sep": 20.33799505396103,
            "Tmin_aug_sep": 16.15245901639344,
            "prec_jun_sep": 125.0,
            "vintage_score": -4.0626762555019695
        },
        "filled": {
            "Tmean_apr_sep": 20.306103552510464,
            "Tmin_aug_sep": 16.15245901639344,
            "prec_jun_sep": 124.96595528803499,
            "vintage_score": -3.896051833805558
        },
        "Deviation missing": 2.0264587597304597,
        "Deviation filled": 6.044692954148794,
        "Improvement": -4.018234194418334
    }
}