{
    "dataset": "Report(Bertelegni2023)",
    "gap_parameters": {
        "gap_type": "overlap",
        "perc": "0.0 %",
        "length": 6,
        "seed": 2024
    },
    "algorithm": "CDMissingValueRecovery",
    "algorithm_parameters": {
        "truncation": 4,
        "eps": 0.005443562636928096
    },
    "metrics": {
        "Missing value percentage": 1.4804660726525016,
        "Missing value percentage between 4 and 9": 0.1366120218579235,
        "Mean absolute error": 0.18958259920428866,
        "Mean square error": 0.05325931365745586,
        "Root mean square error": 0.2307797947339755,
        "Mean relative error": 0.13115738798623,
        "Euclidean Distance": 1.1305854800849842,
        "r2 score": 0.9332481183703885,
        "Execution Time": 0.3924856185913086
    },
    "vintage_score": {
        "original": {
            "Tmean_apr_sep": 20.354001429188713,
            "Tmin_aug_sep": 16.15245901639344,
            "prec_jun_sep": 125.0,
            "vintage_score": -4.14670757438347
        },
        "missing": {
            "Tmean_apr_sep": 20.347588253718165,
            "Tmin_aug_sep": 16.15245901639344,
            "prec_jun_sep": 125.0,
            "vintage_score": -4.112997490985549
        },
        "filled": {
            "Tmean_apr_sep": 20.309284137794485,
            "Tmin_aug_sep": 16.15245901639344,
            "prec_jun_sep": 124.9746028418746,
            "vintage_score": -3.912643857209247
        },
        "Deviation missing": 0.8129361136089441,
        "Deviation filled": 5.644567719705277,
        "Improvement": -4.831631606096333
    }
}