{
    "dataset": "Report(Bertelegni2023)",
    "gap_parameters": {
        "gap_type": "overlap",
        "perc": "50.0 %",
        "length": 3,
        "seed": 2025
    },
    "algorithm": "CDMissingValueRecovery",
    "algorithm_parameters": {
        "truncation": 4,
        "eps": 0.005443562636928096
    },
    "metrics": {
        "Missing value percentage": 1.4393420150788212,
        "Missing value percentage between 4 and 9": 0.06830601092896176,
        "Mean absolute error": 0.11920131322202138,
        "Mean square error": 0.021944080015160468,
        "Root mean square error": 0.14813534357188518,
        "Mean relative error": 0.11843887940999043,
        "Euclidean Distance": 0.513155882926375,
        "r2 score": 0.9420580837559701,
        "Execution Time": 0.40104246139526367
    },
    "vintage_score": {
        "original": {
            "Tmean_apr_sep": 20.354001429188713,
            "Tmin_aug_sep": 16.15245901639344,
            "prec_jun_sep": 125.0,
            "vintage_score": -4.14670757438347
        },
        "missing": {
            "Tmean_apr_sep": 20.356307994485302,
            "Tmin_aug_sep": 16.15245901639344,
            "prec_jun_sep": 125.0,
            "vintage_score": -4.158845413171321
        },
        "filled": {
            "Tmean_apr_sep": 20.31292783763636,
            "Tmin_aug_sep": 16.15245901639344,
            "prec_jun_sep": 125.00013508741297,
            "vintage_score": -3.931776771874354
        },
        "Deviation missing": 0.29271026640106024,
        "Deviation filled": 5.1831675770161265,
        "Improvement": -4.890457310615067
    }
}