{
    "dataset": "Report(Bertelegni2023)",
    "gap_parameters": {
        "gap_type": "overlap",
        "perc": "100.0 %",
        "length": 3,
        "seed": 2023
    },
    "algorithm": "CDMissingValueRecovery",
    "algorithm_parameters": {
        "truncation": 4,
        "eps": 0.005443562636928096
    },
    "metrics": {
        "Missing value percentage": 1.4393420150788212,
        "Missing value percentage between 4 and 9": 0.06830601092896176,
        "Mean absolute error": 0.0253704649762577,
        "Mean square error": 0.0011208916886282,
        "Root mean square error": 0.033479720557797375,
        "Mean relative error": 0.028522938742177366,
        "Euclidean Distance": 0.11597715405863139,
        "r2 score": 0.9962454683503267,
        "Execution Time": 0.4238147735595703
    },
    "vintage_score": {
        "original": {
            "Tmean_apr_sep": 20.354001429188713,
            "Tmin_aug_sep": 16.15245901639344,
            "prec_jun_sep": 125.0,
            "vintage_score": -4.14670757438347
        },
        "missing": {
            "Tmean_apr_sep": 20.35013400790326,
            "Tmin_aug_sep": 16.15245901639344,
            "prec_jun_sep": 125.0,
            "vintage_score": -4.126372255730871
        },
        "filled": {
            "Tmean_apr_sep": 20.311904801780834,
            "Tmin_aug_sep": 16.15245901639344,
            "prec_jun_sep": 124.98728246013258,
            "vintage_score": -3.926363711423818
        },
        "Deviation missing": 0.4903967373590888,
        "Deviation filled": 5.3137063322439015,
        "Improvement": -4.823309594884813
    }
}