{
    "dataset": "Report(Bertelegni2023)",
    "gap_parameters": {
        "gap_type": "overlap",
        "perc": "0.0 %",
        "length": 6,
        "seed": 2025
    },
    "algorithm": "CDMissingValueRecovery",
    "algorithm_parameters": {
        "truncation": 4,
        "eps": 0.005443562636928096
    },
    "metrics": {
        "Missing value percentage": 1.4804660726525016,
        "Missing value percentage between 4 and 9": 0.1366120218579235,
        "Mean absolute error": 0.08554197084050448,
        "Mean square error": 0.013610013351534594,
        "Root mean square error": 0.11666196188790326,
        "Mean relative error": 0.09366542224973991,
        "Euclidean Distance": 0.5715245580347741,
        "r2 score": 0.9583663006004525,
        "Execution Time": 0.573976993560791
    },
    "vintage_score": {
        "original": {
            "Tmean_apr_sep": 20.354001429188713,
            "Tmin_aug_sep": 16.15245901639344,
            "prec_jun_sep": 125.0,
            "vintage_score": -4.14670757438347
        },
        "missing": {
            "Tmean_apr_sep": 20.360622558514763,
            "Tmin_aug_sep": 16.15245901639344,
            "prec_jun_sep": 125.0,
            "vintage_score": -4.181569341076795
        },
        "filled": {
            "Tmean_apr_sep": 20.312813451291404,
            "Tmin_aug_sep": 16.15245901639344,
            "prec_jun_sep": 124.98120586902999,
            "vintage_score": -3.9310504525329293
        },
        "Deviation missing": 0.8407095525299564,
        "Deviation filled": 5.200683143966435,
        "Improvement": -4.359973591436479
    }
}