{
    "dataset": "Report(Bertelegni2023)",
    "gap_parameters": {
        "gap_type": "overlap",
        "perc": "0.0 %",
        "length": 12,
        "seed": 2025
    },
    "algorithm": "CDMissingValueRecovery",
    "algorithm_parameters": {
        "truncation": 4,
        "eps": 0.005443562636928096
    },
    "metrics": {
        "Missing value percentage": 1.562714187799863,
        "Missing value percentage between 4 and 9": 0.273224043715847,
        "Mean absolute error": 0.10316433128216748,
        "Mean square error": 0.020092186040582622,
        "Root mean square error": 0.14174690839867593,
        "Mean relative error": 0.11981372700604451,
        "Euclidean Distance": 0.9820513886492834,
        "r2 score": 0.9404933645985067,
        "Execution Time": 0.4649231433868408
    },
    "vintage_score": {
        "original": {
            "Tmean_apr_sep": 20.354001429188713,
            "Tmin_aug_sep": 16.15245901639344,
            "prec_jun_sep": 125.0,
            "vintage_score": -4.14670757438347
        },
        "missing": {
            "Tmean_apr_sep": 20.37561865531414,
            "Tmin_aug_sep": 16.26229508196721,
            "prec_jun_sep": 125.0,
            "vintage_score": -4.305659316513385
        },
        "filled": {
            "Tmean_apr_sep": 20.31246652579074,
            "Tmin_aug_sep": 16.162595214122288,
            "prec_jun_sep": 124.94524647620054,
            "vintage_score": -3.9331407803500156
        },
        "Deviation missing": 3.8332035543535468,
        "Deviation filled": 5.150273806447691,
        "Improvement": -1.3170702520941444
    }
}