{
    "dataset": "Report(Bertelegni2023)",
    "gap_parameters": {
        "gap_type": "overlap",
        "perc": "50.0 %",
        "length": 48,
        "seed": 2024
    },
    "algorithm": "CDMissingValueRecovery",
    "algorithm_parameters": {
        "truncation": 4,
        "eps": 0.005443562636928096
    },
    "metrics": {
        "Missing value percentage": 2.0562028786840303,
        "Missing value percentage between 4 and 9": 1.092896174863388,
        "Mean absolute error": 0.6031668929986614,
        "Mean square error": 3.3126498289324657,
        "Root mean square error": 1.8200686330280147,
        "Mean relative error": 0.3711315340894859,
        "Euclidean Distance": 25.219610765335705,
        "r2 score": 0.6826261552865107,
        "Execution Time": 0.30193305015563965
    },
    "vintage_score": {
        "original": {
            "Tmean_apr_sep": 20.354001429188713,
            "Tmin_aug_sep": 16.15245901639344,
            "prec_jun_sep": 125.0,
            "vintage_score": -4.14670757438347
        },
        "missing": {
            "Tmean_apr_sep": 20.317645209935172,
            "Tmin_aug_sep": 16.10833333333333,
            "prec_jun_sep": 48.599999999999994,
            "vintage_score": -3.409766470999159
        },
        "filled": {
            "Tmean_apr_sep": 20.33188643229584,
            "Tmin_aug_sep": 16.17491269694101,
            "prec_jun_sep": 112.76603007413524,
            "vintage_score": -3.9552452462828285
        },
        "Deviation missing": 17.77171623909069,
        "Deviation filled": 4.617213166498915,
        "Improvement": 13.154503072591776
    }
}