{
    "dataset": "Report(Bertelegni2023)",
    "gap_parameters": {
        "gap_type": "overlap",
        "perc": "100.0 %",
        "length": 12,
        "seed": 2025
    },
    "algorithm": "CDMissingValueRecovery",
    "algorithm_parameters": {
        "truncation": 4,
        "eps": 0.005443562636928096
    },
    "metrics": {
        "Missing value percentage": 1.562714187799863,
        "Missing value percentage between 4 and 9": 0.273224043715847,
        "Mean absolute error": 0.09907912173697839,
        "Mean square error": 0.01975058465047474,
        "Root mean square error": 0.14053677330319897,
        "Mean relative error": 0.1150692172018659,
        "Euclidean Distance": 0.9736673267717302,
        "r2 score": 0.9415050787710081,
        "Execution Time": 0.3938727378845215
    },
    "vintage_score": {
        "original": {
            "Tmean_apr_sep": 20.354001429188713,
            "Tmin_aug_sep": 16.15245901639344,
            "prec_jun_sep": 125.0,
            "vintage_score": -4.14670757438347
        },
        "missing": {
            "Tmean_apr_sep": 20.37561865531414,
            "Tmin_aug_sep": 16.26229508196721,
            "prec_jun_sep": 125.0,
            "vintage_score": -4.305659316513385
        },
        "filled": {
            "Tmean_apr_sep": 20.312309424933883,
            "Tmin_aug_sep": 16.16049799434364,
            "prec_jun_sep": 124.998116158127,
            "vintage_score": -3.9318313917698617
        },
        "Deviation missing": 3.8332035543535468,
        "Deviation filled": 5.181850389958008,
        "Improvement": -1.3486468356044612
    }
}