{
    "dataset": "Report(Bertelegni2023)",
    "gap_parameters": {
        "gap_type": "overlap",
        "perc": "50.0 %",
        "length": 6,
        "seed": 2025
    },
    "algorithm": "CDMissingValueRecovery",
    "algorithm_parameters": {
        "truncation": 4,
        "eps": 0.005443562636928096
    },
    "metrics": {
        "Missing value percentage": 1.4804660726525016,
        "Missing value percentage between 4 and 9": 0.1366120218579235,
        "Mean absolute error": 0.08498510323418057,
        "Mean square error": 0.013606102194941556,
        "Root mean square error": 0.11664519790776454,
        "Mean relative error": 0.09305567198363038,
        "Euclidean Distance": 0.5714424316399781,
        "r2 score": 0.9583782650205962,
        "Execution Time": 0.3923051357269287
    },
    "vintage_score": {
        "original": {
            "Tmean_apr_sep": 20.354001429188713,
            "Tmin_aug_sep": 16.15245901639344,
            "prec_jun_sep": 125.0,
            "vintage_score": -4.14670757438347
        },
        "missing": {
            "Tmean_apr_sep": 20.360622558514763,
            "Tmin_aug_sep": 16.15245901639344,
            "prec_jun_sep": 125.0,
            "vintage_score": -4.181569341076795
        },
        "filled": {
            "Tmean_apr_sep": 20.312813291424753,
            "Tmin_aug_sep": 16.15245901639344,
            "prec_jun_sep": 124.98789347519433,
            "vintage_score": -3.931095885318342
        },
        "Deviation missing": 0.8407095525299564,
        "Deviation filled": 5.199587508824628,
        "Improvement": -4.358877956294672
    }
}