{
    "dataset": "Report(Bertelegni2023)",
    "gap_parameters": {
        "gap_type": "overlap",
        "perc": "0.0 %",
        "length": 48,
        "seed": 2025
    },
    "algorithm": "CDMissingValueRecovery",
    "algorithm_parameters": {
        "truncation": 4,
        "eps": 0.005443562636928096
    },
    "metrics": {
        "Missing value percentage": 2.0562028786840303,
        "Missing value percentage between 4 and 9": 1.092896174863388,
        "Mean absolute error": 0.1314726774960583,
        "Mean square error": 0.034973067259027414,
        "Root mean square error": 0.1870108747079362,
        "Mean relative error": 0.10765302273913267,
        "Euclidean Distance": 2.591298692496351,
        "r2 score": 0.9534975311289745,
        "Execution Time": 0.3371162414550781
    },
    "vintage_score": {
        "original": {
            "Tmean_apr_sep": 20.354001429188713,
            "Tmin_aug_sep": 16.15245901639344,
            "prec_jun_sep": 125.0,
            "vintage_score": -4.14670757438347
        },
        "missing": {
            "Tmean_apr_sep": 20.275245942535907,
            "Tmin_aug_sep": 16.081666666666663,
            "prec_jun_sep": 125.0,
            "vintage_score": -3.7076603686328724
        },
        "filled": {
            "Tmean_apr_sep": 20.302990497400746,
            "Tmin_aug_sep": 16.16995913036488,
            "prec_jun_sep": 125.01988712635395,
            "vintage_score": -3.8874128461107205
        },
        "Deviation missing": 10.587850671285272,
        "Deviation filled": 6.25302661500796,
        "Improvement": 4.334824056277312
    }
}