{
    "dataset": "Report(Bertelegni2023)",
    "gap_parameters": {
        "gap_type": "overlap",
        "perc": "50.0 %",
        "length": 3,
        "seed": 2023
    },
    "algorithm": "CDMissingValueRecovery",
    "algorithm_parameters": {
        "truncation": 4,
        "eps": 0.005443562636928096
    },
    "metrics": {
        "Missing value percentage": 1.4393420150788212,
        "Missing value percentage between 4 and 9": 0.06830601092896176,
        "Mean absolute error": 0.02569920161527583,
        "Mean square error": 0.001123114807576845,
        "Root mean square error": 0.033512905090082014,
        "Mean relative error": 0.028892523415765266,
        "Euclidean Distance": 0.11609210865051621,
        "r2 score": 0.9962380218052783,
        "Execution Time": 0.4636857509613037
    },
    "vintage_score": {
        "original": {
            "Tmean_apr_sep": 20.354001429188713,
            "Tmin_aug_sep": 16.15245901639344,
            "prec_jun_sep": 125.0,
            "vintage_score": -4.14670757438347
        },
        "missing": {
            "Tmean_apr_sep": 20.35013400790326,
            "Tmin_aug_sep": 16.15245901639344,
            "prec_jun_sep": 125.0,
            "vintage_score": -4.126372255730871
        },
        "filled": {
            "Tmean_apr_sep": 20.311918180936182,
            "Tmin_aug_sep": 16.15245901639344,
            "prec_jun_sep": 124.98525165936869,
            "vintage_score": -3.926419281793187
        },
        "Deviation missing": 0.4903967373590888,
        "Deviation filled": 5.312366224016533,
        "Improvement": -4.821969486657444
    }
}