{
    "dataset": "Report(Bertelegni2023)",
    "gap_parameters": {
        "gap_type": "overlap",
        "perc": "100.0 %",
        "length": 12,
        "seed": 2024
    },
    "algorithm": "CDMissingValueRecovery",
    "algorithm_parameters": {
        "truncation": 4,
        "eps": 0.005443562636928096
    },
    "metrics": {
        "Missing value percentage": 1.562714187799863,
        "Missing value percentage between 4 and 9": 0.273224043715847,
        "Mean absolute error": 0.202556260970062,
        "Mean square error": 0.07035329428619809,
        "Root mean square error": 0.26524195423461594,
        "Mean relative error": 0.1457851402275809,
        "Euclidean Distance": 1.837650164132874,
        "r2 score": 0.905454706471799,
        "Execution Time": 0.3101472854614258
    },
    "vintage_score": {
        "original": {
            "Tmean_apr_sep": 20.354001429188713,
            "Tmin_aug_sep": 16.15245901639344,
            "prec_jun_sep": 125.0,
            "vintage_score": -4.14670757438347
        },
        "missing": {
            "Tmean_apr_sep": 20.33799505396103,
            "Tmin_aug_sep": 16.15245901639344,
            "prec_jun_sep": 125.0,
            "vintage_score": -4.0626762555019695
        },
        "filled": {
            "Tmean_apr_sep": 20.30576988506004,
            "Tmin_aug_sep": 16.15245901639344,
            "prec_jun_sep": 125.00357506254286,
            "vintage_score": -3.89457853082493
        },
        "Deviation missing": 2.0264587597304597,
        "Deviation filled": 6.080222418288715,
        "Improvement": -4.053763658558255
    }
}