{
    "dataset": "Report(Bertelegni2023)",
    "gap_parameters": {
        "gap_type": "overlap",
        "perc": "0.0 %",
        "length": 24,
        "seed": 2024
    },
    "algorithm": "CDMissingValueRecovery",
    "algorithm_parameters": {
        "truncation": 4,
        "eps": 0.005443562636928096
    },
    "metrics": {
        "Missing value percentage": 1.7272104180945853,
        "Missing value percentage between 4 and 9": 0.546448087431694,
        "Mean absolute error": 0.16480518770327462,
        "Mean square error": 0.05282825415013159,
        "Root mean square error": 0.22984397784177768,
        "Mean relative error": 0.14806050238947957,
        "Euclidean Distance": 2.2520018646556856,
        "r2 score": 0.9110286947151769,
        "Execution Time": 0.33415865898132324
    },
    "vintage_score": {
        "original": {
            "Tmean_apr_sep": 20.354001429188713,
            "Tmin_aug_sep": 16.15245901639344,
            "prec_jun_sep": 125.0,
            "vintage_score": -4.14670757438347
        },
        "missing": {
            "Tmean_apr_sep": 20.337084307148643,
            "Tmin_aug_sep": 16.15245901639344,
            "prec_jun_sep": 125.0,
            "vintage_score": -4.057905418629332
        },
        "filled": {
            "Tmean_apr_sep": 20.303808669409488,
            "Tmin_aug_sep": 16.15245901639344,
            "prec_jun_sep": 125.04906629668739,
            "vintage_score": -3.884706873687236
        },
        "Deviation missing": 2.1415099608836274,
        "Deviation filled": 6.318282540943053,
        "Improvement": -4.176772580059426
    }
}