{
    "dataset": "Report(Bertelegni2023)",
    "gap_parameters": {
        "gap_type": "overlap",
        "perc": "0.0 %",
        "length": 24,
        "seed": 2023
    },
    "algorithm": "CDMissingValueRecovery",
    "algorithm_parameters": {
        "truncation": 4,
        "eps": 0.005443562636928096
    },
    "metrics": {
        "Missing value percentage": 1.7272104180945853,
        "Missing value percentage between 4 and 9": 0.546448087431694,
        "Mean absolute error": 0.10611245933996287,
        "Mean square error": 0.021746541259799135,
        "Root mean square error": 0.147467085343812,
        "Mean relative error": 0.22614389108104424,
        "Euclidean Distance": 1.4448764517912038,
        "r2 score": 0.9313697308998747,
        "Execution Time": 0.3284261226654053
    },
    "vintage_score": {
        "original": {
            "Tmean_apr_sep": 20.354001429188713,
            "Tmin_aug_sep": 16.15245901639344,
            "prec_jun_sep": 125.0,
            "vintage_score": -4.14670757438347
        },
        "missing": {
            "Tmean_apr_sep": 20.36559068237633,
            "Tmin_aug_sep": 16.270491803278688,
            "prec_jun_sep": 125.0,
            "vintage_score": -4.256030355559972
        },
        "filled": {
            "Tmean_apr_sep": 20.312858681942306,
            "Tmin_aug_sep": 16.205197485287986,
            "prec_jun_sep": 125.01753799090463,
            "vintage_score": -3.953101975994116
        },
        "Deviation missing": 2.636375466933086,
        "Deviation filled": 4.668899239130433,
        "Improvement": -2.0325237721973473
    }
}