{
    "dataset": "Report(Bertelegni2023)",
    "gap_parameters": {
        "gap_type": "overlap",
        "perc": "100.0 %",
        "length": 48,
        "seed": 2025
    },
    "algorithm": "CDMissingValueRecovery",
    "algorithm_parameters": {
        "truncation": 4,
        "eps": 0.005443562636928096
    },
    "metrics": {
        "Missing value percentage": 2.0562028786840303,
        "Missing value percentage between 4 and 9": 1.092896174863388,
        "Mean absolute error": 0.12960779667790912,
        "Mean square error": 0.03499501126503433,
        "Root mean square error": 0.1870695359085341,
        "Mean relative error": 0.10612601301402835,
        "Euclidean Distance": 2.5921115259352994,
        "r2 score": 0.9534683529488428,
        "Execution Time": 0.3365752696990967
    },
    "vintage_score": {
        "original": {
            "Tmean_apr_sep": 20.354001429188713,
            "Tmin_aug_sep": 16.15245901639344,
            "prec_jun_sep": 125.0,
            "vintage_score": -4.14670757438347
        },
        "missing": {
            "Tmean_apr_sep": 20.275245942535907,
            "Tmin_aug_sep": 16.081666666666663,
            "prec_jun_sep": 125.0,
            "vintage_score": -3.7076603686328724
        },
        "filled": {
            "Tmean_apr_sep": 20.302964592960173,
            "Tmin_aug_sep": 16.1699326410157,
            "prec_jun_sep": 125.02628593851706,
            "vintage_score": -3.8873118001585567
        },
        "Deviation missing": 10.587850671285272,
        "Deviation filled": 6.255463390458151,
        "Improvement": 4.332387280827121
    }
}