{
    "dataset": "Report(Bertelegni2023)",
    "gap_parameters": {
        "gap_type": "overlap",
        "perc": "100.0 %",
        "length": 3,
        "seed": 2025
    },
    "algorithm": "CDMissingValueRecovery",
    "algorithm_parameters": {
        "truncation": 4,
        "eps": 0.005443562636928096
    },
    "metrics": {
        "Missing value percentage": 1.4393420150788212,
        "Missing value percentage between 4 and 9": 0.06830601092896176,
        "Mean absolute error": 0.11940956362758962,
        "Mean square error": 0.022038023507878327,
        "Root mean square error": 0.14845209162513787,
        "Mean relative error": 0.11864579780715806,
        "Euclidean Distance": 0.5142531303692395,
        "r2 score": 0.9418100320726474,
        "Execution Time": 0.3808169364929199
    },
    "vintage_score": {
        "original": {
            "Tmean_apr_sep": 20.354001429188713,
            "Tmin_aug_sep": 16.15245901639344,
            "prec_jun_sep": 125.0,
            "vintage_score": -4.14670757438347
        },
        "missing": {
            "Tmean_apr_sep": 20.356307994485302,
            "Tmin_aug_sep": 16.15245901639344,
            "prec_jun_sep": 125.0,
            "vintage_score": -4.158845413171321
        },
        "filled": {
            "Tmean_apr_sep": 20.312942134649443,
            "Tmin_aug_sep": 16.15245901639344,
            "prec_jun_sep": 125.00341398167836,
            "vintage_score": -3.9318738707277703
        },
        "Deviation missing": 0.29271026640106024,
        "Deviation filled": 5.180825987895732,
        "Improvement": -4.888115721494672
    }
}