{
    "dataset": "Report(Bertelegni2023)",
    "gap_parameters": {
        "gap_type": "overlap",
        "perc": "0.0 %",
        "length": 48,
        "seed": 2023
    },
    "algorithm": "CDMissingValueRecovery",
    "algorithm_parameters": {
        "truncation": 4,
        "eps": 0.005443562636928096
    },
    "metrics": {
        "Missing value percentage": 2.0562028786840303,
        "Missing value percentage between 4 and 9": 1.092896174863388,
        "Mean absolute error": 0.10322738568195321,
        "Mean square error": 0.020010909506076275,
        "Root mean square error": 0.14145992190750098,
        "Mean relative error": 0.21481765024751204,
        "Euclidean Distance": 1.960126175828144,
        "r2 score": 0.9377207230412802,
        "Execution Time": 0.35709476470947266
    },
    "vintage_score": {
        "original": {
            "Tmean_apr_sep": 20.354001429188713,
            "Tmin_aug_sep": 16.15245901639344,
            "prec_jun_sep": 125.0,
            "vintage_score": -4.14670757438347
        },
        "missing": {
            "Tmean_apr_sep": 20.365752658042624,
            "Tmin_aug_sep": 16.31,
            "prec_jun_sep": 125.0,
            "vintage_score": -4.273039935105288
        },
        "filled": {
            "Tmean_apr_sep": 20.31238421386266,
            "Tmin_aug_sep": 16.20620390987269,
            "prec_jun_sep": 125.07675973725736,
            "vintage_score": -3.9514538109837645
        },
        "Deviation missing": 3.046570283910153,
        "Deviation filled": 4.708645591647141,
        "Improvement": -1.6620753077369876
    }
}