{
    "dataset": "Report(Barbieri2023)",
    "gap_parameters": {
        "gap_type": "overlap",
        "perc": "100.0 %",
        "length": 48,
        "seed": 2025
    },
    "algorithm": "CDMissingValueRecovery",
    "algorithm_parameters": {
        "truncation": 1,
        "eps": 5.673247685737722e-05
    },
    "metrics": {
        "Missing value percentage": 6.024674434544209,
        "Missing value percentage between 4 and 9": 1.092896174863388,
        "Mean absolute error": 0.10371861611721672,
        "Mean square error": 0.01799823321598777,
        "Root mean square error": 0.13415749407315183,
        "Mean relative error": 0.0871396024794685,
        "Euclidean Distance": 1.858940767606561,
        "r2 score": 0.9725415694634111,
        "Execution Time": 0.32526350021362305
    },
    "vintage_score": {
        "original": {
            "Tmean_apr_sep": 21.284699453551912,
            "Tmin_aug_sep": 18.38196721311475,
            "prec_jun_sep": 132.3,
            "vintage_score": -10.593158555185312
        },
        "missing": {
            "Tmean_apr_sep": 21.213792457542457,
            "Tmin_aug_sep": 18.274999999999995,
            "prec_jun_sep": 132.3,
            "vintage_score": -10.090192203314103
        },
        "filled": {
            "Tmean_apr_sep": 21.29194640996623,
            "Tmin_aug_sep": 18.383047018638386,
            "prec_jun_sep": 131.43568238885376,
            "vintage_score": -10.634940048632473
        },
        "Deviation missing": 4.748030054029619,
        "Deviation filled": 0.3944195985503197,
        "Improvement": 4.353610455479299
    }
}