{
    "dataset": "Report(Barbieri2023)",
    "gap_parameters": {
        "gap_type": "overlap",
        "perc": "100.0 %",
        "length": 6,
        "seed": 2025
    },
    "algorithm": "CDMissingValueRecovery",
    "algorithm_parameters": {
        "truncation": 1,
        "eps": 5.673247685737722e-05
    },
    "metrics": {
        "Missing value percentage": 5.44893762851268,
        "Missing value percentage between 4 and 9": 0.1366120218579235,
        "Mean absolute error": 0.07066172441329777,
        "Mean square error": 0.007648299837948273,
        "Root mean square error": 0.08745455870306747,
        "Mean relative error": 0.06213893490738037,
        "Euclidean Distance": 0.42843808900559505,
        "r2 score": 0.9844692419426988,
        "Execution Time": 0.27879810333251953
    },
    "vintage_score": {
        "original": {
            "Tmean_apr_sep": 21.284699453551912,
            "Tmin_aug_sep": 18.38196721311475,
            "prec_jun_sep": 132.3,
            "vintage_score": -10.593158555185312
        },
        "missing": {
            "Tmean_apr_sep": 21.287715267428382,
            "Tmin_aug_sep": 18.38196721311475,
            "prec_jun_sep": 132.3,
            "vintage_score": -10.612841775918639
        },
        "filled": {
            "Tmean_apr_sep": 21.28382371136828,
            "Tmin_aug_sep": 18.38196721311475,
            "prec_jun_sep": 132.2528541519486,
            "vintage_score": -10.587119034356903
        },
        "Deviation missing": 0.18581068744309906,
        "Deviation filled": 0.05701340914464904,
        "Improvement": 0.12879727829845003
    }
}