{
    "dataset": "Report(Barbieri2023)",
    "gap_parameters": {
        "gap_type": "overlap",
        "perc": "0.0 %",
        "length": 48,
        "seed": 2024
    },
    "algorithm": "CDMissingValueRecovery",
    "algorithm_parameters": {
        "truncation": 1,
        "eps": 5.673247685737722e-05
    },
    "metrics": {
        "Missing value percentage": 6.024674434544209,
        "Missing value percentage between 4 and 9": 1.092896174863388,
        "Mean absolute error": 0.1320108871509916,
        "Mean square error": 0.04543676062662415,
        "Root mean square error": 0.21315900315638595,
        "Mean relative error": 0.18921772788137226,
        "Euclidean Distance": 2.9536177884607686,
        "r2 score": 0.8855141734772333,
        "Execution Time": 0.30884361267089844
    },
    "vintage_score": {
        "original": {
            "Tmean_apr_sep": 21.284699453551912,
            "Tmin_aug_sep": 18.38196721311475,
            "prec_jun_sep": 132.3,
            "vintage_score": -10.593158555185312
        },
        "missing": {
            "Tmean_apr_sep": 21.26070283882784,
            "Tmin_aug_sep": 18.386666666666663,
            "prec_jun_sep": 132.3,
            "vintage_score": -10.438902318472714
        },
        "filled": {
            "Tmean_apr_sep": 21.291058937230638,
            "Tmin_aug_sep": 18.254070535569664,
            "prec_jun_sep": 131.1374691620208,
            "vintage_score": -10.57433990243453
        },
        "Deviation missing": 1.4561873676203052,
        "Deviation filled": 0.17764911808640232,
        "Improvement": 1.2785382495339028
    }
}