{
    "dataset": "Report(Barbieri2023)",
    "gap_parameters": {
        "gap_type": "overlap",
        "perc": "100.0 %",
        "length": 6,
        "seed": 2024
    },
    "algorithm": "CDMissingValueRecovery",
    "algorithm_parameters": {
        "truncation": 1,
        "eps": 5.673247685737722e-05
    },
    "metrics": {
        "Missing value percentage": 5.44893762851268,
        "Missing value percentage between 4 and 9": 0.1366120218579235,
        "Mean absolute error": 0.1578160531488171,
        "Mean square error": 0.03268422360241342,
        "Root mean square error": 0.18078778609854546,
        "Mean relative error": 0.12757788370263898,
        "Euclidean Distance": 0.885675655337751,
        "r2 score": 0.943469362245061,
        "Execution Time": 0.30225229263305664
    },
    "vintage_score": {
        "original": {
            "Tmean_apr_sep": 21.284699453551912,
            "Tmin_aug_sep": 18.38196721311475,
            "prec_jun_sep": 132.3,
            "vintage_score": -10.593158555185312
        },
        "missing": {
            "Tmean_apr_sep": 21.280813600485732,
            "Tmin_aug_sep": 18.38196721311475,
            "prec_jun_sep": 132.3,
            "vintage_score": -10.567815086133919
        },
        "filled": {
            "Tmean_apr_sep": 21.28684249982194,
            "Tmin_aug_sep": 18.38196721311475,
            "prec_jun_sep": 132.15003858777297,
            "vintage_score": -10.606106807079044
        },
        "Deviation missing": 0.239243743208084,
        "Deviation filled": 0.12223221078281846,
        "Improvement": 0.11701153242526555
    }
}