{
    "dataset": "Report(Barbieri2023)",
    "gap_parameters": {
        "gap_type": "overlap",
        "perc": "100.0 %",
        "length": 24,
        "seed": 2025
    },
    "algorithm": "CDMissingValueRecovery",
    "algorithm_parameters": {
        "truncation": 1,
        "eps": 5.673247685737722e-05
    },
    "metrics": {
        "Missing value percentage": 5.6956819739547635,
        "Missing value percentage between 4 and 9": 0.546448087431694,
        "Mean absolute error": 0.08383121058794545,
        "Mean square error": 0.00975409591146496,
        "Root mean square error": 0.0987628265668058,
        "Mean relative error": 0.06363953398483897,
        "Euclidean Distance": 0.967674122574664,
        "r2 score": 0.9878483561028355,
        "Execution Time": 0.2749767303466797
    },
    "vintage_score": {
        "original": {
            "Tmean_apr_sep": 21.284699453551912,
            "Tmin_aug_sep": 18.38196721311475,
            "prec_jun_sep": 132.3,
            "vintage_score": -10.593158555185312
        },
        "missing": {
            "Tmean_apr_sep": 21.27610324557046,
            "Tmin_aug_sep": 18.447540983606554,
            "prec_jun_sep": 132.3,
            "vintage_score": -10.563934838011932
        },
        "filled": {
            "Tmean_apr_sep": 21.286387702954322,
            "Tmin_aug_sep": 18.384872643357628,
            "prec_jun_sep": 131.7461481790523,
            "vintage_score": -10.601532162943187
        },
        "Deviation missing": 0.2758734991186867,
        "Deviation filled": 0.0790473182691675,
        "Improvement": 0.1968261808495192
    }
}